name,adname,type,rating,cost,性价比,cluster,餐厅类型
很久以前羊肉串(杭州来福士店),上城区,餐饮服务;中餐厅;特色/地方风味餐厅,4.6,87,1.0273964614690458,1,大众品质型
上房火鍋(杭州来福士中心店),上城区,餐饮服务;中餐厅;火锅店,4.7,487,0.7592504891682894,2,高消费高品质型
八合里潮汕鲜牛肉火锅(杭州来福士店),上城区,餐饮服务;中餐厅;火锅店,4.6,105,0.9863964999152313,1,大众品质型
泉市鲜活牛肉店(钱江新城店),上城区,餐饮服务;中餐厅;中餐厅,4.7,111,0.9960795007480808,1,大众品质型
牛New寿喜烧(来福士店),上城区,餐饮服务;外国餐厅;日本料理,4.7,172,0.9120384348167367,1,大众品质型
西子火锅(来福士店),上城区,餐饮服务;中餐厅;火锅店,4.7,569,0.7406664568762473,2,高消费高品质型
巴芬港海鲜姿造(来福士店),上城区,餐饮服务;中餐厅;海鲜酒楼,4.7,1450,0.6456036637235896,2,高消费高品质型
粤榕轩·君宴,上城区,餐饮服务;中餐厅;中餐厅,4.7,498,0.7565263156172235,2,高消费高品质型
極上萬膳·日料放题(来福士中心店),上城区,餐饮服务;中餐厅;中餐厅,4.7,349,0.8023307668512372,2,高消费高品质型
3号仓库·创意中国菜(钱江新城店),上城区,餐饮服务;中餐厅;中餐厅,4.7,106,1.0058147144910827,1,大众品质型
左庭右院鲜牛肉火锅(来福士店),上城区,餐饮服务;中餐厅;火锅店,4.6,133,0.9391895586389133,1,大众品质型
席作·福建会馆(杭州高德置地广场店),上城区,餐饮服务;中餐厅;福建菜,4.7,441,0.771591019171211,2,高消费高品质型
南马道斑鱼鲜火锅(杭州来福士中心店),上城区,餐饮服务;中餐厅;火锅店,4.5,120,0.9383228807045542,1,大众品质型
肯德基(杭州来福士店),上城区,餐饮服务;快餐厅;肯德基,4.4,29,1.2936620566989068,0,平价高性价比型
杭州酒家(钱江新城市民中心店),上城区,餐饮服务;中餐厅;中餐厅,4.5,67,1.0664751232661125,1,大众品质型
杭儿风餐厅(来福士店),上城区,餐饮服务;中餐厅;浙江菜,4.6,135,0.9363572461310381,1,大众品质型
阿毛饭店·传统宁波菜(杭州来福士中心店),上城区,餐饮服务;餐饮相关场所;餐饮相关,4.7,104,1.0098925745770306,1,大众品质型
王胜利长沙家菜馆(杭州首店),上城区,餐饮服务;中餐厅;中餐厅,4.6,54,1.1478955672943743,1,大众品质型
鮨冠omakase(杭州首店),上城区,餐饮服务;外国餐厅;日本料理,4.6,1020,0.6639207464438025,2,高消费高品质型
肯德基(杭州砂之船奥莱店),上城区,餐饮服务;快餐厅;快餐厅,4.3,24,1.3358701093031655,0,平价高性价比型
杭越小鲜(杭州来福士中心店),上城区,餐饮服务;中餐厅;特色/地方风味餐厅,4.6,144,0.9243010050528965,1,大众品质型
鸟鸟私房面(来福士臻选店),上城区,餐饮服务;中餐厅;中餐厅,4.5,25,1.381174543935607,0,平价高性价比型
向东海·台州菜·小海鲜(杭州来福士中心店),上城区,餐饮服务;中餐厅;海鲜酒楼,4.6,121,0.9575311925502639,1,大众品质型
麦当劳(杭州高德置地广场餐厅),上城区,餐饮服务;快餐厅;快餐厅,4.5,27,1.3504573282518588,0,平价高性价比型
月龙吟(悦坊商场店),上城区,餐饮服务;外国餐厅;日本料理,4.8,349,0.8194016342310506,2,高消费高品质型
木屋烧烤(上城平安金融中心店),上城区,餐饮服务;中餐厅;特色/地方风味餐厅,4.5,82,1.0183666711264046,1,大众品质型
蝴蝶里(杭州来福士店),上城区,餐饮服务;中餐厅;火锅店,4.6,65,1.0979424996187397,1,大众品质型
王品牛排(杭州平安悦坊店),上城区,餐饮服务;外国餐厅;牛扒店(扒房),4.7,246,0.8530892565247337,1,大众品质型
杭州康莱德酒店·里安(新业路店),上城区,餐饮服务;中餐厅;浙江菜,4.6,703,0.7015640532792661,2,高消费高品质型
瑞四季·新潮粤菜(杭州来福士中心店),上城区,餐饮服务;餐饮相关场所;餐饮相关,4.6,587,0.7213732119290248,2,高消费高品质型
湖上牧云(杭州来福士中心店),上城区,餐饮服务;中餐厅;中餐厅,4.6,518,0.735775866994074,2,高消费高品质型
麦当劳(悦坊商场店),上城区,餐饮服务;餐饮相关场所;餐饮相关,4.5,32,1.2869985037620346,0,平价高性价比型
寿司郎(杭州来福士店),上城区,餐饮服务;外国餐厅;日本料理,4.4,107,0.9397429902242391,1,大众品质型
孔岳冒菜(高德置地店),上城区,餐饮服务;中餐厅;中餐厅,4.5,47,1.1624299506329794,1,大众品质型
杭台荟·台州海鲜(杭州来福士中心店),上城区,餐饮服务;中餐厅;海鲜酒楼,4.6,414,0.7630702504143688,2,高消费高品质型
鹊拾湘·金奖现炒黄牛肉(杭州来福士店),上城区,餐饮服务;中餐厅;湖南菜(湘菜),4.5,75,1.0390849877869595,1,大众品质型
新发现·甄选(来福士店),上城区,餐饮服务;中餐厅;浙江菜|生活服务;美容美发店;美容美发店,4.4,65,1.0502058692005338,1,大众品质型
喜鹤楟日料(来福士康莱德酒店),上城区,餐饮服务;餐饮相关场所;餐饮相关,4.6,568,0.7251082437264605,2,高消费高品质型
麦当劳(钱江新城迪凯银座),上城区,餐饮服务;快餐厅;麦当劳,4.5,35,1.2557489097403063,0,平价高性价比型
肉肉大米(杭州万象城店),上城区,餐饮服务;外国餐厅;日本料理,4.6,84,1.0354177571961811,1,大众品质型
O'eat Gastronomy(杭州万象城店),上城区,餐饮服务;外国餐厅;外国餐厅,4.7,138,0.9524824862167367,1,大众品质型
樨香(钱江新城店),上城区,餐饮服务;餐饮相关场所;餐饮相关,4.6,233,0.843213424604865,1,大众品质型
东富酒家(平安金融中心店),上城区,餐饮服务;中餐厅;中餐厅,4.7,450,0.7690460799194033,2,高消费高品质型
BlueFrog 蓝蛙X 臻选,上城区,餐饮服务;外国餐厅;西餐厅(综合风味),4.6,124,0.9527135663247379,1,大众品质型
文兴酒家(悦坊商场店),上城区,餐饮服务;中餐厅;中餐厅,4.7,260,0.8446370317583851,1,大众品质型
荣小馆(杭州万象城店),上城区,餐饮服务;中餐厅;中餐厅,4.7,229,0.8642757365248239,1,大众品质型
The boots泥靴City(杭州平安悦坊店),上城区,餐饮服务;餐饮相关场所;餐饮相关,4.6,182,0.883004554583759,1,大众品质型
香芙茗楼(万象城店),上城区,餐饮服务;中餐厅;中餐厅,4.7,151,0.9355318026568596,1,大众品质型
雍容荟帝王蟹活龙虾展台自助(杭州万象城黑金店),上城区,餐饮服务;中餐厅;中餐厅,4.7,527,0.7497093340575368,2,高消费高品质型
牛排家(杭州万象城店),上城区,餐饮服务;外国餐厅;外国餐厅,4.7,318,0.8152375031817576,2,高消费高品质型
椿芽·鲜牛肉杭州拌川(杭州万象城店),上城区,餐饮服务;餐饮相关场所;餐饮相关,4.6,46,1.194759389992449,1,大众品质型
黑牛的店(杭州万象城店),上城区,餐饮服务;外国餐厅;日本料理,4.5,253,0.8126654059522638,1,大众品质型
gaga,上城区,购物服务;服装鞋帽皮具店;服装鞋帽皮具店|餐饮服务;餐饮相关场所;餐饮相关,4.7,140,0.9497328834114926,1,大众品质型
玖五京菜(杭州万象城店),上城区,餐饮服务;中餐厅;中餐厅,4.7,208,0.8797652446159518,1,大众品质型
潮Marée·潮州菜(杭州万象城店),上城区,餐饮服务;中餐厅;中餐厅,4.5,137,0.913287662365699,1,大众品质型
富贵椰Thai Bistro泰式料理(万象城店),上城区,餐饮服务;外国餐厅;外国餐厅,4.7,134,0.9581522365799501,1,大众品质型
奉天小馆·品质东北菜(杭州首店),上城区,餐饮服务;中餐厅;中餐厅,4.6,131,0.9420820407892824,1,大众品质型
太二酸菜鱼(杭州万象城店),上城区,餐饮服务;中餐厅;火锅店,4.5,80,1.024019129955192,1,大众品质型
必胜客(杭州钱江时代店),上城区,餐饮服务;快餐厅;快餐厅,4.3,38,1.173721207760409,0,平价高性价比型
BROWNSTONE布朗石西班牙餐厅酒吧(杭州万象城店),上城区,餐饮服务;外国餐厅;外国餐厅,4.7,175,0.909005811546917,1,大众品质型
锦香来(钱江新城店),上城区,餐饮服务;中餐厅;浙江菜,4.6,251,0.8319122873624332,1,大众品质型
醉玖兰亭·精细绍兴菜(杭州万象城店),上城区,餐饮服务;中餐厅;中餐厅,4.6,235,0.8419000006129285,1,大众品质型
Shake Shack(杭州万象城店),上城区,餐饮服务;快餐厅;快餐厅,4.7,65,1.121810814827843,1,大众品质型
大渔臻选·棠膳(杭州万象城店),上城区,餐饮服务;外国餐厅;日本料理,4.6,274,0.8189758706583256,2,高消费高品质型
王繁星面馆(杭州万象城店),上城区,餐饮服务;中餐厅;中餐厅,4.5,38,1.2283128918422883,1,大众品质型
T-yoogee,上城区,餐饮服务;餐饮相关场所;餐饮相关,4.7,114,0.9905305013543473,1,大众品质型
达美乐比萨(城星路店),上城区,餐饮服务;快餐厅;快餐厅,4.4,75,1.0159942102805826,1,大众品质型
升鼎荟,上城区,餐饮服务;中餐厅;中餐厅,4.7,253,0.8487838684390311,1,大众品质型
野果yeego(杭州万象城店),上城区,餐饮服务;中餐厅;中餐厅,4.6,143,0.9255880900782426,1,大众品质型
舟舢海鲜小馆·舟山小海鲜(钱江新城店),上城区,餐饮服务;中餐厅;海鲜酒楼,4.6,98,1.0010620288533425,1,大众品质型
麦当劳(杭州麦当劳江干区尊宝大厦餐厅),上城区,餐饮服务;快餐厅;麦当劳,4.4,31,1.269571635982288,0,平价高性价比型
尹目·烧鸟居酒屋,上城区,餐饮服务;外国餐厅;日本料理,4.6,144,0.9243010050528965,1,大众品质型
楼外楼(城市阳台店),上城区,餐饮服务;中餐厅;中餐厅,4.5,104,0.9669184224673698,1,大众品质型
杭州柏悦酒店悦轩中餐厅,上城区,餐饮服务;中餐厅;中餐厅,4.7,631,0.7288076617139403,2,高消费高品质型
東喜記·名厨浙宴(钱江店),上城区,餐饮服务;中餐厅;中餐厅,4.7,159,0.9260766569003624,1,大众品质型
瓷·忆赣菜中心(杭州),上城区,餐饮服务;中餐厅;中餐厅,4.8,119,1.0026126953089396,1,大众品质型
香隐钱塘(江景餐厅),上城区,餐饮服务;中餐厅;中餐厅,4.6,278,0.816875688257665,2,高消费高品质型
海底捞火锅(杭州天虹购物中心店),上城区,餐饮服务;中餐厅;火锅店,4.8,120,1.0008777394181911,1,大众品质型
藏鲜工坊(庆春店),上城区,餐饮服务;中餐厅;海鲜酒楼,4.8,120,1.0008777394181911,1,大众品质型
路小缦·九段厨林(钱江新城店),上城区,餐饮服务;中餐厅;中餐厅,4.6,128,0.9465385939324549,1,大众品质型
姜胖胖韩式自助烤肉(庆春银泰店),上城区,餐饮服务;餐饮相关场所;餐饮相关,4.5,79,1.026922101384009,1,大众品质型
喜牛吉烤肉·和牛放题(501城市广场店),上城区,餐饮服务;餐饮相关场所;餐饮相关,4.6,101,0.994600441063666,1,大众品质型
黄龙海鲜大排档(庆春店),上城区,餐饮服务;中餐厅;中餐厅,4.8,134,0.9785384543795234,1,大众品质型
竹哩·井原里,上城区,餐饮服务;外国餐厅;日本料理,4.7,410,0.780913384988322,2,高消费高品质型
大俺徽地锅鸡(太平门直街),上城区,餐饮服务;中餐厅;中餐厅,4.7,62,1.1344067500535928,1,大众品质型
云顶玺宴·现代潮粤菜,上城区,餐饮服务;中餐厅;中餐厅,4.7,380,0.7908730723220478,2,高消费高品质型
临江鲜(江鲜·蒸菜·精致浙菜),上城区,餐饮服务;中餐厅;中餐厅,4.6,250,0.8325109363292847,1,大众品质型
东北杨光?碳烤鲜牛肉(天虹店),上城区,餐饮服务;中餐厅;中餐厅,4.7,69,1.1062740410962182,1,大众品质型
兴玉·东北烧烤火锅(新塘店),上城区,餐饮服务;中餐厅;东北菜|餐饮服务;中餐厅;火锅店,4.7,77,1.0787959872845703,1,大众品质型
长风源·寻衢味(20年老店),上城区,餐饮服务;中餐厅;海鲜酒楼,4.7,88,1.0470886061729419,1,大众品质型
四季大树底衢州菜(四季青店),上城区,餐饮服务;餐饮相关场所;餐饮相关,4.7,68,1.1100334851985627,1,大众品质型
一席地·本地鸡窝(庆春银泰店),上城区,餐饮服务;中餐厅;中餐厅,4.6,65,1.0979424996187397,1,大众品质型
汉堡王(庆春广场地铁站),上城区,餐饮服务;快餐厅;快餐厅,4.3,27,1.2904370025517762,0,平价高性价比型
忙姐重庆老火锅(三新大厦店),上城区,餐饮服务;中餐厅;火锅店,4.6,106,0.9844144014168041,1,大众品质型
潮来福潮汕牛肉店(元华旺座中心店),上城区,餐饮服务;中餐厅;潮州菜,4.7,90,1.0419300342229454,1,大众品质型
麦当劳(杭州大厦501城市广场店),上城区,餐饮服务;快餐厅;麦当劳,4.6,27,1.3804674911019001,0,平价高性价比型
東大方(杭州大厦501店),上城区,餐饮服务;中餐厅;中餐厅,4.6,68,1.0864157514709336,1,大众品质型
衢八鲜?开化山水菜,上城区,餐饮服务;中餐厅;浙江菜,4.7,71,1.0989868905364402,1,大众品质型
素新风·食养自助餐厅(杭州·501广场店),上城区,餐饮服务;中餐厅;中餐厅,4.6,28,1.3660813401175023,0,平价高性价比型
西塔老太太泥炉烤肉(五福天虹购物中心A座店),上城区,餐饮服务;中餐厅;中餐厅,4.6,108,0.9805284356388981,1,大众品质型
木屋烧烤(江干天虹店),上城区,餐饮服务;中餐厅;特色/地方风味餐厅,4.6,82,1.04099704159588,1,大众品质型
问疆新疆手抓饭(太平门直街店),上城区,餐饮服务;中餐厅;特色/地方风味餐厅,4.7,45,1.227589505851854,1,大众品质型
绿茶餐厅(庆春银泰店),上城区,餐饮服务;中餐厅;江苏菜,4.4,65,1.0502058692005338,1,大众品质型
三个蒙古大叔烤羊肉串(五福天虹购物中心B座店),上城区,餐饮服务;中餐厅;特色/地方风味餐厅,4.7,132,0.9610765769005598,1,大众品质型
苏面坊·蟹黄面·蟹黄火锅(蜻蜓公园店),上城区,餐饮服务;中餐厅;中餐厅,4.6,139,0.9308646005938833,1,大众品质型
澳骄小屋 Aussie Kitchen(城东店),上城区,餐饮服务;外国餐厅;西餐厅(综合风味)|餐饮服务;糕饼店;糕饼店,4.6,135,0.9363572461310381,1,大众品质型
柴米夫妻四川自贡盐帮菜(新塘店),上城区,餐饮服务;中餐厅;四川菜(川菜),4.7,71,1.0989868905364402,1,大众品质型
名人名家·浙菜(秋涛北路店),上城区,餐饮服务;中餐厅;综合酒楼|餐饮服务;中餐厅;浙江菜,4.7,120,0.9800261198469788,1,大众品质型
开化食府(新塘路店)(暂停营业),上城区,餐饮服务;中餐厅;中餐厅,4.7,79,1.072563083667743,1,大众品质型
新周记·巷子里的江南味(庆春店),上城区,餐饮服务;中餐厅;浙江菜,4.7,93,1.0344915364817469,1,大众品质型
肯德基(庆春银泰店),上城区,餐饮服务;快餐厅;肯德基,4.4,43,1.1627324277203601,0,平价高性价比型
杨记旺角香港大排档,上城区,餐饮服务;中餐厅;中餐厅,4.7,159,0.9260766569003624,1,大众品质型
钱塘宴(江河汇店),上城区,餐饮服务;中餐厅;中餐厅,4.8,157,0.9481303498869907,1,大众品质型
新白鹿餐厅(庆春银泰店),上城区,餐饮服务;中餐厅;中餐厅,4.6,65,1.0979424996187397,1,大众品质型
王阿盖手工小吃(庆春银泰店),上城区,地名地址信息;普通地名;村庄级地名|餐饮服务;中餐厅;中餐厅,4.6,27,1.3804674911019001,0,平价高性价比型
新丰小吃(太平门直街分店),上城区,餐饮服务;中餐厅;中餐厅,4.5,17,1.5568931531753711,0,平价高性价比型
庆春食堂(国有资本投资大厦店),上城区,餐饮服务;餐饮相关场所;餐饮相关,4.8,97,1.0468994648991004,1,大众品质型
857铁锅炖 东北饭儿,上城区,餐饮服务;中餐厅;中餐厅,4.7,71,1.0989868905364402,1,大众品质型
炉鱼(杭州天虹购物中心店),上城区,餐饮服务;中餐厅;中餐厅,4.5,73,1.0455232210835281,1,大众品质型
八合田鲜切牛肉烤肉自助(杭州五福天虹购物中心店),上城区,餐饮服务;中餐厅;中餐厅,4.4,78,1.0069922215722815,1,大众品质型
玖十八烤鱼酒馆·龙虾·烧烤(芳塘店),上城区,餐饮服务;餐饮相关场所;餐饮相关,4.7,79,1.072563083667743,1,大众品质型
老头儿油爆虾·巷子里的烟火味(采荷店),上城区,餐饮服务;中餐厅;中餐厅,4.6,75,1.0621757652933361,1,大众品质型
头牌鹤岗小串(天虹店),上城区,餐饮服务;中餐厅;特色/地方风味餐厅,4.6,74,1.065434317138697,1,大众品质型
红盔甲·小龙虾(钱江新城店),上城区,餐饮服务;中餐厅;海鲜酒楼,4.7,175,0.909005811546917,1,大众品质型
马路边边火锅串串香(杭州总店),上城区,餐饮服务;中餐厅;火锅店,4.7,96,1.0273873086377154,1,大众品质型
旷野听风 不想上班(芳塘店),上城区,餐饮服务;中餐厅;中餐厅,4.7,101,1.0162221897824415,1,大众品质型
黔家婆酸汤鲜牛肉火锅,上城区,餐饮服务;餐饮相关场所;餐饮相关,4.5,61,1.0903449173610649,1,大众品质型
狐狸爱上椰子鸡(上城天虹店),上城区,餐饮服务;中餐厅;火锅店,4.6,84,1.0354177571961811,1,大众品质型
宋宴(之江店),上城区,餐饮服务;中餐厅;中餐厅,4.7,134,0.9581522365799501,1,大众品质型
仙鱼石缘蒸汽石锅鱼,上城区,餐饮服务;中餐厅;火锅店,4.6,68,1.0864157514709336,1,大众品质型
马丫·东北饭儿(中豪江河时代店),上城区,餐饮服务;中餐厅;中餐厅,4.7,73,1.0919909197983517,1,大众品质型
江南红楼,上城区,餐饮服务;餐饮相关场所;餐饮相关,4.6,114,0.9694553843042546,1,大众品质型
达美乐比萨(景芳路店),上城区,餐饮服务;快餐厅;快餐厅,4.4,75,1.0159942102805826,1,大众品质型
胖哥俩肉蟹煲(杭州天虹店),上城区,餐饮服务;快餐厅;肯德基,4.6,83,1.038183298664222,1,大众品质型
小菜园新徽菜(杭州江干天虹店),上城区,餐饮服务;中餐厅;安徽菜(徽菜),4.5,55,1.117914742793111,1,大众品质型
虾佬九·打边炉·夜宵排档(景芳店),上城区,餐饮服务;中餐厅;中餐厅,4.7,150,0.9367625790997657,1,大众品质型
你今天真好看(芳塘店),上城区,餐饮服务;餐饮相关场所;餐饮相关,4.7,111,0.9960795007480808,1,大众品质型
鸟剑居酒屋(五福天虹店),上城区,餐饮服务;外国餐厅;日本料理,4.5,118,0.9415952541268605,1,大众品质型
蒲记·潮州夜档(凤起东路店),上城区,餐饮服务;餐饮相关场所;餐饮相关,4.6,94,1.0101283169258553,1,大众品质型
麦当劳(中豪·江河时代店),上城区,餐饮服务;快餐厅;麦当劳,4.6,35,1.2836544410678685,1,大众品质型
小饮与食·盖饭小吃·中华料理(杭州景芳店),上城区,餐饮服务;中餐厅;中餐厅,4.6,39,1.2469911411363572,1,大众品质型
张功馆·地道桐庐菜(景芳店),上城区,餐饮服务;中餐厅;特色/地方风味餐厅,4.7,90,1.0419300342229454,1,大众品质型
名家海鲜火锅·活蟹生香(凯旋店),上城区,餐饮服务;中餐厅;火锅店,4.7,255,0.847583336522266,1,大众品质型
谢大牛馆·中式卤牛排(景芳店),上城区,餐饮服务;中餐厅;中餐厅,4.6,76,1.0589792942513956,1,大众品质型
战友龙虾(上城店),上城区,餐饮服务;中餐厅;海鲜酒楼,4.6,158,0.9074939703901196,1,大众品质型
川娃子菜馆.烤鱼小龙虾(景芳店),上城区,餐饮服务;中餐厅;四川菜(川菜),4.6,73,1.06875707044094,1,大众品质型
路小缦·望潮时鲜,上城区,餐饮服务;中餐厅;浙江菜,4.6,127,0.9480567411556045,1,大众品质型
云海肴·汽锅鸡·云南代表菜(五福天虹店),上城区,餐饮服务;中餐厅;云贵菜,4.4,70,1.0322145051750866,1,大众品质型
张十二非遗手工小吃(景芳店),上城区,餐饮服务;中餐厅;中餐厅,4.6,40,1.2386995370961986,1,大众品质型
新白鹿(杭州新塘店),上城区,餐饮服务;中餐厅;浙江菜,4.6,65,1.0979424996187397,1,大众品质型
望江门小龙虾·烧烤(杭州总店),上城区,餐饮服务;中餐厅;中餐厅,4.6,95,1.0078109309449284,1,大众品质型
矮子餐厅(紫晶商务城店),上城区,餐饮服务;中餐厅;中餐厅,4.6,70,1.0791333463194086,1,大众品质型
成渝老妈川菜(双菱路店),上城区,餐饮服务;中餐厅;四川菜(川菜),4.6,70,1.0791333463194086,1,大众品质型
风炉故事·遂昌山野土菜(凯旋路店),上城区,餐饮服务;中餐厅;中餐厅,4.7,90,1.0419300342229454,1,大众品质型
李白图书馆餐厅(秋涛北路店),上城区,餐饮服务;中餐厅;浙江菜,4.7,125,0.9718209340204937,1,大众品质型
重庆小天鹅麻辣烫(凤起路店),上城区,餐饮服务;中餐厅;特色/地方风味餐厅,4.7,41,1.2574680161695537,1,大众品质型
肯德基(新塘世纪联华店),上城区,餐饮服务;快餐厅;肯德基,4.5,34,1.2656988632822777,0,平价高性价比型
四灶儿·地道杭帮菜(望江店),上城区,餐饮服务;中餐厅;中餐厅,4.7,87,1.0497311671531557,1,大众品质型
胡须有你花园·江景餐厅(滨江奥体店),滨江区,餐饮服务;中餐厅;中餐厅,4.7,155,0.9307196073022109,1,大众品质型
观雲宴,萧山区,餐饮服务;中餐厅;中餐厅,4.7,298,0.8244972412215964,2,高消费高品质型
正大酒家(杭州上城区),上城区,餐饮服务;中餐厅;中餐厅,4.6,65,1.0979424996187397,1,大众品质型
麦当劳(映霞璟庭店),上城区,餐饮服务;快餐厅;麦当劳,4.5,31,1.298425536800067,0,平价高性价比型
鹤之乡·齐齐哈尔烤肉(秋涛路店),上城区,餐饮服务;中餐厅;中餐厅,4.6,91,1.017296567855457,1,大众品质型
菲乐餐厅(望江城投店),上城区,餐饮服务;中餐厅;中餐厅,4.7,128,0.9671155198875083,1,大众品质型
台舟半岛·台州菜·小海鲜(奥体店),萧山区,餐饮服务;中餐厅;海鲜酒楼,4.6,140,0.9295258007857161,1,大众品质型
张功馆·地道桐庐菜(钱潮店),上城区,餐饮服务;中餐厅;中餐厅,4.7,82,1.063627412065356,1,大众品质型
旷野听风不想上班(奥体店),萧山区,餐饮服务;餐饮相关场所;餐饮相关,4.7,82,1.063627412065356,1,大众品质型
陈先进鱼馆(凤起店),上城区,餐饮服务;中餐厅;中餐厅,4.7,86,1.052417531916429,1,大众品质型
麦当劳(杭州城投大厦店),上城区,餐饮服务;快餐厅;麦当劳,4.5,32,1.2869985037620346,0,平价高性价比型
带你去趟佳木斯·非遗烧烤(杭州首店),萧山区,餐饮服务;中餐厅;特色/地方风味餐厅,4.7,81,1.0665530832076082,1,大众品质型
BM南法餐厅(杭罐1958店),上城区,餐饮服务;外国餐厅;外国餐厅,4.6,121,0.9575311925502639,1,大众品质型
六丁火烤肉(杭州首店),萧山区,餐饮服务;中餐厅;中餐厅,4.7,92,1.0369325609067406,1,大众品质型
碳二鹤岗小串(景芳店),上城区,餐饮服务;中餐厅;中餐厅,4.7,75,1.0852665427997132,1,大众品质型
外婆家(杭州望江店),上城区,餐饮服务;中餐厅;浙江菜,4.6,51,1.1641903986756574,1,大众品质型
爱人再见小酒馆(奥体店),萧山区,餐饮服务;餐饮相关场所;餐饮相关,4.7,95,1.0297198642263399,1,大众品质型
张大厨老坛柠檬鱼,上城区,餐饮服务;中餐厅;中餐厅,4.6,79,1.0497425925258759,1,大众品质型
炉上牛肉档·牛肉粿条·牛腩饭·火锅(萧山嘉润公馆店),萧山区,餐饮服务;中餐厅;火锅店,4.6,47,1.1882617273137122,1,大众品质型
西北羊肉馆羊蝎子火锅烧烤(万邦大楼店),上城区,餐饮服务;中餐厅;火锅店|餐饮服务;中餐厅;西北菜,4.7,74,1.0885959327286687,1,大众品质型
名家海鲜火锅·活蟹生香(钱潮店)(暂停营业),上城区,餐饮服务;中餐厅;火锅店,4.7,255,0.847583336522266,1,大众品质型
你又瘦了小酒馆(奥体店),萧山区,餐饮服务;餐饮相关场所;餐饮相关,4.7,105,1.0078399020873017,1,大众品质型
办肆小馆徐州烧烤炒菜(莲荷里店),滨江区,餐饮服务;中餐厅;中餐厅,4.5,76,1.0359580052459305,1,大众品质型
元气考拉·湖南小炒,萧山区,餐饮服务;中餐厅;湖南菜(湘菜),4.6,49,1.1758622057225245,1,大众品质型
一峤·Singapore浓汤蝦面,萧山区,餐饮服务;中餐厅;中餐厅,4.6,84,1.0354177571961811,1,大众品质型
黑柴山烤房,滨江区,餐饮服务;中餐厅;中餐厅,4.5,148,0.8992902251275772,1,大众品质型
盐蘸牛肉,上城区,餐饮服务;中餐厅;中餐厅,4.7,49,1.201424427586058,1,大众品质型
滋味渊·匠心桐庐菜(景芳店),上城区,餐饮服务;中餐厅;浙江菜,4.7,91,1.0394117106349237,1,大众品质型
堂前屋后·开化山里菜(凯旋店),上城区,餐饮服务;中餐厅;中餐厅,4.6,81,1.043860464415957,1,大众品质型
风炉故事·遂昌山野土菜(杭州首店),上城区,餐饮服务;中餐厅;中餐厅,4.7,90,1.0419300342229454,1,大众品质型
今尚饮私房创意菜,萧山区,餐饮服务;中餐厅;中餐厅,4.7,186,0.8984711165921199,1,大众品质型
海农日记餐厅(奥体店),萧山区,餐饮服务;中餐厅;浙江菜,4.6,117,0.9642221949465413,1,大众品质型
杭州宴·杭州菜(火车东站店),上城区,餐饮服务;中餐厅;中餐厅,4.7,91,1.0394117106349237,1,大众品质型
宝中宝食府,上城区,餐饮服务;中餐厅;综合酒楼,4.7,127,0.9686666703111613,1,大众品质型
德明饭店(钱江世纪城店),萧山区,餐饮服务;中餐厅;中餐厅,4.7,152,0.9343122951607821,1,大众品质型
天诚小吃(大学路),上城区,餐饮服务;中餐厅;中餐厅,4.6,40,1.2386995370961986,1,大众品质型
麦当劳(碧桂园·深蓝国际店),萧山区,餐饮服务;快餐厅;麦当劳,4.5,28,1.3363839196801655,0,平价高性价比型
文利小吃店(大学路店),上城区,餐饮服务;中餐厅;中餐厅,4.6,56,1.1377545559702362,1,大众品质型
复兴面王(杭州莲荷里店),滨江区,餐饮服务;中餐厅;中餐厅,4.6,28,1.3660813401175023,0,平价高性价比型
新丰小吃(解放路分店),上城区,餐饮服务;中餐厅;中餐厅,4.4,17,1.5222955275492518,0,平价高性价比型
复兴面王(庆春店),拱墅区,餐饮服务;中餐厅;中餐厅,4.6,35,1.2836544410678685,1,大众品质型
永梅衢州菜(刀茅巷店),拱墅区,餐饮服务;中餐厅;中餐厅,4.7,81,1.0665530832076082,1,大众品质型
陕西罗家凉皮,上城区,餐饮服务;中餐厅;中餐厅,4.7,19,1.5688985432680702,0,平价高性价比型
单羊世家·单县羊肉汤(景昙店),上城区,餐饮服务;餐饮相关场所;餐饮相关,4.7,40,1.2656277879026379,1,大众品质型
鸟鸟好吃店·成都土砂锅串串(杭州总店),萧山区,餐饮服务;中餐厅;火锅店,4.8,75,1.10835732030609,1,大众品质型
新周记·巷子里的江南味(金龙财富店),拱墅区,餐饮服务;中餐厅;中餐厅,4.7,88,1.0470886061729419,1,大众品质型
知味观味庄(杭州钱江世纪城店),萧山区,餐饮服务;中餐厅;中餐厅,4.7,133,0.9596067229571507,1,大众品质型
大俺徽柴火鸡(江和美海洋生活广场店),上城区,餐饮服务;中餐厅;中餐厅,4.6,56,1.1377545559702362,1,大众品质型
海底捞火锅(杭州庆春路夜宵主题店),上城区,餐饮服务;中餐厅;火锅店,4.7,104,1.0098925745770306,1,大众品质型
京東盛·老北京铜锅涮肉·烤串(钱江世纪城店),萧山区,餐饮服务;中餐厅;火锅店,4.7,125,0.9718209340204937,1,大众品质型
東大方(杭州奥体中心店),萧山区,餐饮服务;中餐厅;中餐厅,4.7,68,1.1100334851985627,1,大众品质型
世纪澜轩花园餐厅,萧山区,餐饮服务;中餐厅;中餐厅,4.7,214,0.8751287976185833,1,大众品质型
楠哥煎饺,上城区,餐饮服务;中餐厅;特色/地方风味餐厅,4.7,19,1.5688985432680702,0,平价高性价比型
超火锅(杭州萧山总店),萧山区,餐饮服务;餐饮相关场所;餐饮相关,4.9,130,1.0050875226487372,1,大众品质型
牛小花秘制炭火烤牛肉(新塘路景芳店),上城区,餐饮服务;餐饮相关场所;餐饮相关,4.6,84,1.0354177571961811,1,大众品质型
周姐焦烤鸡架·东北烧烤夜宵(朝龙汇店),萧山区,餐饮服务;餐饮相关场所;餐饮相关,4.7,75,1.0852665427997132,1,大众品质型
乔村二十八道(钱江世纪城店),萧山区,餐饮服务;中餐厅;中餐厅,4.9,166,0.9574063939100745,1,大众品质型
赵府私厨·老杭帮菜(西湖老店),上城区,餐饮服务;中餐厅;浙江菜,4.6,60,1.1189834940180172,1,大众品质型
四灶儿·地道杭帮菜(湖墅南路店),拱墅区,餐饮服务;中餐厅;浙江菜,4.7,102,1.0140830266313579,1,大众品质型
新周记·巷子里的江南味(鼓楼店),上城区,餐饮服务;中餐厅;中餐厅,4.7,98,1.0228242468718935,1,大众品质型
赵府私厨·老杭帮菜(河坊街店),上城区,餐饮服务;中餐厅;中餐厅,4.7,66,1.1177987133529819,1,大众品质型
绿茶餐厅(灵隐路店·品牌旗舰店),西湖区,餐饮服务;中餐厅;中餐厅,4.7,95,1.0297198642263399,1,大众品质型
吴记餐厅·杭帮菜·私房菜(西湖湖滨店),上城区,餐饮服务;中餐厅;浙江菜|餐饮服务;中餐厅;特色/地方风味餐厅,4.6,72,1.0721462498591425,1,大众品质型
入江南·金奖杭帮菜·浙江菜(虎跑店),西湖区,餐饮服务;餐饮相关场所;餐饮相关,4.7,118,0.9834439320880544,1,大众品质型
四灶儿·地道杭帮菜(西湖景区·吴山广场店),上城区,餐饮服务;中餐厅;中餐厅,4.7,79,1.072563083667743,1,大众品质型
新周记·巷子里的江南味(平海路店),上城区,餐饮服务;中餐厅;中餐厅,4.7,103,1.0119733894209697,1,大众品质型
天香楼(延安路店),拱墅区,餐饮服务;中餐厅;综合酒楼,4.7,100,1.018391607076999,1,大众品质型
绿茶餐厅(三潭印月·西湖总店),上城区,餐饮服务;中餐厅;浙江菜,4.6,150,0.9168314603955153,1,大众品质型
中国杭帮菜博物馆(虎玉路店),上城区,餐饮服务;中餐厅;中餐厅,4.7,135,0.9567128384382347,1,大众品质型
四灶儿·地道杭帮菜(和平德信店),拱墅区,餐饮服务;中餐厅;中餐厅,4.7,79,1.072563083667743,1,大众品质型
宴湖小馆,西湖区,餐饮服务;中餐厅;中餐厅,4.6,52,1.1586049842578183,1,大众品质型
印湖杭味·创意杭帮菜(西湖店),拱墅区,餐饮服务;中餐厅;中餐厅,4.6,74,1.065434317138697,1,大众品质型
江南驿·二十余年创意杭帮味(运河店),拱墅区,餐饮服务;中餐厅;综合酒楼,4.6,98,1.0010620288533425,1,大众品质型
不老里·杭州本地菜(西湖长生路店),上城区,餐饮服务;中餐厅;浙江菜,4.6,93,1.012481078258731,1,大众品质型
德悦海鲜·包厢宴会(杭州滨江店),滨江区,餐饮服务;中餐厅;海鲜酒楼|住宿服务;宾馆酒店;宾馆酒店,4.7,129,0.9655812501871658,1,大众品质型
印湖·老底子杭帮菜(河坊街店),上城区,餐饮服务;中餐厅;中餐厅,4.6,59,1.1235009487094725,1,大众品质型
新滨安·钱塘江鲜·萧山菜·杭帮菜名店(滨江店),滨江区,餐饮服务;中餐厅;海鲜酒楼|餐饮服务;中餐厅;浙江菜,4.7,188,0.8966476227289886,1,大众品质型
杭百味·湖景杭帮菜(西湖店),上城区,餐饮服务;中餐厅;浙江菜,4.6,97,1.0032786538616378,1,大众品质型
吴记·寻味江南,上城区,餐饮服务;中餐厅;中餐厅,4.6,81,1.043860464415957,1,大众品质型
李白图书馆餐厅?杭帮菜名店(西溪湿地店),余杭区,餐饮服务;中餐厅;中餐厅,4.8,112,1.0153598951624487,1,大众品质型
望湖小馆,上城区,餐饮服务;中餐厅;中餐厅,4.5,72,1.0488387226882916,1,大众品质型
東大方(杭州金沙湖店),钱塘区,餐饮服务;餐饮相关场所;餐饮相关,4.7,68,1.1100334851985627,1,大众品质型
杭小厨·地道杭帮菜(河坊街店),上城区,餐饮服务;中餐厅;中餐厅,4.6,59,1.1235009487094725,1,大众品质型
西隐,西湖区,餐饮服务;餐饮相关场所;餐饮相关|体育休闲服务;体育休闲服务场所;体育休闲服务场所,4.7,298,0.8244972412215964,2,高消费高品质型
江浙荟(杭州湖滨in77店),上城区,餐饮服务;中餐厅;中餐厅,4.6,86,1.0300256695352283,1,大众品质型
桐湾大院·桐庐菜·夜宵烧烤(滨康路店),萧山区,餐饮服务;餐饮相关场所;餐饮相关,4.7,75,1.0852665427997132,1,大众品质型
伊家鲜·经典杭帮菜(黄龙店),西湖区,餐饮服务;中餐厅;中餐厅,4.7,106,1.0058147144910827,1,大众品质型
東大方(杭州延安路店),拱墅区,餐饮服务;中餐厅;中餐厅,4.7,68,1.1100334851985627,1,大众品质型
杭小厨·地道杭帮菜(湖滨店),上城区,餐饮服务;中餐厅;中餐厅,4.6,69,1.0827362955409794,1,大众品质型
一席地·本地鸡窝(邮电路店),上城区,餐饮服务;中餐厅;火锅店,4.7,68,1.1100334851985627,1,大众品质型
绿茶餐厅(杭州东站万象汇店),上城区,餐饮服务;中餐厅;中餐厅,4.6,73,1.06875707044094,1,大众品质型
杭州酒家(庆春路店),上城区,餐饮服务;中餐厅;中餐厅,4.7,90,1.0419300342229454,1,大众品质型
新刘记·杭帮菜·私房菜,上城区,餐饮服务;中餐厅;中餐厅,4.6,68,1.0864157514709336,1,大众品质型
東喜記·杭帮菜·西湖醋鱼(拱墅店),拱墅区,餐饮服务;餐饮相关场所;餐饮相关,4.7,128,0.9671155198875083,1,大众品质型
外婆烧.杭帮菜(西湖店),上城区,餐饮服务;中餐厅;浙江菜,4.6,60,1.1189834940180172,1,大众品质型
西湖一号(No.1 WEST LAKE),上城区,餐饮服务;餐饮相关场所;餐饮相关,4.7,443,0.7710195645992652,2,高消费高品质型
绿茶餐厅(西湖银泰店),上城区,餐饮服务;中餐厅;中餐厅,4.4,59,1.0746530813742783,1,大众品质型
印湖饭店·传承经典杭帮菜(西湖断桥店),西湖区,餐饮服务;中餐厅;中餐厅,4.6,75,1.0621757652933361,1,大众品质型
湖畔·私房菜·杭帮菜(湖滨店),上城区,餐饮服务;中餐厅;中餐厅,4.6,62,1.1102704362226652,1,大众品质型
西湖国宾馆紫薇厅,西湖区,餐饮服务;中餐厅;中餐厅,4.7,503,0.7553141653106202,2,高消费高品质型
大宅院(西溪路),西湖区,餐饮服务;中餐厅;中餐厅,4.7,92,1.0369325609067406,1,大众品质型
宴中海·二十年浙菜·萧山宴·市心北路店,萧山区,餐饮服务;中餐厅;中餐厅,4.7,198,0.8879141019891345,1,大众品质型
寄畅興·江南蟹黄面·非遗杭帮菜(西湖湖景店),上城区,餐饮服务;中餐厅;特色/地方风味餐厅,4.6,111,0.9748863198811003,1,大众品质型
荷韵西子·老底子杭帮菜(西湖音乐喷泉店),上城区,餐饮服务;中餐厅;中餐厅,4.6,64,1.1019581324362853,1,大众品质型
汝拉?西溪哩(西溪湿地福堤慢生活街区店),西湖区,餐饮服务;中餐厅;特色/地方风味餐厅,4.7,110,0.9979764008499875,1,大众品质型
杭小馆杭帮菜私房菜(河坊街店),上城区,餐饮服务;中餐厅;中餐厅,4.6,67,1.0901745704498038,1,大众品质型
十二月令·茶宴·庭院餐厅,滨江区,餐饮服务;中餐厅;中餐厅,4.8,298,0.8420397357156729,2,高消费高品质型
元古·觀山,西湖区,餐饮服务;餐饮相关场所;餐饮相关,4.7,177,0.9070236057496212,1,大众品质型
吾庐有闲,余杭区,餐饮服务;中餐厅;广东菜(粤菜),4.8,150,0.956693697804016,1,大众品质型
玉玲珑餐厅,西湖区,餐饮服务;中餐厅;中餐厅,4.7,370,0.7944285793931418,2,高消费高品质型
老吴家·老杭州菜·川菜(西湖湖滨店),上城区,餐饮服务;中餐厅;四川菜(川菜)|餐饮服务;中餐厅;浙江菜,4.5,63,1.0820212806667227,1,大众品质型
杭小馆·创意杭帮菜,拱墅区,餐饮服务;中餐厅;中餐厅,4.5,64,1.0780025208615835,1,大众品质型
西溪芦庄,余杭区,餐饮服务;中餐厅;潮州菜,4.7,392,0.7867676249108525,2,高消费高品质型
一路吃·新杭州杭帮菜菜馆(音乐喷泉店),上城区,餐饮服务;中餐厅;四川菜(川菜)|餐饮服务;中餐厅;浙江菜,4.5,65,1.0740741844096369,1,大众品质型
东庭会·宴,上城区,餐饮服务;中餐厅;中餐厅,4.8,150,0.956693697804016,1,大众品质型
四灶儿·地道杭帮菜(鼓楼1店),上城区,餐饮服务;中餐厅;中餐厅,4.6,95,1.0078109309449284,1,大众品质型
杭百味·精选江浙菜(虎跑店),西湖区,餐饮服务;中餐厅;中餐厅,4.5,79,1.026922101384009,1,大众品质型
23号墙门菜,拱墅区,餐饮服务;中餐厅;中餐厅,4.7,58,1.152656490506203,1,大众品质型
醉天青·西湖醋鱼小馆,上城区,餐饮服务;餐饮相关场所;餐饮相关,4.6,119,0.9608371663377338,1,大众品质型
李白图书馆餐厅?杭帮菜名店(西湖大学店),西湖区,餐饮服务;中餐厅;中餐厅,4.7,112,0.9942065640132312,1,大众品质型
匠小灶·江浙菜(西湖·定安路店),上城区,餐饮服务;中餐厅;中餐厅,4.6,83,1.038183298664222,1,大众品质型
伊家鲜?宴请?小宴席(湖州街总店),拱墅区,餐饮服务;中餐厅;中餐厅,4.7,91,1.0394117106349237,1,大众品质型
杭三姐妹(西湖·D11食尚城店),拱墅区,餐饮服务;中餐厅;中餐厅,4.6,60,1.1189834940180172,1,大众品质型
马灯部落-杭帮创意菜(杭州西湖虎跑店),西湖区,餐饮服务;中餐厅;浙江菜,4.7,100,1.018391607076999,1,大众品质型
寄畅興·百年蟹黄面·非遗杭帮菜(西湖庭院景观店),上城区,餐饮服务;中餐厅;中餐厅,4.6,85,1.0326990003381638,1,大众品质型
東大方(杭州西城新座店),西湖区,餐饮服务;中餐厅;浙江菜,4.7,68,1.1100334851985627,1,大众品质型
椿芽·鲜牛肉杭州拌川(杭州鼓楼店),上城区,餐饮服务;中餐厅;浙江菜,4.6,50,1.1699399794625944,1,大众品质型
荣小馆(杭州大厦店),拱墅区,餐饮服务;餐饮相关场所;餐饮相关,4.7,182,0.9022003057703626,1,大众品质型
绿茶餐厅(杭州西湖文化广场店),拱墅区,餐饮服务;中餐厅;中餐厅,4.5,52,1.1334179193826484,1,大众品质型
紫竹·水乐西湖·庭院餐厅,西湖区,餐饮服务;中餐厅;特色/地方风味餐厅,4.7,160,0.924941150597522,1,大众品质型
香芙茗楼(嘉里中心店),拱墅区,餐饮服务;茶艺馆;茶艺馆|餐饮服务;中餐厅;中餐厅,4.7,159,0.9260766569003624,1,大众品质型
大牌大传统菜(湖滨店),上城区,餐饮服务;中餐厅;中餐厅,4.5,70,1.0556739257472476,1,大众品质型
東大方(杭州三维大厦店),滨江区,餐饮服务;中餐厅;中餐厅,4.6,68,1.0864157514709336,1,大众品质型
黄记老厨·传统杭帮菜(清泰街店),上城区,餐饮服务;中餐厅;浙江菜,4.6,92,1.014870165993831,1,大众品质型
锦楼·臻选新式杭帮(杭州中心店),拱墅区,餐饮服务;餐饮相关场所;餐饮相关,4.7,157,0.9283776342643452,1,大众品质型
西湖人家·地道杭帮味(寻味杭州·南山路店),上城区,餐饮服务;中餐厅;中餐厅,4.6,59,1.1235009487094725,1,大众品质型
德悦小江南(海威新界店),滨江区,餐饮服务;中餐厅;中餐厅,4.6,148,0.9192744523526344,1,大众品质型
大陈小院,西湖区,餐饮服务;中餐厅;中餐厅|体育休闲服务;体育休闲服务场所;体育休闲服务场所,4.7,81,1.0665530832076082,1,大众品质型
宴谭·精细江南菜,滨江区,餐饮服务;中餐厅;中餐厅,4.7,320,0.8143546645852392,2,高消费高品质型
東大方(莫干山路店),西湖区,餐饮服务;餐饮相关场所;餐饮相关,4.6,68,1.0864157514709336,1,大众品质型
東大方(华瑞汇金中心店),萧山区,餐饮服务;中餐厅;浙江菜,4.7,68,1.1100334851985627,1,大众品质型
慢野·自由餐厅·私房菜(馒头山店),上城区,餐饮服务;中餐厅;中餐厅,4.7,127,0.9686666703111613,1,大众品质型
四灶儿·地道杭帮菜(鼓楼二店),上城区,餐饮服务;中餐厅;中餐厅,4.5,92,0.9928077710809218,1,大众品质型
老弄堂·老底子杭帮味(西溪店),西湖区,餐饮服务;中餐厅;中餐厅,4.7,131,0.9625620851542669,1,大众品质型
陈记饭店(八卦新村店),上城区,餐饮服务;中餐厅;浙江菜,4.7,82,1.063627412065356,1,大众品质型
東大方(临平东湖路店),临平区,餐饮服务;餐饮相关场所;餐饮相关,4.7,68,1.1100334851985627,1,大众品质型
天竺人家·杭州土菜(西湖灵隐寺13年老店),西湖区,餐饮服务;中餐厅;浙江菜,4.5,72,1.0488387226882916,1,大众品质型
壹品轩·东坡家宴(西湖店),上城区,餐饮服务;中餐厅;中餐厅,4.5,77,1.032889775059695,1,大众品质型
西月楼·杭帮菜(河坊街店),上城区,餐饮服务;中餐厅;浙江菜,4.6,50,1.1699399794625944,1,大众品质型
东大方(杭州云澜谷店),西湖区,餐饮服务;中餐厅;浙江菜,4.6,68,1.0864157514709336,1,大众品质型
東大方(杭州万达店),拱墅区,餐饮服务;中餐厅;中餐厅,4.6,68,1.0864157514709336,1,大众品质型
東大方(杭州紫金梦想店),西湖区,餐饮服务;中餐厅;中餐厅,4.7,68,1.1100334851985627,1,大众品质型
乾堂里·杭州老八鲜(吴山广场店),上城区,餐饮服务;中餐厅;中餐厅,4.6,66,1.094015762005046,1,大众品质型
東大方(杭州世纪城开元店),萧山区,餐饮服务;中餐厅;中餐厅,4.7,68,1.1100334851985627,1,大众品质型
東大方(杭州未来城一号店),余杭区,餐饮服务;中餐厅;中餐厅,4.5,68,1.0627980177433047,1,大众品质型
国滨家宴·新味萧山菜(滨江店),滨江区,餐饮服务;中餐厅;中餐厅,4.6,100,0.9967237005434456,1,大众品质型
東大方(杭州苏泊尔大厦店),滨江区,餐饮服务;餐饮相关场所;餐饮相关,4.6,68,1.0864157514709336,1,大众品质型
柒园·三十年创意杭帮菜(杭州东站万象汇店),上城区,餐饮服务;中餐厅;中餐厅,4.6,116,0.9659453986733385,1,大众品质型
老弄堂菜馆(鼓楼店),上城区,餐饮服务;中餐厅;中餐厅,4.6,70,1.0791333463194086,1,大众品质型
东坡文人面馆,上城区,餐饮服务;中餐厅;浙江菜,4.6,58,1.1281318843252197,1,大众品质型
李白图书馆餐厅?杭帮菜名店(九堡店),上城区,餐饮服务;中餐厅;中餐厅,4.7,91,1.0394117106349237,1,大众品质型
東大方(杭州潮王路店),拱墅区,餐饮服务;餐饮相关场所;餐饮相关,4.7,76,1.0820005832568607,1,大众品质型
苏小蟹·蟹黄面(西溪湿地博物馆店),西湖区,餐饮服务;中餐厅;中餐厅,4.6,87,1.0273964614690458,1,大众品质型
東大方(杭州八方城店),余杭区,餐饮服务;中餐厅;中餐厅,4.6,68,1.0864157514709336,1,大众品质型
玲珑小镇·创意私房菜(西湖南山路店),上城区,餐饮服务;中餐厅;浙江菜,4.6,101,0.994600441063666,1,大众品质型
外婆家(杭州金沙印象城店),钱塘区,餐饮服务;中餐厅;浙江菜|餐饮服务;中餐厅;江苏菜,4.6,55,1.1427572926329579,1,大众品质型
江南忆·融合杭帮私房菜,西湖区,餐饮服务;中餐厅;中餐厅,4.5,64,1.0780025208615835,1,大众品质型
三生小坞·山野食集(杭州西湖灵隐店),西湖区,餐饮服务;餐饮相关场所;餐饮相关,4.6,110,0.9767428604063707,1,大众品质型
绿茶餐厅(滨江龙湖店),滨江区,餐饮服务;中餐厅;浙江菜,4.5,65,1.0740741844096369,1,大众品质型
東大方(祥生中心店),上城区,餐饮服务;餐饮相关场所;餐饮相关,4.6,68,1.0864157514709336,1,大众品质型
府上家宴·百年浙菜(美上店),西湖区,餐饮服务;中餐厅;中餐厅,4.7,82,1.063627412065356,1,大众品质型
巷儿里餐厅·杭帮菜(信义坊步行街店),拱墅区,餐饮服务;中餐厅;中餐厅,4.7,45,1.227589505851854,1,大众品质型
海底捞火锅(武林广场国大店),拱墅区,餐饮服务;中餐厅;中餐厅,4.6,120,0.9591745002757665,1,大众品质型
超火锅(滨江店),滨江区,餐饮服务;餐饮相关场所;餐饮相关,4.8,107,1.0251741711537152,1,大众品质型
荆九爷爆炒桥头三嫩(东站店),上城区,餐饮服务;中餐厅;中餐厅,4.8,67,1.1375734648171867,1,大众品质型
晚酒·阿英川菜馆(一店),拱墅区,餐饮服务;中餐厅;四川菜(川菜),4.7,82,1.063627412065356,1,大众品质型
烤匠麻辣烤鱼(in77店),上城区,餐饮服务;中餐厅;特色/地方风味餐厅|餐饮服务;中餐厅;四川菜(川菜),4.6,65,1.0979424996187397,1,大众品质型
躲姨家火锅,滨江区,餐饮服务;中餐厅;火锅店,4.7,80,1.069531091286534,1,大众品质型
海底捞火锅(金帝T-ONE MO店),萧山区,餐饮服务;中餐厅;火锅店,4.7,120,0.9800261198469788,1,大众品质型
贰姐川菜,西湖区,餐饮服务;餐饮相关场所;餐饮相关,4.7,74,1.0885959327286687,1,大众品质型
荆九爷爆炒桥头三嫩(萧山店),萧山区,餐饮服务;中餐厅;特色/地方风味餐厅,4.8,55,1.192442392312652,1,大众品质型
晚酒·阿英川菜馆(解百店),上城区,餐饮服务;中餐厅;四川菜(川菜),4.7,90,1.0419300342229454,1,大众品质型
巴奴毛肚火锅(杭州东站万象汇店),上城区,餐饮服务;中餐厅;火锅店,4.6,145,0.9230263038745141,1,大众品质型
白乐天毛肚火锅店,萧山区,餐饮服务;中餐厅;火锅店,4.7,86,1.052417531916429,1,大众品质型
海底捞火锅(上城天街店),上城区,餐饮服务;中餐厅;火锅店,4.6,120,0.9591745002757665,1,大众品质型
川霸川菜,钱塘区,餐饮服务;中餐厅;四川菜(川菜)|餐饮服务;中餐厅;火锅店,4.7,68,1.1100334851985627,1,大众品质型
荆九爷爆炒桥头三嫩(下沙店),钱塘区,餐饮服务;中餐厅;中餐厅,4.7,57,1.157509165328124,1,大众品质型
阿英川菜馆(丰潭路店),拱墅区,餐饮服务;中餐厅;四川菜(川菜),4.8,80,1.0922870719522046,1,大众品质型
老地方川菜(元成东盛家园店),钱塘区,餐饮服务;中餐厅;四川菜(川菜),4.7,67,1.1138740176334954,1,大众品质型
巴奴毛肚火锅(龙湖杭州西溪天街店),西湖区,餐饮服务;中餐厅;火锅店,4.7,136,0.9552882563683724,1,大众品质型
荆九爷爆炒桥头三嫩(滨江店),滨江区,餐饮服务;中餐厅;四川菜(川菜),4.8,55,1.192442392312652,1,大众品质型
晚酒·阿英川菜馆(奥体金帝店),萧山区,餐饮服务;中餐厅;四川菜(川菜),4.7,74,1.0885959327286687,1,大众品质型
小树林老成都火锅串串香·盖碗茶(宠物友好店),滨江区,餐饮服务;中餐厅;火锅店,4.7,72,1.0954537770299935,1,大众品质型
禄德林川味黑鱼花(萧山店),萧山区,餐饮服务;餐饮相关场所;餐饮相关,4.7,106,1.0058147144910827,1,大众品质型
巴奴毛肚火锅(杭州上城龙湖天街店),上城区,餐饮服务;中餐厅;火锅店,4.6,145,0.9230263038745141,1,大众品质型
孔岳冒菜(彭埠店),上城区,餐饮服务;餐饮相关场所;餐饮相关,4.7,59,1.1479248823770698,1,大众品质型
荆九爷爆炒桥头三嫩(滨江滨悦城店),滨江区,餐饮服务;中餐厅;中餐厅,4.7,55,1.1675998424728051,1,大众品质型
蜀谭记·盐帮川菜(杭州首店),滨江区,餐饮服务;中餐厅;四川菜(川菜),4.7,109,0.9998978049571461,1,大众品质型
琂川.经典川菜.二十四味,萧山区,餐饮服务;中餐厅;四川菜(川菜),4.7,293,0.8269436151858146,2,高消费高品质型
照云川菜(萧山店),萧山区,餐饮服务;中餐厅;四川菜(川菜),4.8,96,1.0492466130768157,1,大众品质型
摆笼酸菜鱼庄·精品川菜(荣星名座店),萧山区,餐饮服务;中餐厅;中餐厅,4.7,80,1.069531091286534,1,大众品质型
荆九爷爆炒桥头三嫩(新天地店),拱墅区,餐饮服务;中餐厅;中餐厅,4.7,55,1.1675998424728051,1,大众品质型
烤匠麻辣烤鱼(星光大道店),滨江区,餐饮服务;中餐厅;特色/地方风味餐厅,4.7,65,1.121810814827843,1,大众品质型
孔岳冒菜(无忧店),萧山区,餐饮服务;餐饮相关场所;餐饮相关,4.7,58,1.152656490506203,1,大众品质型
芳芳跷脚牛肉 (高沙店),钱塘区,餐饮服务;中餐厅;中餐厅,4.7,50,1.1953734572769987,1,大众品质型
蜀秀·民国独栋1912·新派川菜(湖滨店),上城区,餐饮服务;中餐厅;四川菜(川菜),4.7,150,0.9367625790997657,1,大众品质型
马厂老火锅(杭州东站店),上城区,餐饮服务;中餐厅;火锅店,4.7,120,0.9800261198469788,1,大众品质型
荆九爷爆炒桥头三嫩(西溪留下店),西湖区,餐饮服务;中餐厅;中餐厅,4.7,63,1.1301111153630214,1,大众品质型
晚酒·阿英川菜馆(上塘路三店),拱墅区,餐饮服务;中餐厅;四川菜(川菜),4.7,95,1.0297198642263399,1,大众品质型
张笨笨四川火锅(滨江天街店),滨江区,餐饮服务;中餐厅;火锅店,4.6,92,1.014870165993831,1,大众品质型
新沸腾鱼乡(黄姑山路店),西湖区,餐饮服务;中餐厅;四川菜(川菜),4.7,135,0.9567128384382347,1,大众品质型
烤匠麻辣烤鱼(杭州远洋乐堤港店),拱墅区,餐饮服务;中餐厅;特色/地方风味餐厅,4.7,65,1.121810814827843,1,大众品质型
宽窄巷子成都串串香(邮电路杭州店),上城区,餐饮服务;中餐厅;火锅店,4.6,63,1.106066198014872,1,大众品质型
太二酸菜鱼(杭州东站万象汇店),上城区,餐饮服务;中餐厅;四川菜(川菜),4.5,80,1.024019129955192,1,大众品质型
江渔儿成都冷锅鱼(浙港国际店),西湖区,餐饮服务;中餐厅;中餐厅,4.8,66,1.1415816647009174,1,大众品质型
巴奴毛肚火锅(杭州亚奥万象天地店),萧山区,餐饮服务;中餐厅;火锅店,4.7,146,0.9418021220147959,1,大众品质型
珮姐重庆火锅(杭州湖滨in77店),上城区,餐饮服务;中餐厅;火锅店,4.6,119,0.9608371663377338,1,大众品质型
燊海记·盐帮川菜(杭州店),余杭区,餐饮服务;中餐厅;四川菜(川菜),4.6,114,0.9694553843042546,1,大众品质型
幺妹鱼庄(明星路店),萧山区,餐饮服务;中餐厅;海鲜酒楼,4.7,67,1.1138740176334954,1,大众品质型
赵美丽·重庆社区火锅·直营店(火车东站·中豪国际店),上城区,餐饮服务;中餐厅;火锅店,4.7,106,1.0058147144910827,1,大众品质型
川婆婆酸菜鱼(市心中路店),萧山区,餐饮服务;中餐厅;中餐厅,4.7,73,1.0919909197983517,1,大众品质型
山重浪重庆耙火锅(杭州萧山店),萧山区,餐饮服务;中餐厅;火锅店,4.7,59,1.1479248823770698,1,大众品质型
孔岳冒菜(临平店),临平区,餐饮服务;中餐厅;中餐厅,4.7,50,1.1953734572769987,1,大众品质型
辛香汇·四川饭馆(工联CC店),上城区,餐饮服务;中餐厅;中餐厅,4.6,76,1.0589792942513956,1,大众品质型
春江酸菜鱼馆(春江西路总店),桐庐县,餐饮服务;中餐厅;四川菜(川菜),4.6,73,1.06875707044094,1,大众品质型
齐庆·美蛙鱼头(EFC欧美广场店),余杭区,餐饮服务;中餐厅;火锅店,4.7,90,1.0419300342229454,1,大众品质型
舒家大院老火锅(杭州市滨江区宝龙城店),滨江区,餐饮服务;中餐厅;火锅店,4.7,81,1.0665530832076082,1,大众品质型
大苑丰炝锅鱼,滨江区,餐饮服务;中餐厅;中餐厅,4.6,50,1.1699399794625944,1,大众品质型
大塘集美蛙鱼头·冷锅鱼(钱江世纪城店),萧山区,餐饮服务;中餐厅;中餐厅,4.7,89,1.044488621594309,1,大众品质型
小舅妈社区老火锅(滨江天街店),滨江区,餐饮服务;中餐厅;火锅店,4.6,83,1.038183298664222,1,大众品质型
马鸿兴·川小馆(杭州总店),上城区,餐饮服务;餐饮相关场所;餐饮相关,4.6,99,0.998877308377479,1,大众品质型
蔡奋斗·老火锅(杭州首店),上城区,餐饮服务;中餐厅;火锅店,4.7,79,1.072563083667743,1,大众品质型
朱欢喜老火锅(高沙店),钱塘区,餐饮服务;中餐厅;火锅店,4.7,68,1.1100334851985627,1,大众品质型
成都遇见你·串串吧(萧山店),萧山区,餐饮服务;中餐厅;火锅店,4.7,83,1.0607525008090966,1,大众品质型
重庆正宗万州烤鱼(萧山006成智店),萧山区,餐饮服务;中餐厅;中餐厅,4.7,93,1.0344915364817469,1,大众品质型
山城兄弟·重庆江湖菜·黑金店,拱墅区,购物服务;购物相关场所;购物相关场所|餐饮服务;餐饮相关场所;餐饮相关,4.7,87,1.0497311671531557,1,大众品质型
MAMA精致川菜(保利天汇店),滨江区,餐饮服务;中餐厅;四川菜(川菜),4.7,99,1.0205920324726416,1,大众品质型
川塘风乐山冷锅鱼美蛙鱼头,西湖区,餐饮服务;中餐厅;中餐厅,4.7,100,1.018391607076999,1,大众品质型
红星路·成都烤鱼(万达步行街店),拱墅区,餐饮服务;中餐厅;特色/地方风味餐厅,4.6,80,1.046775110620863,1,大众品质型
重庆四间火锅(杭州首店),滨江区,餐饮服务;餐饮相关场所;餐饮相关,4.7,13,1.7809389539427707,0,平价高性价比型
觅香老火锅(杭州首店),拱墅区,餐饮服务;中餐厅;火锅店,4.7,125,0.9718209340204937,1,大众品质型
渝妹重庆火锅,余杭区,餐饮服务;中餐厅;火锅店,4.7,70,1.1025927668915698,1,大众品质型
烤匠麻辣烤鱼(亚奥万象天地店),萧山区,餐饮服务;中餐厅;特色/地方风味餐厅,4.6,75,1.0621757652933361,1,大众品质型
烤匠麻辣烤鱼(滨江天街店),滨江区,餐饮服务;中餐厅;特色/地方风味餐厅,4.6,65,1.0979424996187397,1,大众品质型
摆笼酸菜鱼庄·精品川菜(拱秀路店),萧山区,餐饮服务;中餐厅;四川菜(川菜),4.7,76,1.0820005832568607,1,大众品质型
赵美丽.重庆社区火锅(EFC欧美广场店),余杭区,餐饮服务;中餐厅;火锅店,4.7,90,1.0419300342229454,1,大众品质型
薛飘飘火锅,滨江区,餐饮服务;中餐厅;火锅店,4.6,100,0.9967237005434456,1,大众品质型
太二酸菜鱼(杭州嘉里中心店),拱墅区,餐饮服务;中餐厅;中餐厅,4.4,80,1.0012631492895212,1,大众品质型
任富贵重庆老火锅(杭州潮王路店),拱墅区,餐饮服务;中餐厅;火锅店,4.6,106,0.9844144014168041,1,大众品质型
红星路·成都街头烤鱼·川菜·夜宵团建(钱江世纪城店),萧山区,餐饮服务;中餐厅;四川菜(川菜),4.6,73,1.06875707044094,1,大众品质型
十昌老火锅,萧山区,餐饮服务;中餐厅;火锅店,4.7,68,1.1100334851985627,1,大众品质型
齐庆·美蛙鱼头火锅(滨江宝龙店),滨江区,餐饮服务;中餐厅;火锅店,4.6,76,1.0589792942513956,1,大众品质型
馬鸿興·川小馆(杭州中心店),拱墅区,餐饮服务;中餐厅;四川菜(川菜),4.7,95,1.0297198642263399,1,大众品质型
川味观(凤起店),拱墅区,餐饮服务;中餐厅;火锅店|餐饮服务;中餐厅;四川菜(川菜),4.7,80,1.069531091286534,1,大众品质型
付小姐在成都(杭州总店),拱墅区,餐饮服务;中餐厅;火锅店,4.6,76,1.0589792942513956,1,大众品质型
喜贡·爆炒川菜(保利·时光里店),滨江区,餐饮服务;餐饮相关场所;餐饮相关,4.6,58,1.1281318843252197,1,大众品质型
马厂老火锅(杭州首店),西湖区,餐饮服务;中餐厅;火锅店,4.6,114,0.9694553843042546,1,大众品质型
撒椒川念餐厅(转江街店),西湖区,餐饮服务;中餐厅;四川菜(川菜),4.6,96,1.005528004198615,1,大众品质型
自贡盐帮菜,拱墅区,餐饮服务;餐饮相关场所;餐饮相关,4.7,88,1.0470886061729419,1,大众品质型
大川先生·龙虾·川菜(石灰坝店),拱墅区,餐饮服务;中餐厅;四川菜(川菜),4.7,90,1.0419300342229454,1,大众品质型
山野饭堂.融合家常菜(滨江店),滨江区,餐饮服务;中餐厅;四川菜(川菜),4.7,47,1.2140935039944452,1,大众品质型
巴渝川菜(秋涛路店),上城区,餐饮服务;中餐厅;中餐厅,4.7,80,1.069531091286534,1,大众品质型
嘻嘻哇噻老火锅,临平区,餐饮服务;中餐厅;火锅店,4.7,113,0.9923570667933549,1,大众品质型
渝签斤串串自助火锅(武林夜市店),拱墅区,餐饮服务;中餐厅;火锅店,4.6,71,1.0756041907377925,1,大众品质型
赵九记呱呱老火锅(EFC欧美广场店),余杭区,餐饮服务;中餐厅;火锅店,4.7,83,1.0607525008090966,1,大众品质型
锅美丽水煮鱼(龙湖杭州滨江天街店),滨江区,餐饮服务;中餐厅;中餐厅,4.7,68,1.1100334851985627,1,大众品质型
冯三孃川菜馆(湖滨直营店),上城区,餐饮服务;中餐厅;中餐厅,4.6,74,1.065434317138697,1,大众品质型
幺妹鱼庄(元成时代广场店),钱塘区,餐饮服务;中餐厅;四川菜(川菜),4.7,79,1.072563083667743,1,大众品质型
太二酸菜鱼(杭州龙湖紫荆天街店),西湖区,餐饮服务;中餐厅;中餐厅,4.5,80,1.024019129955192,1,大众品质型
石灰石烧鸡公(嘉里中心店),拱墅区,餐饮服务;中餐厅;中餐厅,4.7,75,1.0852665427997132,1,大众品质型
渝少卿重庆飘香鱼正宗川菜(华夏之心店),余杭区,餐饮服务;中餐厅;四川菜(川菜),4.6,72,1.0721462498591425,1,大众品质型
太二酸菜鱼(杭州滨江银泰店),滨江区,餐饮服务;中餐厅;四川菜(川菜),4.4,80,1.0012631492895212,1,大众品质型
喜贡·爆炒新桥三嫩(联合中心店),萧山区,餐饮服务;中餐厅;特色/地方风味餐厅,4.6,49,1.1758622057225245,1,大众品质型
渝满堂川菜馆(百井坊巷店),拱墅区,餐饮服务;中餐厅;中餐厅,4.6,59,1.1235009487094725,1,大众品质型
幺妹鱼庄(华丰分店),拱墅区,餐饮服务;中餐厅;海鲜酒楼,4.6,70,1.0791333463194086,1,大众品质型
老四川平头酸菜鱼(衙前店),萧山区,餐饮服务;中餐厅;海鲜酒楼,4.5,99,0.9771625842823165,1,大众品质型
王道小乐惠,滨江区,餐饮服务;中餐厅;中餐厅,4.7,78,1.075650782134028,1,大众品质型
肥悦冒菜,上城区,餐饮服务;中餐厅;中餐厅,4.7,36,1.3016080990216297,1,大众品质型
小米椒烤鱼坊(广苑小区店),临安区,餐饮服务;中餐厅;四川菜(川菜),4.6,44,1.20840763066377,1,大众品质型
味舵主重庆火锅(明星路店),萧山区,餐饮服务;中餐厅;火锅店,4.6,90,1.0197613100905423,1,大众品质型
川味观Manana·川渝火锅(湖滨in77店),上城区,餐饮服务;中餐厅;火锅店,4.5,131,0.9216019964242981,1,大众品质型
新太二·鲜料川菜(杭州大悦城分店),拱墅区,餐饮服务;中餐厅;中餐厅,4.6,80,1.046775110620863,1,大众品质型
川味泡菜馆(黄姑山路店),西湖区,餐饮服务;中餐厅;四川菜(川菜),4.7,69,1.1062740410962182,1,大众品质型
付小姐在成都(滨江店),滨江区,餐饮服务;中餐厅;火锅店,4.7,80,1.069531091286534,1,大众品质型
点都德(杭州湖滨in77店),上城区,餐饮服务;中餐厅;广东菜(粤菜),4.7,88,1.0470886061729419,1,大众品质型
啫卤爷,上城区,餐饮服务;快餐厅;快餐厅,4.8,134,0.9785384543795234,1,大众品质型
娃哈哈同乐舫(庆春店),上城区,餐饮服务;中餐厅;广东菜(粤菜),4.8,131,0.9830421295192512,1,大众品质型
繁秋·新粤菜,拱墅区,餐饮服务;中餐厅;中餐厅,4.8,202,0.9034093575392795,1,大众品质型
江粤宴?江粤臻宴·品鲜融合,上城区,餐饮服务;中餐厅;广东菜(粤菜),4.7,116,0.9869442116879764,1,大众品质型
郑阿公顺德鸡煲饭双皮奶(萧山店),萧山区,餐饮服务;中餐厅;中餐厅,4.8,120,1.0008777394181911,1,大众品质型
点都德(杭州中心店),拱墅区,餐饮服务;中餐厅;广东菜(粤菜),4.7,86,1.052417531916429,1,大众品质型
西湖春天·粤府(深蓝广场店),拱墅区,餐饮服务;中餐厅;广东菜(粤菜),4.7,288,0.8294468910821887,2,高消费高品质型
九洲籍.新派潮菜(杭州首店),上城区,餐饮服务;中餐厅;中餐厅,4.6,122,0.955906852335046,1,大众品质型
岳无鸡·鲜切广东脆皮鸡煲(中南未来里店),余杭区,餐饮服务;餐饮相关场所;餐饮相关,4.7,90,1.0419300342229454,1,大众品质型
郑阿公顺德鸡煲饭双皮奶(东站店),上城区,餐饮服务;中餐厅;中餐厅,4.7,28,1.3957787605548395,1,大众品质型
点都德(滨江银泰店),滨江区,餐饮服务;快餐厅;快餐厅,4.7,86,1.052417531916429,1,大众品质型
正哥点心专家(国大广场店),拱墅区,餐饮服务;餐饮相关场所;餐饮相关,4.7,72,1.0954537770299935,1,大众品质型
鸟语花香·高空景观餐厅·潮粤菜(杭州大厦店),拱墅区,餐饮服务;餐饮相关场所;餐饮相关,4.7,230,0.863586782564212,1,大众品质型
龍码头·螃蟹王(杭州首店),拱墅区,餐饮服务;中餐厅;广东菜(粤菜)|餐饮服务;中餐厅;海鲜酒楼,4.7,350,0.801940186997741,2,高消费高品质型
潮三爷.生腌熟醉潮汕菜(朝晖店),拱墅区,餐饮服务;中餐厅;中餐厅,4.7,133,0.9596067229571507,1,大众品质型
点都德(城西银泰城店),拱墅区,餐饮服务;快餐厅;快餐厅,4.7,86,1.052417531916429,1,大众品质型
郑阿公顺德鸡煲饭双皮奶(文一路店),西湖区,餐饮服务;中餐厅;中餐厅,4.7,120,0.9800261198469788,1,大众品质型
胡建小馆·地道客家菜,西湖区,餐饮服务;中餐厅;中餐厅,4.7,112,0.9942065640132312,1,大众品质型
阿盼鱼捞·斑鱼海鲜粥火锅·南国传承(杭州湖滨in77B区店),上城区,餐饮服务;中餐厅;火锅店,4.6,94,1.0101283169258553,1,大众品质型
唐宫·粤菜海鲜(杭州万象城店),上城区,餐饮服务;中餐厅;广东菜(粤菜)|餐饮服务;中餐厅;海鲜酒楼,4.7,147,0.9405243849006555,1,大众品质型
点都德(奥体印象城店),萧山区,餐饮服务;中餐厅;广东菜(粤菜),4.7,86,1.052417531916429,1,大众品质型
洪阿福·能单点de潮汕牛肉自助火锅(滨江首店),滨江区,餐饮服务;中餐厅;火锅店,4.6,124,0.9527135663247379,1,大众品质型
郑阿公顺德鸡煲饭双皮奶(滨江宝龙店),滨江区,餐饮服务;中餐厅;中餐厅,4.7,38,1.282904575924168,1,大众品质型
福宴(星光大道店),滨江区,餐饮服务;中餐厅;中餐厅,4.7,419,0.7781128817672042,2,高消费高品质型
八合里潮汕鲜牛肉火锅(杭州湖滨in77E区店),上城区,餐饮服务;餐饮相关场所;餐饮相关,4.5,98,0.9792998108347917,1,大众品质型
东富酒家(湘湖越界店),萧山区,餐饮服务;中餐厅;广东菜(粤菜),4.7,480,0.7610267181016527,2,高消费高品质型
老谢潮州菜(崇安中心店),拱墅区,餐饮服务;中餐厅;中餐厅,4.7,143,0.9457095702973349,1,大众品质型
粤顺(朝晖国都店),拱墅区,餐饮服务;中餐厅;广东菜(粤菜),4.7,150,0.9367625790997657,1,大众品质型
熹粤荟·岚廷,拱墅区,商务住宅;住宅区;住宅小区|餐饮服务;中餐厅;广东菜(粤菜),4.6,260,0.8266660310826747,1,大众品质型
楼凤楼·香港大排档·宵夜饭店(杭州首店),滨江区,餐饮服务;中餐厅;火锅店,4.7,121,0.9783470880404871,1,大众品质型
郑阿公顺德鸡煲饭双皮奶(八方城店),余杭区,餐饮服务;中餐厅;中餐厅,4.7,28,1.3957787605548395,1,大众品质型
秋粤台(江锦路店),上城区,餐饮服务;中餐厅;中餐厅,4.7,208,0.8797652446159518,1,大众品质型
粤顺本味顺德(滨江店),滨江区,餐饮服务;中餐厅;广东菜(粤菜),4.7,145,0.9430920930891776,1,大众品质型
后生仔.潮汕小馆(滨江店),滨江区,餐饮服务;中餐厅;中餐厅,4.7,42,1.2496011526718045,1,大众品质型
粤顺餐馆(赞成中心店),上城区,餐饮服务;中餐厅;广东菜(粤菜),4.7,131,0.9625620851542669,1,大众品质型
老谢潮州菜(香积寺路店),拱墅区,餐饮服务;中餐厅;潮州菜,4.8,112,1.0153598951624487,1,大众品质型
潮根夜档.潮汕菜.大排档(杭州总店),滨江区,餐饮服务;中餐厅;中餐厅,4.7,103,1.0119733894209697,1,大众品质型
老房荟馆·粤式火锅(杭州万象城店),上城区,餐饮服务;中餐厅;火锅店,4.7,425,0.7762898810599284,2,高消费高品质型
后生仔·潮汕小馆(西湖店),西湖区,餐饮服务;中餐厅;中餐厅,4.6,37,1.2645748576154703,1,大众品质型
西溪良辰·精致潮汕菜,余杭区,餐饮服务;中餐厅;广东菜(粤菜),4.7,500,0.756039537261304,2,高消费高品质型
嗨小鲜-无骨鱼专家,西湖区,餐饮服务;中餐厅;中餐厅,4.6,143,0.9255880900782426,1,大众品质型
何记潮汕鱼生大排档,上城区,餐饮服务;中餐厅;中餐厅,4.7,113,0.9923570667933549,1,大众品质型
喜禄顺德小馆(杭州东站万象汇店),上城区,餐饮服务;中餐厅;中餐厅,4.6,130,0.9435515518743246,1,大众品质型
8+1广式大排档·海肠捞饭·夜宵食堂,滨江区,餐饮服务;餐饮相关场所;餐饮相关,4.7,109,0.9998978049571461,1,大众品质型
粤潮醉虾打边炉,西湖区,餐饮服务;中餐厅;中餐厅,4.6,155,0.9109170624659936,1,大众品质型
淳安县潮汕牛肉馆,淳安县,餐饮服务;中餐厅;中餐厅,4.5,91,0.9951814250759906,1,大众品质型
珍之宝御品(永盛大厦店),萧山区,餐饮服务;中餐厅;广东菜(粤菜),4.7,210,0.8781996612730315,1,大众品质型
粤见粤发(拱墅店),拱墅区,餐饮服务;中餐厅;广东菜(粤菜),4.7,104,1.0098925745770306,1,大众品质型
王翁记石锅翅·乳鸽专门店,上城区,餐饮服务;快餐厅;快餐厅,4.6,85,1.0326990003381638,1,大众品质型
粤甲壹方·壹粥壹面·潮汕菜(东站店),上城区,餐饮服务;中餐厅;中餐厅,4.6,58,1.1281318843252197,1,大众品质型
邦小宝潮汕美食馆,余杭区,餐饮服务;餐饮相关场所;餐饮相关,4.4,67,1.0427756760824212,1,大众品质型
蝴蝶里(滨江龙湖天街店),滨江区,餐饮服务;中餐厅;中餐厅,4.6,65,1.0979424996187397,1,大众品质型
粤顺餐厅(EFC LIVE欧美广场店),余杭区,餐饮服务;中餐厅;中餐厅,4.7,124,0.9734247308100584,1,大众品质型
潮马夜档,拱墅区,餐饮服务;中餐厅;中餐厅,4.6,101,0.994600441063666,1,大众品质型
咸鱼仔饮食店,滨江区,餐饮服务;中餐厅;中餐厅,4.7,40,1.2656277879026379,1,大众品质型
广东脆皮鸡煲(滨盛路店),滨江区,餐饮服务;中餐厅;中餐厅,4.7,84,1.057926838874359,1,大众品质型
潮中人潮汕大排档,上城区,餐饮服务;中餐厅;中餐厅,4.7,95,1.0297198642263399,1,大众品质型
文兴酒家(博地中心店),萧山区,餐饮服务;中餐厅;中餐厅,4.6,253,0.8307246371956474,1,大众品质型
潮中人潮州菜(蓝海时代国际大厦写字楼店),西湖区,餐饮服务;中餐厅;潮州菜,4.7,150,0.9367625790997657,1,大众品质型
安和隐世·拾璞,滨江区,餐饮服务;中餐厅;广东菜(粤菜),4.6,538,0.7313526260671914,2,高消费高品质型
东富酒家(杭州大厦购物城D座店),拱墅区,餐饮服务;中餐厅;中餐厅,4.6,350,0.7848776298275761,2,高消费高品质型
喜禄(杭州中心店),拱墅区,餐饮服务;中餐厅;火锅店,4.6,131,0.9420820407892824,1,大众品质型
喜靓·老广排档(钱江世纪城店),萧山区,餐饮服务;中餐厅;中餐厅,4.6,66,1.094015762005046,1,大众品质型
粤顺·顺德菜(迪凯?城星国际店),上城区,餐饮服务;中餐厅;广东菜(粤菜),4.7,117,0.9851835470105966,1,大众品质型
潮中人潮州菜(古墩路店),西湖区,餐饮服务;中餐厅;潮州菜,4.6,120,0.9591745002757665,1,大众品质型
容桂婆·顺德排档(杭州首店),余杭区,餐饮服务;中餐厅;中餐厅,4.6,98,1.0010620288533425,1,大众品质型
潮汕叶记鲜牛肉火锅(华星时代广场店),西湖区,餐饮服务;中餐厅;火锅店,4.6,90,1.0197613100905423,1,大众品质型
東家猪杂粥覓味馆·干蒸菜(杭州萧杭人家店),萧山区,餐饮服务;中餐厅;中餐厅,4.7,56,1.1624883506652415,1,大众品质型
潮味鲜·鱼生虾生(黄姑山路店),西湖区,餐饮服务;中餐厅;中餐厅,4.6,97,1.0032786538616378,1,大众品质型
壹只鸡煲馆(杭州首店),西湖区,餐饮服务;中餐厅;中餐厅,4.6,80,1.046775110620863,1,大众品质型
钟华平潮汕鲜活牛肉铺,钱塘区,餐饮服务;中餐厅;中餐厅,4.6,68,1.0864157514709336,1,大众品质型
粤蒸倌瑶姐古法干蒸菜(德胜路店),拱墅区,餐饮服务;中餐厅;广东菜(粤菜),4.6,50,1.1699399794625944,1,大众品质型
汕心·潮汕甜汤(杭州湖滨in77店),上城区,餐饮服务;甜品店;甜品店,4.3,25,1.3197890086495798,0,平价高性价比型
蝴蝶里(西溪天街店),西湖区,餐饮服务;中餐厅;广东菜(粤菜),4.6,65,1.0979424996187397,1,大众品质型
和家轩顺德菜(朝晖店),拱墅区,餐饮服务;中餐厅;中餐厅,4.6,97,1.0032786538616378,1,大众品质型
钜丰源·粤宫1998,上城区,餐饮服务;中餐厅;海鲜酒楼|餐饮服务;中餐厅;广东菜(粤菜)|公司企业;公司;公司,4.7,277,0.8351663882570275,2,高消费高品质型
瑶姐·古法干蒸(转塘店),西湖区,餐饮服务;中餐厅;中餐厅,4.6,40,1.2386995370961986,1,大众品质型
观言·鎏金(杭州湖滨in77A区北区店),上城区,餐饮服务;中餐厅;潮州菜,4.6,554,0.7279669587179985,2,高消费高品质型
味象餐厅,拱墅区,餐饮服务;中餐厅;中餐厅,4.6,254,0.830135575128738,1,大众品质型
蝴蝶里(下沙龙湖天街店),钱塘区,餐饮服务;中餐厅;广东菜(粤菜),4.6,65,1.0979424996187397,1,大众品质型
庖云府·浙粤荟,西湖区,餐饮服务;中餐厅;中餐厅,4.6,225,0.8486247207365243,1,大众品质型
潮东东(九鼎·名仕顿商务楼店),拱墅区,餐饮服务;中餐厅;潮州菜,4.7,135,0.9567128384382347,1,大众品质型
湖心居.潮宴,钱塘区,餐饮服务;中餐厅;中餐厅,4.7,298,0.8244972412215964,2,高消费高品质型
蝴蝶里(滨江宝龙广场店),滨江区,餐饮服务;中餐厅;广东菜(粤菜),4.6,65,1.0979424996187397,1,大众品质型
禧粤鱼捞·斑鱼海鲜粥火锅(萧山万象汇店),萧山区,餐饮服务;中餐厅;火锅店,4.6,118,0.9625195931074574,1,大众品质型
小笨鸡潮汕煲店(杭州首店),上城区,餐饮服务;餐饮相关场所;餐饮相关,4.6,93,1.012481078258731,1,大众品质型
粤蒸倌·瑶姐古法干蒸菜(钱塘高沙店),钱塘区,餐饮服务;中餐厅;中餐厅,4.6,48,1.1819661874504266,1,大众品质型
蔡澜港式点心(杭州嘉里中心店),拱墅区,餐饮服务;餐饮相关场所;餐饮相关,4.4,78,1.0069922215722815,1,大众品质型
潮中人潮汕夜档,西湖区,餐饮服务;中餐厅;中餐厅,4.6,110,0.9767428604063707,1,大众品质型
彩丰楼中餐厅(杭州奥克斯中心皇冠假日酒店店),余杭区,餐饮服务;餐饮相关场所;餐饮相关,4.6,225,0.8486247207365243,1,大众品质型
东富酒家(黄龙店),西湖区,餐饮服务;中餐厅;中餐厅,4.5,489,0.7264619791371933,2,高消费高品质型
禧粤鱼捞·斑鱼海鲜粥火锅(杭州亚奥万象天地店),萧山区,餐饮服务;中餐厅;火锅店,4.6,120,0.9591745002757665,1,大众品质型
粤蒸倌·瑶姐古法干蒸菜(滨江店),滨江区,餐饮服务;中餐厅;中餐厅,4.6,47,1.1882617273137122,1,大众品质型
云端37号·顶层江景餐厅,上城区,餐饮服务;中餐厅;中餐厅,4.6,784,0.6901017502118093,2,高消费高品质型
印象坊餐厅(金街美地店),西湖区,餐饮服务;中餐厅;中餐厅,4.6,56,1.1377545559702362,1,大众品质型
星平鸡饭·粤菜小炒(杭州东站万象汇店),上城区,餐饮服务;中餐厅;广东菜(粤菜),4.5,59,1.0990770150418754,1,大众品质型
酉今·台粤小食堂(RESIMPLE萧山万象汇店),萧山区,餐饮服务;中餐厅;中餐厅,4.5,35,1.2557489097403063,0,平价高性价比型
有牛在鲜潮汕牛肉火锅(城北招商花园城店),临平区,餐饮服务;中餐厅;火锅店,4.5,80,1.024019129955192,1,大众品质型
喜禄顺德菜(西湖天地店),上城区,餐饮服务;中餐厅;中餐厅,4.5,111,0.9536931390141199,1,大众品质型
钱江新城万豪酒店中餐厅,上城区,餐饮服务;中餐厅;中餐厅,4.6,165,0.8998456550458342,1,大众品质型
喜禄顺德小馆(金沙天街店),钱塘区,餐饮服务;中餐厅;广东菜(粤菜),4.5,118,0.9415952541268605,1,大众品质型
蝴蝶里(丁桥店),上城区,餐饮服务;中餐厅;广东菜(粤菜),4.6,65,1.0979424996187397,1,大众品质型
星平鸡饭·粤菜小炒(来福士店),上城区,餐饮服务;中餐厅;中餐厅,4.5,58,1.1036072781442368,1,大众品质型
吉妈.新派广府食集·广式鸡煲,滨江区,餐饮服务;中餐厅;广东菜(粤菜),4.3,69,1.0121230588752632,1,大众品质型
喜禄顺德小馆(来福士店),上城区,餐饮服务;中餐厅;广东菜(粤菜),4.4,99,0.955447860187154,1,大众品质型
糊妞靓姐顺德干蒸菜(美塘店),余杭区,餐饮服务;餐饮相关场所;餐饮相关,4.5,49,1.1502999838589916,1,大众品质型
潇阳居·寻味广粤(东站东广场店),上城区,餐饮服务;中餐厅;中餐厅,4.6,77,1.0558428811721325,1,大众品质型
顺德干蒸菜砂锅粥,萧山区,餐饮服务;中餐厅;中餐厅,4.5,38,1.2283128918422883,1,大众品质型
湘香蒸菜馆(湘湖路店),萧山区,餐饮服务;中餐厅;湖南菜(湘菜),4.9,83,1.1058909050988452,1,大众品质型
费大厨辣椒炒肉(杭州湖滨in77店),上城区,餐饮服务;中餐厅;中餐厅,4.6,28,1.3660813401175023,0,平价高性价比型
宴三衢·初味·衢州菜(西湖店),西湖区,餐饮服务;中餐厅;中餐厅,4.7,82,1.063627412065356,1,大众品质型
侯师傅热炒店(杭州湖滨in77店),上城区,餐饮服务;中餐厅;中餐厅,4.6,80,1.046775110620863,1,大众品质型
湘之荷·品质湘菜,拱墅区,餐饮服务;中餐厅;湖南菜(湘菜),4.7,118,0.9834439320880544,1,大众品质型
老六小炒肉(滨江银泰店),滨江区,餐饮服务;中餐厅;中餐厅,4.7,65,1.121810814827843,1,大众品质型
吃饭皇帝大·土家民族菜(龙湖天街店),滨江区,餐饮服务;中餐厅;中餐厅,4.7,80,1.069531091286534,1,大众品质型
巷子里湘菜馆(八年湘守),拱墅区,餐饮服务;中餐厅;湖南菜(湘菜),4.7,45,1.227589505851854,1,大众品质型
湘遇·湖南私房菜(西湖店),上城区,餐饮服务;中餐厅;湖南菜(湘菜),4.6,71,1.0756041907377925,1,大众品质型
岳阳楼(滨兴小区店),滨江区,餐饮服务;餐饮相关场所;餐饮相关,4.8,62,1.1585430638845202,1,大众品质型
湘之荷·湖南会馆,西湖区,餐饮服务;中餐厅;湖南菜(湘菜),4.7,325,0.8121795999240595,2,高消费高品质型
彭兜兜鲜货烧烤·小龙虾湘菜大排档(未来科技城店),余杭区,餐饮服务;中餐厅;中餐厅,4.6,77,1.0558428811721325,1,大众品质型
吃饭皇帝大·土家民族菜(城西银泰城店),拱墅区,餐饮服务;中餐厅;湖南菜(湘菜),4.7,80,1.069531091286534,1,大众品质型
湘约屋坎上·土家民族菜·不改湘西味(三花国际总店),上城区,餐饮服务;中餐厅;湖南菜(湘菜),4.7,57,1.157509165328124,1,大众品质型
兰湘子·湘菜小炒(杭州工联CC店),上城区,餐饮服务;中餐厅;中餐厅,4.4,47,1.1365981739522466,1,大众品质型
湘绯·锦(天目山路店),西湖区,餐饮服务;中餐厅;湖南菜(湘菜),4.6,66,1.094015762005046,1,大众品质型
吃饭皇帝大·土家民族菜(龙湖下沙天街店),钱塘区,餐饮服务;中餐厅;中餐厅,4.7,80,1.069531091286534,1,大众品质型
费大厨辣椒炒肉(滨江龙湖天街店),滨江区,餐饮服务;中餐厅;中餐厅,4.6,28,1.3660813401175023,0,平价高性价比型
辣得香湘菜馆(益乐路店),西湖区,餐饮服务;中餐厅;湖南菜(湘菜),4.6,69,1.0827362955409794,1,大众品质型
渔湘记本地特色鱼头馆,淳安县,餐饮服务;中餐厅;中餐厅,4.6,99,0.998877308377479,1,大众品质型
吃饭皇帝大·土家民族菜(西溪印象城A座店),余杭区,餐饮服务;中餐厅;中餐厅,4.7,80,1.069531091286534,1,大众品质型
费大厨辣椒炒肉(龙湖杭州上城天街店),上城区,餐饮服务;中餐厅;中餐厅,4.6,78,1.0527645952801123,1,大众品质型
小渔村全湖景餐厅(湖光里店),淳安县,餐饮服务;中餐厅;中餐厅,4.6,66,1.094015762005046,1,大众品质型
小湘厨(迎春东苑店),滨江区,餐饮服务;中餐厅;中餐厅,4.6,65,1.0979424996187397,1,大众品质型
妙手菜湘.长沙菜(杭州首店),拱墅区,餐饮服务;中餐厅;湖南菜(湘菜),4.6,50,1.1699399794625944,1,大众品质型
吃饭皇帝大·土家民族菜(印力汇德隆杭州奥体印象城店),萧山区,餐饮服务;中餐厅;湖南菜(湘菜)|餐饮服务;冷饮店;冷饮店,4.7,84,1.057926838874359,1,大众品质型
费大厨辣椒炒肉(西溪天街店),西湖区,餐饮服务;中餐厅;中餐厅,4.7,77,1.0787959872845703,1,大众品质型
小湘村湘菜(滨兴小区东区店),滨江区,餐饮服务;中餐厅;湖南菜(湘菜),4.7,50,1.1953734572769987,1,大众品质型
湘绯·杭城拾佳湘菜(阿里店),余杭区,餐饮服务;中餐厅;湖南菜(湘菜),4.4,68,1.0391802840156756,1,大众品质型
忆湘味-鲜炒·湖南菜(EFC店),余杭区,餐饮服务;中餐厅;湖南菜(湘菜),4.6,63,1.106066198014872,1,大众品质型
巡湘记?乡野湖南菜(杭州湖滨in77店),上城区,餐饮服务;中餐厅;湖南菜(湘菜),4.5,70,1.0556739257472476,1,大众品质型
陆幺陆家常菜古墩路店,西湖区,餐饮服务;中餐厅;中餐厅,4.7,95,1.0297198642263399,1,大众品质型
费大厨辣椒炒肉(奥体印象城店),萧山区,餐饮服务;中餐厅;中餐厅,4.6,72,1.0721462498591425,1,大众品质型
江南公社(桐庐店),桐庐县,餐饮服务;中餐厅;湖南菜(湘菜),4.6,74,1.065434317138697,1,大众品质型
川湘馆(邮电路店),上城区,餐饮服务;中餐厅;四川菜(川菜),4.6,51,1.1641903986756574,1,大众品质型
湘江春·精致湘菜,萧山区,餐饮服务;中餐厅;中餐厅,4.6,58,1.1281318843252197,1,大众品质型
湘先生米小姐(EFC LIVE欧美广场店),余杭区,餐饮服务;中餐厅;湖南菜(湘菜),4.5,47,1.1624299506329794,1,大众品质型
碧湖小馆(象山国际店),西湖区,餐饮服务;中餐厅;中餐厅,4.6,80,1.046775110620863,1,大众品质型
费大厨辣椒炒肉(金沙天街店),钱塘区,餐饮服务;中餐厅;中餐厅,4.6,91,1.017296567855457,1,大众品质型
大嘴巴湘菜馆·干煸小龙虾(奥体店),萧山区,餐饮服务;中餐厅;湖南菜(湘菜),4.7,50,1.1953734572769987,1,大众品质型
湘辣湘食·湘菜馆(市心北路店),萧山区,餐饮服务;中餐厅;湖南菜(湘菜),4.7,68,1.1100334851985627,1,大众品质型
湘先生米小姐湖南小炒(古墩路印象城店),西湖区,餐饮服务;中餐厅;湖南菜(湘菜),4.5,50,1.1445065016481901,1,大众品质型
湘绯·杭城拾佳湘菜(三深国际店),西湖区,餐饮服务;中餐厅;湖南菜(湘菜),4.6,67,1.0901745704498038,1,大众品质型
费大厨辣椒炒肉(杭州大悦城店),拱墅区,餐饮服务;中餐厅;中餐厅,4.5,59,1.0990770150418754,1,大众品质型
小苏哥·湘菜(杭行荟店),余杭区,餐饮服务;中餐厅;湖南菜(湘菜),4.6,48,1.1819661874504266,1,大众品质型
洞庭3000里·乡野湖南菜(杭州中心店),拱墅区,餐饮服务;中餐厅;中餐厅,4.6,86,1.0300256695352283,1,大众品质型
兰湘子·湘菜小炒(杭州国大店),拱墅区,餐饮服务;中餐厅;湖南菜(湘菜),4.3,37,1.1821025842927224,0,平价高性价比型
湘先生米小姐(众安广场店),萧山区,餐饮服务;中餐厅;湖南菜(湘菜),4.6,56,1.1377545559702362,1,大众品质型
椿湘现炒下饭菜(紫荆天街店),西湖区,餐饮服务;中餐厅;湖南菜(湘菜),4.6,55,1.1427572926329579,1,大众品质型
湘绯·杭城拾佳湘菜(滨江宝龙店),滨江区,餐饮服务;中餐厅;湖南菜(湘菜),4.6,54,1.1478955672943743,1,大众品质型
味道野的很·湖南山里菜(象山国际店),西湖区,餐饮服务;中餐厅;中餐厅,4.6,58,1.1281318843252197,1,大众品质型
蛙来哒(萧山银泰店),萧山区,餐饮服务;中餐厅;中餐厅,4.5,72,1.0488387226882916,1,大众品质型
湘先生米小姐(EAC世贸丽晶城店),西湖区,餐饮服务;中餐厅;湖南菜(湘菜),4.5,55,1.117914742793111,1,大众品质型
湘小妹·湘菜馆(钱江世纪城店),萧山区,餐饮服务;中餐厅;湖南菜(湘菜),4.6,51,1.1641903986756574,1,大众品质型
兰湘子·湘菜小炒(杭州亚奥万象天地店),萧山区,餐饮服务;中餐厅;中餐厅,4.4,54,1.097987064368532,1,大众品质型
聚缘私房菜(千岛湖高铁站店),淳安县,餐饮服务;中餐厅;湖南菜(湘菜),4.4,55,1.0930721929532643,1,大众品质型
鹊拾湘·金奖现炒黄牛肉(国芳天街店),上城区,餐饮服务;中餐厅;中餐厅,4.5,64,1.0780025208615835,1,大众品质型
湘先生米小姐(金沙印象城店),钱塘区,餐饮服务;中餐厅;湖南菜(湘菜),4.5,59,1.0990770150418754,1,大众品质型
巡湘记?乡野湖南菜(龙湖杭州西溪天街店),西湖区,餐饮服务;中餐厅;湖南菜(湘菜),4.5,70,1.0556739257472476,1,大众品质型
兰湘子·湘菜小炒(杭州萧山银泰店),萧山区,餐饮服务;中餐厅;湖南菜(湘菜),4.5,44,1.182137899562384,1,大众品质型
东厢记乌猪小炒肉,上城区,餐饮服务;中餐厅;湖南菜(湘菜),4.5,72,1.0488387226882916,1,大众品质型
举炊·寻湘记·湖南菜(东站汇和城店),上城区,餐饮服务;中餐厅;中餐厅,4.5,65,1.0740741844096369,1,大众品质型
盖饭邦·长沙菜馆(宝港生活广场店),西湖区,餐饮服务;中餐厅;中餐厅,4.6,55,1.1427572926329579,1,大众品质型
湘先生米小姐(滨江宝龙店),滨江区,餐饮服务;中餐厅;中餐厅,4.5,56,1.1130207612752312,1,大众品质型
湘绯(华夏之心店),余杭区,餐饮服务;中餐厅;湖南菜(湘菜),4.6,68,1.0864157514709336,1,大众品质型
兰湘子·湘菜小炒(杭州西溪龙湖天街店),西湖区,餐饮服务;中餐厅;湖南菜(湘菜),4.4,34,1.2375722218760048,0,平价高性价比型
大嘴巴湘菜馆·干煸小龙虾(钱江世纪城店),萧山区,餐饮服务;中餐厅;湖南菜(湘菜),4.6,50,1.1699399794625944,1,大众品质型
巡湘记?乡野湖南菜(杭州奥体印象城店),萧山区,餐饮服务;中餐厅;湖南菜(湘菜),4.5,70,1.0556739257472476,1,大众品质型
元气考拉·湖南小炒(滨江宝龙城店),滨江区,餐饮服务;中餐厅;中餐厅,4.4,37,1.2095933420669718,0,平价高性价比型
大米先生(西湖银泰百货店),上城区,餐饮服务;快餐厅;快餐厅,4.2,27,1.260426839701735,0,平价高性价比型
兰湘子·湘菜小炒(杭州下沙龙湖天街店),钱塘区,餐饮服务;中餐厅;湖南菜(湘菜),4.4,41,1.1772041002438376,0,平价高性价比型
湘粤江南(西子国际店),临平区,餐饮服务;餐饮相关场所;餐饮相关,4.6,68,1.0864157514709336,1,大众品质型
举炊·寻湘记·湖南菜(西子丁兰广场店),上城区,餐饮服务;中餐厅;湖南菜(湘菜),4.5,58,1.1036072781442368,1,大众品质型
湘先生米小姐(亲橙里购物中心店),余杭区,餐饮服务;中餐厅;湖南菜(湘菜),4.5,52,1.1334179193826484,1,大众品质型
只有板凳长·湖南山里菜,滨江区,餐饮服务;餐饮相关场所;餐饮相关,4.6,72,1.0721462498591425,1,大众品质型
蛙小侠(银隆B座店),萧山区,餐饮服务;中餐厅;中餐厅,4.6,88,1.0248101251905388,1,大众品质型
原香木桶饭川湘菜馆(萧山万象汇店),萧山区,餐饮服务;中餐厅;中餐厅,4.5,35,1.2557489097403063,0,平价高性价比型
兰湘子·湘菜小炒(杭州拱墅吾悦店),拱墅区,餐饮服务;中餐厅;湖南菜(湘菜),4.3,35,1.1999378470851816,0,平价高性价比型
举炊·寻湘记·湖南菜(大象城店),西湖区,餐饮服务;中餐厅;中餐厅,4.5,47,1.1624299506329794,1,大众品质型
朝天椒·现炒黄牛肉(杭州东站万象汇店),上城区,餐饮服务;中餐厅;中餐厅,4.4,65,1.0502058692005338,1,大众品质型
湘宜艺术餐厅(星澜里店),滨江区,餐饮服务;中餐厅;湖南菜(湘菜),4.6,102,0.99250679202218,1,大众品质型
芙蓉霄·湘(杭州首店),上城区,餐饮服务;中餐厅;湖南菜(湘菜),4.4,92,0.9707453761680125,1,大众品质型
大嘴巴湘菜馆·干煸小龙虾(杭州彩虹城店),滨江区,餐饮服务;中餐厅;湖南菜(湘菜),4.6,50,1.1699399794625944,1,大众品质型
兰湘子·湘菜小炒(杭州城北万象城店),余杭区,餐饮服务;中餐厅;中餐厅,4.3,42,1.1432521184018636,0,平价高性价比型
湖南人家私房菜馆(上尚城店),余杭区,餐饮服务;中餐厅;湖南菜(湘菜),4.5,56,1.1130207612752312,1,大众品质型
小禾山·大碗饭(科技园店),钱塘区,餐饮服务;餐饮相关场所;餐饮相关,4.4,20,1.445218450513425,0,平价高性价比型
老六小炒肉(杭州大悦城店),拱墅区,餐饮服务;餐饮相关场所;餐饮相关,4.5,52,1.1334179193826484,1,大众品质型
湘先生米小姐(杭州七堡花园城店),上城区,餐饮服务;中餐厅;湖南菜(湘菜),4.5,47,1.1624299506329794,1,大众品质型
溢湘堂湖南山里味(上亿彩虹郡店),余杭区,餐饮服务;中餐厅;湖南菜(湘菜),4.5,61,1.0903449173610649,1,大众品质型
洞庭3000里·乡野湖南菜,上城区,餐饮服务;餐饮相关场所;餐饮相关,4.5,98,0.9792998108347917,1,大众品质型
农耕记·湖南土菜(杭州城西银泰城店),拱墅区,餐饮服务;中餐厅;中餐厅,4.4,65,1.0502058692005338,1,大众品质型
兰湘子·湘菜小炒(杭州上城龙湖天街店),上城区,餐饮服务;中餐厅;湖南菜(湘菜),4.1,36,1.1354453629763153,0,平价高性价比型
巡湘记?乡野湖南菜(城北万象城店),余杭区,餐饮服务;中餐厅;湖南菜(湘菜),4.5,70,1.0556739257472476,1,大众品质型
不忘湘·精致湘菜·小龙虾(闻堰老街店),萧山区,餐饮服务;中餐厅;湖南菜(湘菜),4.6,75,1.0621757652933361,1,大众品质型
湘先生米小姐(临安人民广场店),临安区,餐饮服务;中餐厅;湖南菜(湘菜),4.5,55,1.117914742793111,1,大众品质型
東禧张大厨老坛柠檬鱼(首尔印象店),西湖区,餐饮服务;中餐厅;中餐厅,4.6,69,1.0827362955409794,1,大众品质型
叭嘴湘·湖南下饭菜(乐创城店),萧山区,餐饮服务;中餐厅;湖南菜(湘菜),4.5,58,1.1036072781442368,1,大众品质型
兰湘子·湘菜小炒(杭州拱墅宝龙广场店),拱墅区,餐饮服务;中餐厅;湖南菜(湘菜),4.3,42,1.1432521184018636,0,平价高性价比型
费大厨辣椒炒肉(萧山万象汇店),萧山区,餐饮服务;中餐厅;中餐厅,4.6,28,1.3660813401175023,0,平价高性价比型
兰湘子·湘菜小炒(杭州钱塘永旺梦乐城店),钱塘区,餐饮服务;中餐厅;湖南菜(湘菜),4.4,38,1.2010170498013486,0,平价高性价比型
兰湘子·湘菜小炒(杭州临平万达店),临平区,餐饮服务;中餐厅;湖南菜(湘菜),4.3,39,1.1656656319318122,0,平价高性价比型
巡湘记·乡野湖南菜(杭州金沙龙湖店),钱塘区,餐饮服务;中餐厅;湖南菜(湘菜),4.5,75,1.0390849877869595,1,大众品质型
巡湘记·乡野湖南菜(杭州来福士店),上城区,餐饮服务;中餐厅;中餐厅,4.3,63,1.0339314459704239,1,大众品质型
鹊拾湘·现炒黄牛肉(新天地购物中心店),拱墅区,餐饮服务;中餐厅;湖南菜(湘菜),4.5,63,1.0820212806667227,1,大众品质型
大米先生(宝龙城店),滨江区,餐饮服务;快餐厅;快餐厅,4.1,32,1.1725986367609647,0,平价高性价比型
渔你湘约(杭州粮贸大厦店),拱墅区,餐饮服务;中餐厅;湖南菜(湘菜),4.6,53,1.1531758328193855,1,大众品质型
富红姐鱼头,富阳区,餐饮服务;中餐厅;中餐厅,4.5,62,1.0861341223917378,1,大众品质型
椿湘现炒下饭菜(西溪印象城B座店),余杭区,餐饮服务;中餐厅;中餐厅,4.1,52,1.0326696598819685,0,平价高性价比型
年年不忘下饭菜(滨江宝龙店),滨江区,餐饮服务;中餐厅;中餐厅,4.5,50,1.1445065016481901,1,大众品质型
鹊拾湘·金奖现炒黄牛肉(龙湖上城天街店),上城区,餐饮服务;中餐厅;中餐厅,4.3,55,1.0682296431134173,1,大众品质型
小湘厨滨康店,滨江区,餐饮服务;中餐厅;中餐厅,4.7,69,1.1062740410962182,1,大众品质型
小菜园新徽菜(杭州西湖银泰店),上城区,餐饮服务;中餐厅;中餐厅,4.6,55,1.1427572926329579,1,大众品质型
小菜园新徽菜(杭州东站万象汇店),上城区,餐饮服务;中餐厅;中餐厅,4.7,55,1.1675998424728051,1,大众品质型
大鱼徽州·皖南家宴(东站德信店),上城区,餐饮服务;中餐厅;安徽菜(徽菜),4.7,88,1.0470886061729419,1,大众品质型
印象临安(城东店),临安区,餐饮服务;中餐厅;中餐厅|商务住宅;商务住宅相关;商务住宅相关,4.7,97,1.0250890593803692,1,大众品质型
卢家·皖掌柜(杭州首店),拱墅区,餐饮服务;中餐厅;安徽菜(徽菜),4.7,88,1.0470886061729419,1,大众品质型
徽灶头·安徽土菜(三墩店),西湖区,餐饮服务;中餐厅;安徽菜(徽菜),4.6,60,1.1189834940180172,1,大众品质型
大俺徽地锅鸡(御金台),萧山区,餐饮服务;中餐厅;中餐厅,4.7,57,1.157509165328124,1,大众品质型
大俺徽地锅鸡(绿都百瑞店),萧山区,餐饮服务;中餐厅;中餐厅,4.7,74,1.0885959327286687,1,大众品质型
大鱼徽州·皖南家宴(星光总店),滨江区,餐饮服务;中餐厅;中餐厅,4.7,88,1.0470886061729419,1,大众品质型
小菜园新徽菜(杭州拱墅中大银泰店),拱墅区,餐饮服务;中餐厅;安徽菜(徽菜),4.4,55,1.0930721929532643,1,大众品质型
披云徽府(中赢星海店),滨江区,餐饮服务;中餐厅;中餐厅,4.7,177,0.9070236057496212,1,大众品质型
小菜园新徽菜(杭州拱墅万达店),拱墅区,餐饮服务;外国餐厅;韩国料理,4.6,55,1.1427572926329579,1,大众品质型
大俺徽地锅鸡(星荟广场店),滨江区,餐饮服务;中餐厅;中餐厅,4.6,47,1.1882617273137122,1,大众品质型
大俺徽柴火鸡·地锅鸡(皓月路店),萧山区,餐饮服务;中餐厅;中餐厅,4.7,63,1.1301111153630214,1,大众品质型
大鱼徽州·皖南家宴(文二店),西湖区,餐饮服务;中餐厅;中餐厅,4.6,88,1.0248101251905388,1,大众品质型
徽姐姐徽菜·臭鳜鱼(海蓝·天行国际店),拱墅区,餐饮服务;中餐厅;安徽菜(徽菜),4.7,68,1.1100334851985627,1,大众品质型
半勺晴山·中国徽菜(杭州中心店),拱墅区,餐饮服务;中餐厅;中餐厅,4.6,115,0.9676896440518323,1,大众品质型
大俺徽地锅鸡(庆春店),上城区,餐饮服务;中餐厅;中餐厅,4.6,71,1.0756041907377925,1,大众品质型
徽商故里(杭州店),西湖区,餐饮服务;中餐厅;安徽菜(徽菜),4.7,117,0.9851835470105966,1,大众品质型
披云徽府(杭州徽商大厦店),拱墅区,餐饮服务;中餐厅;安徽菜(徽菜),4.7,180,0.9041074702423284,1,大众品质型
小菜园新徽菜(杭州上城龙湖店),上城区,餐饮服务;中餐厅;安徽菜(徽菜),4.5,55,1.117914742793111,1,大众品质型
小菜园新徽菜(杭州滨江宝龙店),滨江区,餐饮服务;中餐厅;安徽菜(徽菜),4.5,55,1.117914742793111,1,大众品质型
沈厨臭鳜鱼·山野徽州土菜(高德置地店),上城区,餐饮服务;中餐厅;安徽菜(徽菜),4.6,98,1.0010620288533425,1,大众品质型
小菜园新徽菜(杭州余杭万达店),余杭区,餐饮服务;中餐厅;安徽菜(徽菜),4.5,55,1.117914742793111,1,大众品质型
大俺徽柴火鸡·地锅鸡(加州阳光店),萧山区,餐饮服务;中餐厅;中餐厅,4.6,75,1.0621757652933361,1,大众品质型
小菜园新徽菜(杭州萧山银隆百货店),萧山区,餐饮服务;中餐厅;中餐厅,4.5,55,1.117914742793111,1,大众品质型
大俺徽地锅鸡(转塘象山国际店),西湖区,餐饮服务;中餐厅;中餐厅,4.7,73,1.0919909197983517,1,大众品质型
沈厨臭 鳜鱼·山野徽州土菜(阿里亲橙里店),余杭区,餐饮服务;中餐厅;中餐厅,4.5,98,0.9792998108347917,1,大众品质型
小菜园新徽菜(杭州钱塘永旺店),钱塘区,餐饮服务;中餐厅;中餐厅,4.5,55,1.117914742793111,1,大众品质型
大俺徽柴火鸡·地锅鸡(鑫都汇店),滨江区,餐饮服务;中餐厅;中餐厅,4.6,61,1.1145748044135328,1,大众品质型
小菜园新徽菜(杭州滨江开元店),滨江区,餐饮服务;中餐厅;安徽菜(徽菜),4.5,55,1.117914742793111,1,大众品质型
大俺徽地锅鸡(拱墅宝龙店),拱墅区,餐饮服务;中餐厅;中餐厅,4.6,55,1.1427572926329579,1,大众品质型
皖北囍阿婆地锅鸡,临安区,餐饮服务;中餐厅;中餐厅,4.5,37,1.2370840998412211,1,大众品质型
徽小馆,上城区,餐饮服务;中餐厅;中餐厅,4.5,63,1.0820212806667227,1,大众品质型
小菜园新徽菜(杭州余杭良渚永旺店),余杭区,餐饮服务;中餐厅;中餐厅,4.4,55,1.0930721929532643,1,大众品质型
皖北小厨房(滨兴小区西区店),滨江区,餐饮服务;中餐厅;中餐厅,4.6,56,1.1377545559702362,1,大众品质型
小菜园新徽菜(杭州萧山开元广场店),萧山区,餐饮服务;中餐厅;中餐厅,4.4,55,1.0930721929532643,1,大众品质型
大俺徽地锅鸡(东站祥生中心店),上城区,餐饮服务;中餐厅;火锅店,4.5,61,1.0903449173610649,1,大众品质型
刘记私房菜(七贤郡店),余杭区,餐饮服务;中餐厅;中餐厅,4.5,22,1.4351804500671046,0,平价高性价比型
小菜园新徽菜(杭州萧山奥体印象城店),萧山区,餐饮服务;中餐厅;安徽菜(徽菜),4.4,55,1.0930721929532643,1,大众品质型
水墨徽I新安·徽菜(钱江世纪城店),萧山区,餐饮服务;中餐厅;中餐厅,4.7,110,0.9979764008499875,1,大众品质型
小菜园新徽菜(杭州萧山银泰店),萧山区,餐饮服务;中餐厅;中餐厅,4.3,55,1.0682296431134173,1,大众品质型
徽州名灶妈妈菜(喜悦广场店),临平区,餐饮服务;中餐厅;中餐厅,4.6,101,0.994600441063666,1,大众品质型
徽姐姐徽菜·臭鳜鱼(潮王路店),拱墅区,餐饮服务;中餐厅;中餐厅,4.6,85,1.0326990003381638,1,大众品质型
小菜园新徽菜(杭州拱墅吾悦店),拱墅区,餐饮服务;中餐厅;安徽菜(徽菜),4.4,55,1.0930721929532643,1,大众品质型
老乡鸡(杭州东站店),上城区,餐饮服务;餐饮相关场所;餐饮相关,4.0,46,1.0389212086890862,0,平价高性价比型
小菜园新徽菜(杭州富阳万达店),富阳区,餐饮服务;中餐厅;中餐厅,4.4,55,1.0930721929532643,1,大众品质型
皖碗鸡(善贤人家店),拱墅区,餐饮服务;中餐厅;中餐厅,4.3,62,1.0378614947298828,1,大众品质型
皖北地锅鸡,余杭区,餐饮服务;餐饮相关场所;餐饮相关,4.3,47,1.1107663972715136,0,平价高性价比型
皖宴地锅鸡·地锅鱼,临平区,餐饮服务;中餐厅;中餐厅,4.5,51,1.1388819117479259,1,大众品质型
小菜园新徽菜(杭州建德恒太城店),建德市,餐饮服务;餐饮相关场所;餐饮相关,4.4,55,1.0930721929532643,1,大众品质型
皖碗地锅鸡(万美商务中心店),西湖区,餐饮服务;中餐厅;中餐厅,4.5,72,1.0488387226882916,1,大众品质型
铁锅年代地锅鸡(明珠路店),建德市,餐饮服务;中餐厅;安徽菜(徽菜),4.3,64,1.0300912977121799,1,大众品质型
皖北地锅鸡(锦城街店),余杭区,餐饮服务;中餐厅;中餐厅,4.3,83,0.9704756922295988,1,大众品质型
皖宴地锅鸡(瑞聚大厦店),临平区,餐饮服务;中餐厅;中餐厅,4.5,53,1.128106792975486,1,大众品质型
小菜园新徽菜(杭州临平城北花园城店),临平区,餐饮服务;中餐厅;安徽菜(徽菜),4.3,55,1.0682296431134173,1,大众品质型
忆浙西·浙西农家菜(龙岗店),临安区,餐饮服务;中餐厅;安徽菜(徽菜),4.6,79,1.0497425925258759,1,大众品质型
老安徽砂锅(新民街店),临安区,餐饮服务;中餐厅;安徽菜(徽菜),4.5,28,1.3363839196801655,0,平价高性价比型
浙皖饭店,建德市,餐饮服务;中餐厅;中餐厅,4.5,71,1.0522214909391447,1,大众品质型
何记皖北地锅鸡(良诸店),余杭区,餐饮服务;中餐厅;特色/地方风味餐厅,4.4,82,0.995736300656929,1,大众品质型
安徽地锅鸡(九堡家苑店),上城区,餐饮服务;中餐厅;安徽菜(徽菜),4.5,66,1.0702328106571102,1,大众品质型
小菜园新徽菜(杭州余杭金地店),余杭区,餐饮服务;中餐厅;安徽菜(徽菜),4.4,55,1.0930721929532643,1,大众品质型
大俺徽地锅鸡(乐创城店),萧山区,餐饮服务;中餐厅;中餐厅,3.8,81,0.8623195140827471,0,平价高性价比型
浙皖楼饭店,淳安县,餐饮服务;中餐厅;中餐厅,4.5,75,1.0390849877869595,1,大众品质型
皖员外地锅鸡(临江店),钱塘区,餐饮服务;中餐厅;中餐厅,4.2,53,1.0528996734437868,0,平价高性价比型
皖北地锅鸡(余杭万达店),余杭区,餐饮服务;餐饮相关场所;餐饮相关,4.2,51,1.062956450964731,0,平价高性价比型
嘟嘟宝私房菜馆,临安区,餐饮服务;中餐厅;中餐厅,4.4,97,0.9596578428241755,1,大众品质型
安徽地锅鸡,钱塘区,餐饮服务;中餐厅;安徽菜(徽菜),4.2,52,1.0578567247571387,0,平价高性价比型
皖佬地锅鸡(江和城购物中心店),建德市,餐饮服务;中餐厅;中餐厅,4.2,53,1.0528996734437868,0,平价高性价比型
小菜园新徽菜(杭州西湖龙湖紫荆天街店),西湖区,餐饮服务;中餐厅;安徽菜(徽菜),4.4,69,1.0356608044305022,1,大众品质型
皖北地锅鸡(三号路店),富阳区,餐饮服务;中餐厅;中餐厅,4.3,50,1.0936395460193817,0,平价高性价比型
皖缘粗菜馆,富阳区,餐饮服务;中餐厅;中餐厅,4.3,46,1.1168402993407676,0,平价高性价比型
阜阳格拉条卷馍(下沙店),钱塘区,餐饮服务;中餐厅;中餐厅,4.4,17,1.5222955275492518,0,平价高性价比型
徽府地锅鸡(临浦店),萧山区,餐饮服务;中餐厅;安徽菜(徽菜),4.4,35,1.227843378412744,0,平价高性价比型
小菜园新徽菜(杭州上城七堡花园城店),上城区,餐饮服务;中餐厅;安徽菜(徽菜),4.4,55,1.0930721929532643,1,大众品质型
蒸小皖(杭州东站店),上城区,餐饮服务;中餐厅;中餐厅,3.4,44,0.8931708574471344,0,平价高性价比型
皖北地锅鸡(佳源名城店),临平区,餐饮服务;中餐厅;中餐厅,4.3,67,1.0190762288987296,1,大众品质型
安徽香辣馆(世茂店),钱塘区,餐饮服务;中餐厅;中餐厅,4.0,105,0.8577360868828099,1,大众品质型
安徽饭店,萧山区,餐饮服务;中餐厅;中餐厅,4.3,50,1.0936395460193817,0,平价高性价比型
淮南黄牛汤,临平区,餐饮服务;中餐厅;中餐厅,3.7,13,1.4020157722528195,0,平价高性价比型
徽州人家(振兴路店),富阳区,餐饮服务;餐饮相关场所;餐饮相关,4.4,48,1.1305763532134516,1,大众品质型
农家大灶台(松乔街店),钱塘区,餐饮服务;中餐厅;中餐厅,4.0,66,0.9513180539174313,0,平价高性价比型
何记皖北地锅鸡(乔司店),临平区,餐饮服务;中餐厅;中餐厅,4.2,55,1.0433870932735705,0,平价高性价比型
江西香辣馆(朝阳店),临平区,餐饮服务;中餐厅;安徽菜(徽菜),4.1,55,1.0185445434337235,0,平价高性价比型
皖北地锅鸡(临平欣北店),临平区,餐饮服务;中餐厅;中餐厅,4.2,53,1.0528996734437868,0,平价高性价比型
何记皖北地锅鸡(塘栖店),临平区,餐饮服务;中餐厅;安徽菜(徽菜),4.3,123,0.892064071668035,1,大众品质型
淮南牛肉汤(范家路),上城区,餐饮服务;中餐厅;中餐厅,4.0,14,1.4770774922754202,0,平价高性价比型
皖员外地锅鸡(益农店),萧山区,餐饮服务;中餐厅;安徽菜(徽菜),4.2,57,1.0343698924208766,0,平价高性价比型
皖豫土菜馆,余杭区,餐饮服务;中餐厅;中餐厅,4.4,46,1.1428133295579948,1,大众品质型
伍味徽菜馆,余杭区,餐饮服务;中餐厅;安徽菜(徽菜),4.1,50,1.0427725903905731,0,平价高性价比型
皖北地锅鸡(南江路店),富阳区,餐饮服务;中餐厅;中餐厅,4.2,53,1.0528996734437868,0,平价高性价比型
皖掌柜地锅鸡(盛乐店),萧山区,餐饮服务;中餐厅;中餐厅,4.4,65,1.0502058692005338,1,大众品质型
徽州土菜馆,余杭区,餐饮服务;中餐厅;中餐厅,4.4,54,1.097987064368532,1,大众品质型
徽州小锅菜(乐富海邦园分店),余杭区,餐饮服务;中餐厅;中餐厅,3.8,18,1.2905684332014127,0,平价高性价比型
徽馆.无为土菜馆(万和店),萧山区,餐饮服务;中餐厅;安徽菜(徽菜),3.6,85,0.8081992176559544,0,平价高性价比型
皖北地锅鸡(瓜沥店),萧山区,餐饮服务;餐饮相关场所;餐饮相关,4.4,58,1.0790826719632538,1,大众品质型
安徽农家地锅鸡(星桥店),临平区,餐饮服务;中餐厅;中餐厅,4.4,50,1.119073023833786,1,大众品质型
姐妹徽菜馆,富阳区,餐饮服务;中餐厅;安徽菜(徽菜),4.4,82,0.995736300656929,1,大众品质型
皖北羊肉馆(铭和苑新荷坊店),钱塘区,餐饮服务;中餐厅;中餐厅,4.2,36,1.163139152317201,0,平价高性价比型
安徽饭店(坎红路),萧山区,餐饮服务;中餐厅;安徽菜(徽菜),3.9,41,1.0434309070343104,0,平价高性价比型
安徽菜馆(横塘6区南区店),上城区,餐饮服务;中餐厅;安徽菜(徽菜),4.5,64,1.0780025208615835,1,大众品质型
亮小皖炒鸡店,上城区,餐饮服务;中餐厅;中餐厅,4.4,168,0.8577167395528162,1,大众品质型
皖北地锅灶(七格小区店),钱塘区,餐饮服务;中餐厅;中餐厅,4.0,48,1.0277966847395015,0,平价高性价比型
徽州小馆,桐庐县,餐饮服务;餐饮相关场所;餐饮相关,3.9,9,1.693748479422682,0,平价高性价比型
小菜园新徽菜(良安路店),余杭区,餐饮服务;餐饮相关场所;餐饮相关,4.3,25,1.3197890086495798,0,平价高性价比型
安徽饭店,临平区,餐饮服务;中餐厅;安徽菜(徽菜),4.3,20,1.4123725766381197,0,平价高性价比型
如意餐馆(万向路店货真价实店),萧山区,餐饮服务;中餐厅;中餐厅,4.5,47,1.1624299506329794,1,大众品质型
皖北地锅鸡(乾南嘉苑店),临平区,餐饮服务;中餐厅;中餐厅,4.3,63,1.0339314459704239,1,大众品质型
忆香缘千衢菜妈妈味(东港路店),临平区,餐饮服务;快餐厅;快餐厅,4.4,87,0.9827270501008266,1,大众品质型
皖北饭店,临安区,餐饮服务;中餐厅;中餐厅,4.2,28,1.2472916583681544,0,平价高性价比型
何记皖北地锅鸡(成虎路店),萧山区,餐饮服务;中餐厅;中餐厅,4.1,66,0.9751010052653669,0,平价高性价比型
迎春·东北老菜儿(西湖店),西湖区,餐饮服务;中餐厅;中餐厅,4.7,59,1.1479248823770698,1,大众品质型
老姑东北人(立涛园店),萧山区,餐饮服务;中餐厅;东北菜,4.9,78,1.1214231558418588,1,大众品质型
周姐焦烤鸡架·东北烧烤夜宵,滨江区,餐饮服务;中餐厅;中餐厅,4.8,77,1.101749093397008,1,大众品质型
杨光姐?东北老家(西湖文化广场店),拱墅区,餐饮服务;中餐厅;中餐厅,4.7,62,1.1344067500535928,1,大众品质型
刘老根·东北烧烤酒场(闻涛观潮店),滨江区,餐饮服务;餐饮相关场所;餐饮相关,4.8,80,1.0922870719522046,1,大众品质型
东北一锅香(丰谭路城西店),西湖区,餐饮服务;中餐厅;东北菜,4.7,72,1.0954537770299935,1,大众品质型
马丫东北饭儿(未来科技城店),余杭区,餐饮服务;中餐厅;中餐厅,4.7,56,1.1624883506652415,1,大众品质型
夏大厨铁锅炖·东北菜·烧烤(钱江世纪城店),萧山区,餐饮服务;中餐厅;东北菜,4.7,63,1.1301111153630214,1,大众品质型
潘家东北烧烤火锅,拱墅区,餐饮服务;中餐厅;火锅店,4.7,84,1.057926838874359,1,大众品质型
城子岭铁锅炖,萧山区,餐饮服务;中餐厅;中餐厅,4.7,78,1.075650782134028,1,大众品质型
马丫东北饭儿(滨江文苑大厦店),滨江区,餐饮服务;中餐厅;中餐厅,4.7,83,1.0607525008090966,1,大众品质型
十八道东北菜?芳达烧烤东北菜 (中赢康康谷店),滨江区,餐饮服务;中餐厅;东北菜,4.7,90,1.0419300342229454,1,大众品质型
广源东北菜(文创大厦店),钱塘区,餐饮服务;中餐厅;东北菜,4.7,66,1.1177987133529819,1,大众品质型
郭包又东北菜(北软中天园店),拱墅区,餐饮服务;中餐厅;东北菜,4.7,69,1.1062740410962182,1,大众品质型
福泰来(北景园店),拱墅区,餐饮服务;中餐厅;东北菜,4.8,69,1.1298117866514568,1,大众品质型
马丫东北饭儿(金昌路店),余杭区,餐饮服务;中餐厅;东北菜,4.7,64,1.1259137440109872,1,大众品质型
郭包又东北菜(西兴店),滨江区,餐饮服务;中餐厅;中餐厅,4.7,71,1.0989868905364402,1,大众品质型
老阚东北铁锅炖锅包肉(西湖银泰百货店),上城区,餐饮服务;中餐厅;中餐厅,4.4,41,1.1772041002438376,0,平价高性价比型
金玉东北烧烤·东北菜,余杭区,餐饮服务;中餐厅;特色/地方风味餐厅,4.6,75,1.0621757652933361,1,大众品质型
忆味东北美食体验基地,临平区,餐饮服务;中餐厅;中餐厅,4.7,68,1.1100334851985627,1,大众品质型
垚森居东北菜?烧烤(杭州宸创大厦店),拱墅区,餐饮服务;中餐厅;东北菜,4.6,66,1.094015762005046,1,大众品质型
马丫东北饭儿(德胜总店),拱墅区,餐饮服务;中餐厅;中餐厅,4.6,59,1.1235009487094725,1,大众品质型
食局东北菜,西湖区,餐饮服务;中餐厅;东北菜,4.6,46,1.194759389992449,1,大众品质型
厨创东北大厨(湖滨In77 C区店),上城区,餐饮服务;中餐厅;中餐厅,4.6,77,1.0558428811721325,1,大众品质型
食三嫂·齐齐哈尔烤肉·烧烤东北菜(新天地店),拱墅区,餐饮服务;中餐厅;中餐厅,4.6,62,1.1102704362226652,1,大众品质型
喜村烧鸽子烧烤东北菜,余杭区,餐饮服务;中餐厅;东北菜,4.6,42,1.2230138941043192,1,大众品质型
幸福年铁锅炖熏酱小酒馆(高沙店),钱塘区,餐饮服务;餐饮相关场所;餐饮相关,4.7,57,1.157509165328124,1,大众品质型
马丫东北饭儿(江南大道店),滨江区,餐饮服务;中餐厅;东北菜,4.7,76,1.0820005832568607,1,大众品质型
山河屯铁锅炖·东北菜(杭州一店),上城区,餐饮服务;中餐厅;东北菜,4.7,99,1.0205920324726416,1,大众品质型
芳达烧烤·东北菜(武林旗舰店),拱墅区,餐饮服务;中餐厅;东北菜|餐饮服务;中餐厅;特色/地方风味餐厅|住宿服务;宾馆酒店;宾馆酒店,4.6,64,1.1019581324362853,1,大众品质型
兴玉东北烧烤东北菜(新时代陶瓷店),西湖区,餐饮服务;中餐厅;东北菜,4.7,80,1.069531091286534,1,大众品质型
小损样烧烤(恒祺中心店),上城区,餐饮服务;中餐厅;中餐厅,4.6,69,1.0827362955409794,1,大众品质型
雅轩居东北菜,钱塘区,餐饮服务;中餐厅;东北菜,4.6,61,1.1145748044135328,1,大众品质型
旺厨东北菜,西湖区,餐饮服务;中餐厅;东北菜,4.6,42,1.2230138941043192,1,大众品质型
厨创东北大厨(东站万象汇店),上城区,餐饮服务;中餐厅;中餐厅,4.6,68,1.0864157514709336,1,大众品质型
厨创东北小酒馆(EFC新店),余杭区,餐饮服务;中餐厅;东北菜,4.6,84,1.0354177571961811,1,大众品质型
马氏脉舟东北清真菜(文一路店),西湖区,餐饮服务;餐饮相关场所;餐饮相关,4.6,88,1.0248101251905388,1,大众品质型
马丫东北饭儿(浙商财富中心店),西湖区,餐饮服务;中餐厅;东北菜,4.6,80,1.046775110620863,1,大众品质型
正月初二·哈尔滨铁锅炖(星光国际广场店),滨江区,餐饮服务;餐饮相关场所;餐饮相关,4.6,56,1.1377545559702362,1,大众品质型
外屋地东北菜,拱墅区,餐饮服务;中餐厅;中餐厅,4.6,52,1.1586049842578183,1,大众品质型
刘老根·东北烧烤酒场(子夜广场店),萧山区,餐饮服务;中餐厅;中餐厅,4.7,89,1.044488621594309,1,大众品质型
东北特色铁锅炖(孙权路店),富阳区,餐饮服务;中餐厅;中餐厅,4.6,61,1.1145748044135328,1,大众品质型
玺炖·中国铁锅炖(亚奥万象天地店),萧山区,餐饮服务;中餐厅;中餐厅,4.6,95,1.0078109309449284,1,大众品质型
马丫东北饭儿(印悦里丰庆店),拱墅区,餐饮服务;中餐厅;中餐厅,4.6,57,1.1328813107466744,1,大众品质型
食三嫂·齐齐哈尔烤肉·烧烤东北菜(胜利河美食街店),拱墅区,餐饮服务;餐饮相关场所;餐饮相关,4.6,57,1.1328813107466744,1,大众品质型
老善溜肉段·非遗东北菜(新天地店),拱墅区,餐饮服务;中餐厅;东北菜,4.6,58,1.1281318843252197,1,大众品质型
大年初一东北菜馆(禹航路店),余杭区,餐饮服务;中餐厅;中餐厅,4.6,59,1.1235009487094725,1,大众品质型
串掌门烧烤东北菜,萧山区,餐饮服务;中餐厅;中餐厅,4.6,64,1.1019581324362853,1,大众品质型
马丫东北饭儿(萧山店),萧山区,餐饮服务;中餐厅;中餐厅,4.6,64,1.1019581324362853,1,大众品质型
幸会东北烤肉,滨江区,餐饮服务;中餐厅;中餐厅,4.7,72,1.0954537770299935,1,大众品质型
东北印象餐厅(莫干山路店),西湖区,餐饮服务;中餐厅;特色/地方风味餐厅|餐饮服务;中餐厅;东北菜,4.6,52,1.1586049842578183,1,大众品质型
骨里香饺子居(萧清大道店),萧山区,餐饮服务;中餐厅;特色/地方风味餐厅,4.6,49,1.1758622057225245,1,大众品质型
哈尔滨涮肚·地摊烤肉(辣么刘萧山热榜店),萧山区,餐饮服务;中餐厅;火锅店,4.6,66,1.094015762005046,1,大众品质型
和为贵·路哥东北烧烤,上城区,餐饮服务;中餐厅;特色/地方风味餐厅,4.6,76,1.0589792942513956,1,大众品质型
马丫东北饭儿(临平店),临平区,餐饮服务;中餐厅;中餐厅,4.6,80,1.046775110620863,1,大众品质型
二丫家东北铁锅炖大鹅(龙章路店),西湖区,餐饮服务;中餐厅;中餐厅,4.6,69,1.0827362955409794,1,大众品质型
表妹烧烤·东北菜铁锅炖(九堡店),上城区,餐饮服务;餐饮相关场所;餐饮相关,4.6,56,1.1377545559702362,1,大众品质型
辽阜·艳姨蒸饺东北菜,上城区,餐饮服务;中餐厅;东北菜,4.6,40,1.2386995370961986,1,大众品质型
幸福年铁锅炖熏酱小酒馆(九堡店),上城区,餐饮服务;中餐厅;中餐厅,4.6,63,1.106066198014872,1,大众品质型
马丫东北饭儿(九堡店),上城区,餐饮服务;中餐厅;湖南菜(湘菜),4.6,64,1.1019581324362853,1,大众品质型
二丫家东北铁锅炖大鹅(晴川街店),西湖区,餐饮服务;中餐厅;东北菜,4.6,66,1.094015762005046,1,大众品质型
云姐东北蒸饺菜馆,滨江区,餐饮服务;中餐厅;特色/地方风味餐厅,4.5,30,1.310430042989831,0,平价高性价比型
厨创东北老家(信义坊),拱墅区,餐饮服务;中餐厅;东北菜,4.5,79,1.026922101384009,1,大众品质型
滋啦灶东北菜,萧山区,餐饮服务;中餐厅;中餐厅,4.5,45,1.175351654539009,1,大众品质型
小拜年锅包肉,上城区,餐饮服务;中餐厅;中餐厅,4.5,47,1.1624299506329794,1,大众品质型
二丫家东北铁锅炖大鹅(联胜路店),余杭区,餐饮服务;中餐厅;中餐厅,4.6,65,1.0979424996187397,1,大众品质型
老嘎达东北菜(原东北菜馆高沙店),钱塘区,餐饮服务;中餐厅;东北菜,4.7,61,1.1388046914660013,1,大众品质型
正月初二·哈尔滨铁锅炖(金沙印象城店),钱塘区,餐饮服务;中餐厅;特色/地方风味餐厅,4.4,54,1.097987064368532,1,大众品质型
东北大院(空港新天地店),萧山区,餐饮服务;中餐厅;中餐厅,4.5,56,1.1130207612752312,1,大众品质型
辽A迷糊小串儿·东北烧烤·东北菜(蓝钻天城店),拱墅区,餐饮服务;餐饮相关场所;餐饮相关,4.6,63,1.106066198014872,1,大众品质型
玺炖·中国铁锅炖(萧山万象汇店),萧山区,餐饮服务;中餐厅;中餐厅,4.4,91,0.9730662822965243,1,大众品质型
福锅记(铁锅炖&东北菜),滨江区,餐饮服务;中餐厅;中餐厅,4.6,51,1.1641903986756574,1,大众品质型
咱家水饺(采荷店),上城区,餐饮服务;餐饮相关场所;餐饮相关,4.6,51,1.1641903986756574,1,大众品质型
野火烧烤·东北菜,上城区,餐饮服务;中餐厅;中餐厅,4.7,69,1.1062740410962182,1,大众品质型
哈尔滨东北家常菜美玲家,钱塘区,餐饮服务;中餐厅;中餐厅,4.7,64,1.1259137440109872,1,大众品质型
锅武林·地锅鸡·东北烧烤小酒馆(长龙路乐创城店),萧山区,餐饮服务;餐饮相关场所;餐饮相关,4.5,46,1.168786359775222,1,大众品质型
芳达烧烤(亚琪大厦店),滨江区,餐饮服务;中餐厅;特色/地方风味餐厅,4.6,72,1.0721462498591425,1,大众品质型
趣东北齐齐哈尔家庭烤肉,拱墅区,餐饮服务;中餐厅;中餐厅,4.6,93,1.012481078258731,1,大众品质型
厨创东北大厨(滨江宝龙店),滨江区,餐饮服务;餐饮相关场所;餐饮相关,4.6,74,1.065434317138697,1,大众品质型
东北特色铁锅炖(青云桥店),富阳区,餐饮服务;中餐厅;中餐厅,4.5,73,1.0455232210835281,1,大众品质型
东北老菜馆,上城区,餐饮服务;中餐厅;东北菜,4.6,69,1.0827362955409794,1,大众品质型
臻艾东北烧烤铁锅炖(九堡家苑店),上城区,餐饮服务;中餐厅;东北菜,4.6,55,1.1427572926329579,1,大众品质型
王老笨·东北过桥米线(龙湖杭州西溪天街店),西湖区,餐饮服务;中餐厅;特色/地方风味餐厅,4.6,20,1.5109101982640347,0,平价高性价比型
整点东北菜儿,萧山区,餐饮服务;中餐厅;东北菜,4.6,78,1.0527645952801123,1,大众品质型
厨创东北大厨(奥体印象城店),萧山区,餐饮服务;中餐厅;东北菜,4.5,83,1.0156140965193476,1,大众品质型
聚福阁东北铁锅炖(滨江开元广场店),滨江区,餐饮服务;中餐厅;东北菜,4.5,52,1.1334179193826484,1,大众品质型
松花江上·东北小馆(三深国际中心店),西湖区,餐饮服务;中餐厅;综合酒楼,4.6,64,1.1019581324362853,1,大众品质型
趣东北·烤肉火锅·放题自助(D32店),拱墅区,餐饮服务;中餐厅;中餐厅,4.5,84,1.0129086755180032,1,大众品质型
厨创东北大厨(金帝T-ONE MO店),萧山区,餐饮服务;中餐厅;中餐厅,4.5,70,1.0556739257472476,1,大众品质型
厨创东北大厨(亲橙里店),余杭区,餐饮服务;中餐厅;中餐厅,4.5,73,1.0455232210835281,1,大众品质型
厨创东北大厨(黄龙国际中心店),西湖区,餐饮服务;中餐厅;中餐厅,4.6,62,1.1102704362226652,1,大众品质型
厨创东北大厨(闲林埠店),余杭区,餐饮服务;中餐厅;东北菜,4.5,61,1.0903449173610649,1,大众品质型
云屉记东北蒸饺菜馆,滨江区,餐饮服务;中餐厅;特色/地方风味餐厅,4.5,29,1.3230634670784271,0,平价高性价比型
松花江上·东北小馆(莲荷里店),滨江区,餐饮服务;中餐厅;东北菜,4.5,65,1.0740741844096369,1,大众品质型
老底子饭盒烤肉·东北菜·东北烧烤(原凤山路店),上城区,餐饮服务;外国餐厅;外国餐厅,4.5,81,1.0211678456243058,1,大众品质型
厨创东北老家(新天地购物中心店),拱墅区,餐饮服务;中餐厅;东北菜,4.5,56,1.1130207612752312,1,大众品质型
辽A特色烧烤东北菜舟山东路店(辽A特色烧烤东北菜),拱墅区,餐饮服务;餐饮相关场所;餐饮相关,4.6,68,1.0864157514709336,1,大众品质型
大胡子烧烤·东北菜(武林门店),拱墅区,餐饮服务;中餐厅;东北菜,4.3,76,0.9899154272350001,1,大众品质型
马姥姥东北砂锅,滨江区,餐饮服务;中餐厅;中餐厅,4.6,31,1.3272794376178463,0,平价高性价比型
厨创东北大厨(拱墅万达店),拱墅区,餐饮服务;中餐厅;东北菜,4.4,62,1.0619978085608104,1,大众品质型
高粱屯东北铁锅炖,余杭区,餐饮服务;中餐厅;东北菜,4.5,40,1.2117712862897596,1,大众品质型
依兰老味?烧烤?东北菜(九堡店),上城区,餐饮服务;中餐厅;东北菜,4.6,58,1.1281318843252197,1,大众品质型
胖东北·新派东北菜(西投银泰店),西湖区,餐饮服务;中餐厅;中餐厅,4.4,57,1.0836256015837755,1,大众品质型
东北炬铁锅炖(武林银泰百货B馆店),拱墅区,餐饮服务;中餐厅;中餐厅,4.3,49,1.0991755401319252,0,平价高性价比型
老阚东北铁锅炖(中茵大厦店),西湖区,餐饮服务;中餐厅;中餐厅,4.5,43,1.1891581647140046,1,大众品质型
小红砂锅(三根桥店),富阳区,餐饮服务;中餐厅;中餐厅,4.6,81,1.043860464415957,1,大众品质型
厨创东北大厨(大悦城店),拱墅区,餐饮服务;中餐厅;中餐厅,4.5,71,1.0522214909391447,1,大众品质型
厨创东北大厨(杭州大厦501店),上城区,餐饮服务;中餐厅;中餐厅,4.5,50,1.1445065016481901,1,大众品质型
东北风,临平区,餐饮服务;中餐厅;东北菜,4.2,56,1.0388193771902159,0,平价高性价比型
东北蒸饺菜馆(余杭店),余杭区,餐饮服务;餐饮相关场所;餐饮相关,4.6,28,1.3660813401175023,0,平价高性价比型
小两口大排挡,滨江区,餐饮服务;中餐厅;特色/地方风味餐厅,4.5,84,1.0129086755180032,1,大众品质型
小巷酒家(云水苑店),钱塘区,餐饮服务;中餐厅;中餐厅,4.6,52,1.1586049842578183,1,大众品质型
头牌·鹤岗烧烤东北菜(文三店),西湖区,餐饮服务;餐饮相关场所;餐饮相关,4.5,82,1.0183666711264046,1,大众品质型
厨创东北大厨(金沙印象城店),钱塘区,餐饮服务;餐饮相关场所;餐饮相关,4.5,67,1.0664751232661125,1,大众品质型
朱富贵火锅(杭州中大银泰店),拱墅区,餐饮服务;中餐厅;火锅店,4.9,116,1.028941837717252,1,大众品质型
海底捞火锅(杭州三花国际店),上城区,餐饮服务;中餐厅;火锅店,4.7,120,0.9800261198469788,1,大众品质型
老秦凉都黄牛肉馆(滨江总店),滨江区,餐饮服务;中餐厅;中餐厅,4.9,78,1.1214231558418588,1,大众品质型
宽马记大排档·热鲜牛肉海鲜火锅(杭州首店),富阳区,餐饮服务;中餐厅;火锅店,4.8,90,1.0640987583553485,1,大众品质型
巴奴毛肚火锅(杭州湖滨in77店),上城区,餐饮服务;中餐厅;火锅店,4.7,145,0.9430920930891776,1,大众品质型
朱富贵火锅(杭州拱墅万达店),拱墅区,餐饮服务;中餐厅;火锅店,4.9,120,1.0217293589894034,1,大众品质型
海底捞火锅(杭州湖滨in77D区店),上城区,餐饮服务;中餐厅;火锅店,4.7,120,0.9800261198469788,1,大众品质型
老秦凉都黄牛肉馆(萧山店),萧山区,餐饮服务;中餐厅;中餐厅,4.9,83,1.1058909050988452,1,大众品质型
二火锅(杭州店),上城区,餐饮服务;餐饮相关场所;餐饮相关,4.7,129,0.9655812501871658,1,大众品质型
小牛滚滚贵州黄牛肉火锅(中财店),滨江区,餐饮服务;中餐厅;火锅店,4.8,71,1.1223695903350879,1,大众品质型
老秦凉都黄牛肉馆(市心北路店),萧山区,餐饮服务;中餐厅;中餐厅,4.9,85,1.1000489351428269,1,大众品质型
叶老头碳炉草本鸡煲(杭州滨江店),滨江区,餐饮服务;中餐厅;中餐厅,4.8,86,1.0748093942976296,1,大众品质型
蛮涮自助小火锅·糖水铺子集合店(工联CC店),上城区,餐饮服务;中餐厅;中餐厅,4.3,57,1.058997747002326,1,大众品质型
海底捞火锅(杭州萧山归谷中心店),萧山区,餐饮服务;中餐厅;火锅店,4.8,120,1.0008777394181911,1,大众品质型
龍歌自助小火锅(银隆百货A座店),萧山区,餐饮服务;中餐厅;火锅店,4.7,58,1.152656490506203,1,大众品质型
海鲨岛海鲜豆捞餐厅,上城区,餐饮服务;中餐厅;火锅店,4.8,176,0.9273302064260824,1,大众品质型
罗氏京東盛·老北京铜锅涮肉·烤串(西湖总店),上城区,餐饮服务;中餐厅;火锅店,4.6,120,0.9591745002757665,1,大众品质型
泉市鲜活牛肉店(百井坊店),拱墅区,餐饮服务;中餐厅;中餐厅,4.7,115,0.9887263754442637,1,大众品质型
叶老头碳炉草本鸡煲(杭州萧山店),萧山区,餐饮服务;餐饮相关场所;餐饮相关,4.7,90,1.0419300342229454,1,大众品质型
海底捞火锅(杭州萧山银隆百货店),萧山区,餐饮服务;中餐厅;火锅店,4.8,120,1.0008777394181911,1,大众品质型
龍歌自助小火锅(上城龙湖店),上城区,餐饮服务;中餐厅;火锅店,4.6,58,1.1281318843252197,1,大众品质型
梅溪徐记·鲜牛肉火锅(余杭鼎创杭州首店),余杭区,餐饮服务;中餐厅;火锅店,4.7,102,1.0140830266313579,1,大众品质型
牛New寿喜烧(大悦城店),拱墅区,餐饮服务;外国餐厅;日本料理,4.6,196,0.8706838191717458,1,大众品质型
老秦凉都黄牛肉馆(星耀城店),滨江区,餐饮服务;中餐厅;中餐厅,4.8,80,1.0922870719522046,1,大众品质型
海底捞火锅(杭州萧山金城路店),萧山区,餐饮服务;中餐厅;火锅店,4.8,120,1.0008777394181911,1,大众品质型
活蹦乱跳海鲜餐厅(丁桥店),上城区,餐饮服务;中餐厅;海鲜酒楼|餐饮服务;中餐厅;广东菜(粤菜),4.8,150,0.956693697804016,1,大众品质型
泉市鲜活牛肉店(东站万象汇店),上城区,餐饮服务;中餐厅;中餐厅,4.7,103,1.0119733894209697,1,大众品质型
禧满牛贵州黄牛肉馆.干锅火锅(金田店),西湖区,餐饮服务;中餐厅;火锅店,4.7,64,1.1259137440109872,1,大众品质型
蛮涮自助小火锅·糖水铺子集合店(滨江银泰店),滨江区,餐饮服务;中餐厅;火锅店,4.5,57,1.108253456165225,1,大众品质型
海底捞火锅(杭州西湖夜宵主题店),上城区,餐饮服务;中餐厅;火锅店,4.7,120,0.9800261198469788,1,大众品质型
不万能先生·市井牛肉火锅(武林总店),拱墅区,餐饮服务;中餐厅;火锅店,4.6,78,1.0527645952801123,1,大众品质型
宽马记·热鲜牛肉海鲜火锅(余杭店),余杭区,餐饮服务;餐饮相关场所;餐饮相关,4.7,80,1.069531091286534,1,大众品质型
小牛滚滚贵州黄牛肉火锅(通策广场店),滨江区,餐饮服务;中餐厅;火锅店,4.7,77,1.0787959872845703,1,大众品质型
海底捞火锅(杭州滨江九宜城店),滨江区,餐饮服务;中餐厅;火锅店,4.7,120,0.9800261198469788,1,大众品质型
七欣天(杭州亚奥万象天地店),萧山区,餐饮服务;中餐厅;中餐厅,4.6,129,0.9450369682682899,1,大众品质型
小牛家村·贵州黄牛肉火锅(梦想小镇店),余杭区,餐饮服务;中餐厅;火锅店,4.7,82,1.063627412065356,1,大众品质型
芸山季·云南山珍菌火锅(杭州湖滨in77店),上城区,餐饮服务;中餐厅;火锅店,4.6,105,0.9863964999152313,1,大众品质型
海底捞火锅(西溪银泰店),西湖区,餐饮服务;中餐厅;火锅店,4.7,120,0.9800261198469788,1,大众品质型
郭淑芬鲜切牛肉自助老火锅(延安路店),拱墅区,餐饮服务;餐饮相关场所;餐饮相关,4.6,75,1.0621757652933361,1,大众品质型
蛮涮自助小火锅·糖水铺子集合店(金沙印象城店),钱塘区,餐饮服务;中餐厅;火锅店,4.5,57,1.108253456165225,1,大众品质型
宽马记大排档·热鲜牛肉海鲜火锅(临安店),临安区,餐饮服务;中餐厅;火锅店,4.7,90,1.0419300342229454,1,大众品质型
七欣天(杭州西联广场店),拱墅区,餐饮服务;中餐厅;海鲜酒楼|餐饮服务;中餐厅;火锅店,4.6,129,0.9450369682682899,1,大众品质型
泉市鲜活牛肉店(太合B区店),拱墅区,餐饮服务;中餐厅;中餐厅,4.7,103,1.0119733894209697,1,大众品质型
蛮涮自助小火锅·糖水铺子集合店(杭州滨江天街店),滨江区,餐饮服务;中餐厅;火锅店,4.5,57,1.108253456165225,1,大众品质型
中国凉都黄牛肉馆,余杭区,餐饮服务;中餐厅;中餐厅,4.8,93,1.0565019947047627,1,大众品质型
海底捞火锅(杭州滨江中南乐游城店),滨江区,餐饮服务;中餐厅;火锅店,4.8,120,1.0008777394181911,1,大众品质型
313羊庄(萧山总店),萧山区,餐饮服务;中餐厅;中餐厅,4.7,109,0.9998978049571461,1,大众品质型
蘭记牛府贵州黄牛肉火锅(中山中路店),上城区,餐饮服务;中餐厅;火锅店,4.6,80,1.046775110620863,1,大众品质型
颖姐鲜烫牛肉汤(旭辉春江悦茗店),萧山区,餐饮服务;中餐厅;中餐厅,4.7,47,1.2140935039944452,1,大众品质型
蛮涮自助小火锅·糖水铺子集合店(滨江宝龙店),滨江区,餐饮服务;中餐厅;火锅店,4.5,57,1.108253456165225,1,大众品质型
泉市鲜活牛肉店(中南乐游城店),滨江区,餐饮服务;中餐厅;火锅店,4.7,103,1.0119733894209697,1,大众品质型
海底捞火锅(杭州未来科技城万达店),余杭区,餐饮服务;中餐厅;火锅店,4.7,120,0.9800261198469788,1,大众品质型
故里百味药膳鸡(杭州总店),上城区,餐饮服务;中餐厅;中餐厅,4.5,39,1.2198826380681755,1,大众品质型
海底捞火锅(绍兴路店),拱墅区,餐饮服务;中餐厅;火锅店,4.7,120,0.9800261198469788,1,大众品质型
七欣天(杭州庆春路越都荟店),上城区,餐饮服务;中餐厅;火锅店,4.5,129,0.9244926863494141,1,大众品质型
蛮涮自助小火锅·糖水铺子集合店(七堡花园城店),上城区,餐饮服务;中餐厅;火锅店,4.5,57,1.108253456165225,1,大众品质型
海底捞火锅(杭州工联cc店),上城区,餐饮服务;中餐厅;火锅店,4.7,120,0.9800261198469788,1,大众品质型
海底捞火锅(杭州中大银泰城店),拱墅区,餐饮服务;中餐厅;火锅店,4.7,120,0.9800261198469788,1,大众品质型
海底捞火锅之江里店,西湖区,餐饮服务;中餐厅;火锅店,4.7,120,0.9800261198469788,1,大众品质型
海底捞火锅(杭州金沙印象城店),钱塘区,餐饮服务;中餐厅;火锅店,4.7,120,0.9800261198469788,1,大众品质型
海底捞火锅(杭州西田城店),余杭区,餐饮服务;中餐厅;火锅店,4.7,120,0.9800261198469788,1,大众品质型
海底捞火锅(杭州西溪印象城店),余杭区,餐饮服务;中餐厅;火锅店,4.7,120,0.9800261198469788,1,大众品质型
海底捞火锅(杭州城西银泰城店),拱墅区,餐饮服务;中餐厅;火锅店,4.7,120,0.9800261198469788,1,大众品质型
海底捞火锅(杭州萧山众安广场店),萧山区,餐饮服务;中餐厅;火锅店,4.7,120,0.9800261198469788,1,大众品质型
海底捞火锅(杭州大悦城店),拱墅区,餐饮服务;中餐厅;火锅店,4.7,120,0.9800261198469788,1,大众品质型
海底捞火锅(大江东宝龙广场夜宵主题店),钱塘区,餐饮服务;中餐厅;火锅店,4.7,120,0.9800261198469788,1,大众品质型
海底捞火锅(杭州临平银泰城店),临平区,餐饮服务;中餐厅;火锅店,4.7,120,0.9800261198469788,1,大众品质型
海底捞火锅(杭州东城购物中心店),上城区,餐饮服务;中餐厅;火锅店,4.7,120,0.9800261198469788,1,大众品质型
海底捞火锅(杭州西子丁兰广场店),上城区,餐饮服务;中餐厅;火锅店,4.7,120,0.9800261198469788,1,大众品质型
海底捞火锅(杭州临平欢乐城店),临平区,餐饮服务;中餐厅;火锅店,4.7,120,0.9800261198469788,1,大众品质型
海底捞火锅(桐庐书香同城店),桐庐县,餐饮服务;中餐厅;火锅店,4.8,120,1.0008777394181911,1,大众品质型
海底捞火锅(下沙银泰百货店),钱塘区,餐饮服务;中餐厅;火锅店,4.8,120,1.0008777394181911,1,大众品质型
海底捞大排档火锅(杭州吾角天街店),钱塘区,餐饮服务;中餐厅;火锅店,4.7,120,0.9800261198469788,1,大众品质型
海底捞火锅(铂澜大象城店),西湖区,餐饮服务;中餐厅;火锅店|体育休闲服务;体育休闲服务场所;体育休闲服务场所,4.7,120,0.9800261198469788,1,大众品质型
海底捞火锅(杭州之江银泰百货店),西湖区,餐饮服务;中餐厅;火锅店,4.7,120,0.9800261198469788,1,大众品质型
海底捞火锅(杭州古墩路印象城店),西湖区,餐饮服务;中餐厅;火锅店,4.7,120,0.9800261198469788,1,大众品质型
海底捞火锅(拱墅万达店),拱墅区,餐饮服务;中餐厅;火锅店,4.7,120,0.9800261198469788,1,大众品质型
海底捞火锅(杭州滨江开元广场店),滨江区,餐饮服务;中餐厅;火锅店,4.7,120,0.9800261198469788,1,大众品质型
海底捞火锅(杭州余杭万达广场店),余杭区,餐饮服务;中餐厅;火锅店,4.7,120,0.9800261198469788,1,大众品质型
海底捞火锅(临安苕溪商业广场店),临安区,餐饮服务;中餐厅;火锅店,4.7,120,0.9800261198469788,1,大众品质型
海底捞火锅(上亿广场店),临平区,餐饮服务;中餐厅;火锅店,4.7,120,0.9800261198469788,1,大众品质型
西子火锅·西湖湖景餐厅(西湖店),西湖区,餐饮服务;中餐厅;火锅店,4.7,800,0.7029760321385196,2,高消费高品质型
滇牛老杨潮汕鲜牛肉火锅,拱墅区,餐饮服务;中餐厅;火锅店,4.6,66,1.094015762005046,1,大众品质型
巴奴毛肚火锅(杭州萧山万象汇店),萧山区,餐饮服务;中餐厅;火锅店,4.6,145,0.9230263038745141,1,大众品质型
小牛滚滚贵州黄牛肉火锅(萧山博地中心店),萧山区,餐饮服务;中餐厅;火锅店,4.7,68,1.1100334851985627,1,大众品质型
月龍吟·黑金(瑞晶店),上城区,餐饮服务;中餐厅;中餐厅,4.8,481,0.7769574977350929,2,高消费高品质型
哥老官重庆美蛙鱼头(杭州大厦购物城·中央商城店),拱墅区,餐饮服务;中餐厅;火锅店,4.7,128,0.9671155198875083,1,大众品质型
山缓缓火锅(杭州中心店),拱墅区,餐饮服务;中餐厅;火锅店,4.7,135,0.9567128384382347,1,大众品质型
海底捞大排档火锅(杭州水晶城购物中心店),拱墅区,餐饮服务;中餐厅;火锅店,4.7,120,0.9800261198469788,1,大众品质型
七欣天(临平星火南路店),临平区,餐饮服务;中餐厅;火锅店|餐饮服务;中餐厅;海鲜酒楼,4.7,129,0.9655812501871658,1,大众品质型
垚合牛府黄牛肉火锅(合生国贸中心店),西湖区,餐饮服务;中餐厅;火锅店,4.7,75,1.0852665427997132,1,大众品质型
重庆高老九火锅(龙湖西溪天街店),西湖区,餐饮服务;中餐厅;火锅店,4.6,105,0.9863964999152313,1,大众品质型
郭淑芬鲜切牛肉自助老火锅(钱江世纪城店),萧山区,餐饮服务;中餐厅;火锅店,4.7,75,1.0852665427997132,1,大众品质型
柒房里·鸡汤火锅·云南烤肉(滨江店),滨江区,餐饮服务;中餐厅;火锅店,4.8,120,1.0008777394181911,1,大众品质型
红钳侠小龙虾·活鱼火锅·香辣蟹(钱江世纪城店),萧山区,餐饮服务;中餐厅;中餐厅,4.8,130,0.9845755323905997,1,大众品质型
小牛滚滚贵州黄牛肉火锅(国芳天街店),上城区,餐饮服务;中餐厅;火锅店,4.7,78,1.075650782134028,1,大众品质型
泉市鲜活牛肉店(太合C区店),拱墅区,餐饮服务;中餐厅;中餐厅,4.8,122,0.9974680198278741,1,大众品质型
何小姐鲜牛肉火锅(通惠中路店),萧山区,购物服务;服装鞋帽皮具店;服装鞋帽皮具店|餐饮服务;餐饮相关场所;餐饮相关,4.7,67,1.1138740176334954,1,大众品质型
萍姐火锅(天阳·明珠商业中心店),上城区,餐饮服务;中餐厅;火锅店,4.6,98,1.0010620288533425,1,大众品质型
一席地·本地鸡窝(金田店),西湖区,餐饮服务;中餐厅;火锅店,4.7,55,1.1675998424728051,1,大众品质型
三冬麻辣串,余杭区,餐饮服务;中餐厅;中餐厅,4.7,39,1.274099644204539,1,大众品质型
蛮涮自助小火锅·糖水铺子集合店(杭州上城天街店),上城区,餐饮服务;中餐厅;火锅店,4.5,57,1.108253456165225,1,大众品质型
厚贞日式烧肉(杭州来福士中心店),上城区,餐饮服务;外国餐厅;日本料理,4.5,123,0.9335554238386413,1,大众品质型
藏山海·炭火烧肉放题(来福士店),上城区,餐饮服务;中餐厅;中餐厅,4.5,195,0.8525771588023902,1,大众品质型
御牛道日式烤肉料理(杭州万象城店),上城区,餐饮服务;外国餐厅;日本料理,4.7,225,0.8670730842307967,1,大众品质型
313羊庄(钱江国际时代广场-地下广场店),上城区,餐饮服务;中餐厅;中餐厅,4.6,109,0.9786233835750789,1,大众品质型
老乾杯(杭州万象城店),上城区,餐饮服务;外国餐厅;日本料理,4.6,640,0.711740528286511,2,高消费高品质型
胖子烧烤大油边,上城区,餐饮服务;中餐厅;特色/地方风味餐厅,4.3,68,1.0155625502880465,1,大众品质型
钱塘串局烧烤,上城区,餐饮服务;中餐厅;中餐厅,4.4,88,0.980253163225733,1,大众品质型
肉大利Max·炭火烧肉(庆春店),上城区,餐饮服务;中餐厅;中餐厅,4.6,109,0.9786233835750789,1,大众品质型
曹有钱串烧酒馆,上城区,餐饮服务;外国餐厅;日本料理,4.5,67,1.0664751232661125,1,大众品质型
永聚烤吧(太平门直街店),上城区,餐饮服务;中餐厅;特色/地方风味餐厅,4.5,111,0.9536931390141199,1,大众品质型
巷子里头烧烤,上城区,餐饮服务;中餐厅;特色/地方风味餐厅,4.1,43,1.0834552167394262,0,平价高性价比型
台客熊烧鸟(庆谐路店),上城区,餐饮服务;餐饮相关场所;餐饮相关,4.6,135,0.9363572461310381,1,大众品质型
肆野集·猛火菜·露营烧烤·啤酒,上城区,餐饮服务;餐饮相关场所;餐饮相关,4.5,88,1.0025316442081358,1,大众品质型
灶小甜鲜货烧烤,上城区,餐饮服务;中餐厅;火锅店,4.4,57,1.0836256015837755,1,大众品质型
凯旋烧烤(凯旋路),上城区,餐饮服务;中餐厅;特色/地方风味餐厅,4.7,74,1.0885959327286687,1,大众品质型
焰请烤肉铺子(杭州天虹购物中心店),上城区,餐饮服务;中餐厅;中餐厅,4.6,85,1.0326990003381638,1,大众品质型
舟山海鲜烧烤(杭州总店),上城区,餐饮服务;中餐厅;海鲜酒楼|餐饮服务;中餐厅;火锅店,4.5,35,1.2557489097403063,0,平价高性价比型
味巴哥·现烤肉脯(杭州大厦501店),上城区,餐饮服务;餐饮相关场所;餐饮相关,4.0,41,1.070185545676216,0,平价高性价比型
马家鱼圆儿,上城区,餐饮服务;中餐厅;中餐厅,4.1,25,1.2584034733635527,0,平价高性价比型
KING KU卿古·烤肉大师(501城市广场店),上城区,餐饮服务;中餐厅;中餐厅,4.3,90,0.953255137693333,1,大众品质型
清真·源牧小牦牛手工拉面·烤肉(顺福商务中心店),上城区,餐饮服务;餐饮相关场所;餐饮相关,4.1,16,1.4471201078455207,0,平价高性价比型
三毛烤鸡(近江店),上城区,餐饮服务;餐饮相关场所;餐饮相关,4.3,30,1.2521887077458385,0,平价高性价比型
帕米尔餐厅·新疆烧烤·羊肉串(杭州华景宾馆店),上城区,餐饮服务;中餐厅;中餐厅,4.6,72,1.0721462498591425,1,大众品质型
东北烧烤·烤全羊(五福天虹购物中心B座店),上城区,餐饮服务;中餐厅;东北菜,4.0,48,1.0277966847395015,0,平价高性价比型
望江门烧烤(秋涛北路店),上城区,餐饮服务;中餐厅;特色/地方风味餐厅,4.1,81,0.9303973704577008,1,大众品质型
洞氮胡记羊肉馆·烧烤·烤全羊(天虹店),上城区,餐饮服务;中餐厅;火锅店,4.4,82,0.995736300656929,1,大众品质型
蛙有福·美蛙鱼头火锅自助(天虹店),上城区,餐饮服务;中餐厅;中餐厅,4.4,64,1.0540469092868818,1,大众品质型
李记羊庄·烤全羊(五福天虹购物中心B座店),上城区,餐饮服务;中餐厅;中餐厅,4.0,94,0.8783724495007438,0,平价高性价比型
大连海鲜烧烤(五福天虹购物中心B座店),上城区,餐饮服务;中餐厅;中餐厅,3.7,51,0.9364140163260725,0,平价高性价比型
阿勇烧烤(凯旋路店),上城区,餐饮服务;中餐厅;特色/地方风味餐厅,4.5,72,1.0488387226882916,1,大众品质型
大郎烧烤海鲜大排档(凯旋路店),上城区,餐饮服务;中餐厅;特色/地方风味餐厅,4.5,109,0.9573489621930121,1,大众品质型
新疆一只羊烧烤(景秋公寓店),上城区,餐饮服务;中餐厅;中餐厅,4.5,98,0.9792998108347917,1,大众品质型
甘王烧烤大排档,上城区,餐饮服务;中餐厅;特色/地方风味餐厅,4.1,21,1.3264133579095572,0,平价高性价比型
新疆兄弟烧烤(凯旋路店),上城区,餐饮服务;餐饮相关场所;餐饮相关,4.2,67,0.9953767817150383,1,大众品质型
一个串说(万泰城店),上城区,餐饮服务;中餐厅;中餐厅,4.6,80,1.046775110620863,1,大众品质型
丫头烧烤王,上城区,餐饮服务;中餐厅;特色/地方风味餐厅,4.4,82,0.995736300656929,1,大众品质型
靓小串·花甲螺蛳王(天虹店),上城区,餐饮服务;中餐厅;特色/地方风味餐厅,3.6,104,0.7735347379738958,0,平价高性价比型
俊小橙臻牛鲜生(月季公寓店),上城区,餐饮服务;中餐厅;火锅店,3.9,51,0.9870309901815357,0,平价高性价比型
豚虎现烤日式烧肉丼(万泰城店),上城区,餐饮服务;外国餐厅;日本料理,4.1,52,1.0326696598819685,0,平价高性价比型
小杨小黄鱼超人龙虾(景芳店),上城区,餐饮服务;中餐厅;特色/地方风味餐厅,4.6,87,1.0273964614690458,1,大众品质型
余记烤鱼·烧烤,上城区,餐饮服务;中餐厅;特色/地方风味餐厅,4.4,96,0.9618093953204145,1,大众品质型
黑淀儿烧烤(奥体店),萧山区,餐饮服务;餐饮相关场所;餐饮相关,4.6,74,1.065434317138697,1,大众品质型
卜卜串烧鸟·羊肉炉苍蝇馆(深蓝国际店),萧山区,餐饮服务;中餐厅;中餐厅,4.6,143,0.9255880900782426,1,大众品质型
李记烧烤龙虾馆(清泰商务楼店),上城区,餐饮服务;中餐厅;特色/地方风味餐厅,3.8,88,0.8465822773313146,0,平价高性价比型
蚝宅·海鲜龙虾烧烤(五福天虹购物中心B座店),上城区,餐饮服务;中餐厅;海鲜酒楼,3.7,110,0.78564099641382,0,平价高性价比型
周胖烧烤·虾唠唠(原大学路胖子烧烤店),上城区,餐饮服务;中餐厅;中餐厅,4.4,65,1.0502058692005338,1,大众品质型
胖子烧烤(长明寺巷店),上城区,餐饮服务;中餐厅;特色/地方风味餐厅,4.5,41,1.203958738885743,1,大众品质型
小马烧烤,上城区,餐饮服务;中餐厅;中餐厅,4.6,89,1.0222654594327278,1,大众品质型
东北烧烤,上城区,餐饮服务;中餐厅;特色/地方风味餐厅,4.4,44,1.1558681684609975,1,大众品质型
庆哥东北油边王,上城区,餐饮服务;中餐厅;特色/地方风味餐厅,4.6,65,1.0979424996187397,1,大众品质型
串意十足烧烤店(解放路店),上城区,餐饮服务;餐饮相关场所;餐饮相关,4.0,45,1.0447570262568968,0,平价高性价比型
三毛烤鸡(景芳店),上城区,餐饮服务;餐饮相关场所;餐饮相关,4.5,24,1.3980036027591267,0,平价高性价比型
漫野串烧·炭火烧鸟(钱江世纪城店),萧山区,餐饮服务;餐饮相关场所;餐饮相关,4.6,141,0.9282002673891752,1,大众品质型
幸福小串·地摊小炉子(钱江世纪公园店),萧山区,餐饮服务;中餐厅;中餐厅,4.7,94,1.032087628163374,1,大众品质型
三个蒙古大叔(朝龙汇D+PARK店),萧山区,餐饮服务;中餐厅;综合酒楼,4.7,107,1.0038163759213463,1,大众品质型
肉本家·炭烤肉(滨江东和时代店),滨江区,餐饮服务;中餐厅;中餐厅,4.9,106,1.0486153406396395,1,大众品质型
三两好友深夜食堂小龙虾·烤乳猪·罗氏虾(滨江店),滨江区,餐饮服务;中餐厅;中餐厅,4.6,85,1.0326990003381638,1,大众品质型
福临潮汕牛档·鲜烤牛肉·沙茶火锅·牛腩饭·烧烤,萧山区,餐饮服务;中餐厅;中餐厅,4.6,89,1.0222654594327278,1,大众品质型
赶海去·海鲜烧烤小酒馆·团建·露营(萧山店),萧山区,餐饮服务;中餐厅;中餐厅,4.6,80,1.046775110620863,1,大众品质型
御牛道日式烤肉料理(中山中路店),上城区,餐饮服务;外国餐厅;日本料理,4.7,193,0.8922032177183187,1,大众品质型
穆羊客清真火锅烤肉一体,上城区,餐饮服务;中餐厅;清真菜馆,4.7,69,1.1062740410962182,1,大众品质型
虾儿清清小龙虾烧烤(星澜里店),滨江区,餐饮服务;中餐厅;特色/地方风味餐厅,4.7,87,1.0497311671531557,1,大众品质型
蚂蚁洞烤肉料理(杭州亚奥万象天地店),萧山区,餐饮服务;中餐厅;中餐厅,4.6,81,1.043860464415957,1,大众品质型
山葵村烤肉(滨江星光大道店),滨江区,餐饮服务;外国餐厅;外国餐厅,4.6,85,1.0326990003381638,1,大众品质型
梦幻烤房·BURGER·BBQ,上城区,餐饮服务;快餐厅;快餐厅,4.6,50,1.1699399794625944,1,大众品质型
夜八两·老舅烧烤(滨江店),滨江区,餐饮服务;中餐厅;中餐厅,4.6,64,1.1019581324362853,1,大众品质型
可劲造脆皮烤猪肘(丰平商业中心店),上城区,餐饮服务;餐饮相关场所;餐饮相关,3.5,55,0.869489244394642,0,平价高性价比型
懂肉记日式烧肉(亚奥万象天地店),萧山区,餐饮服务;中餐厅;中餐厅,4.7,139,0.9511007875633157,1,大众品质型
战友深夜食堂(金铂湾店),滨江区,餐饮服务;中餐厅;中餐厅,4.6,106,0.9844144014168041,1,大众品质型
晨旭夜食烧烤·烤鱼(建国北路店),拱墅区,餐饮服务;中餐厅;中餐厅,4.4,102,0.9493543228038245,1,大众品质型
周骏牛肉串(庆春店),上城区,餐饮服务;餐饮相关场所;餐饮相关,4.6,102,0.99250679202218,1,大众品质型
1987熬夜烧烤,上城区,餐饮服务;中餐厅;特色/地方风味餐厅,4.6,98,1.0010620288533425,1,大众品质型
串王阿三烧烤·酒场·烤鱼(吴山广场江城路店),上城区,餐饮服务;中餐厅;中餐厅,4.5,72,1.0488387226882916,1,大众品质型
如意Teppanyaki,上城区,餐饮服务;餐饮相关场所;餐饮相关,4.7,40,1.2656277879026379,1,大众品质型
凯旋烧烤(建国北路),拱墅区,餐饮服务;中餐厅;中餐厅,4.6,86,1.0300256695352283,1,大众品质型
篝火旁·酱油小串户外露营烧烤(滨江店),滨江区,餐饮服务;中餐厅;特色/地方风味餐厅,4.6,113,0.9712430866488153,1,大众品质型
久旦·鲜串烧鸟(华家池店),上城区,餐饮服务;中餐厅;中餐厅,4.5,100,0.9750557940098925,1,大众品质型
破店肥哈·海鲜·烧烤(杭州滨江店),滨江区,餐饮服务;餐饮相关场所;餐饮相关,4.7,95,1.0297198642263399,1,大众品质型
周姐焦烤鸡架·东北烧烤夜宵(隆和国际店),滨江区,餐饮服务;餐饮相关场所;餐饮相关,4.8,81,1.0892457019992594,1,大众品质型
原始烤肉·齐齐哈尔(杭州首店),萧山区,餐饮服务;中餐厅;特色/地方风味餐厅,4.4,81,0.9984752268326547,1,大众品质型
炙·烧鸟·烧肉·深夜食堂(都会山店),萧山区,餐饮服务;外国餐厅;日本料理,4.6,138,0.9322169014036145,1,大众品质型
戈壁滩西域·清真烤肉餐厅(中盛府店),上城区,餐饮服务;中餐厅;清真菜馆,4.4,18,1.494342396338478,0,平价高性价比型
大川日本料理·深夜居酒屋(解放路店),上城区,餐饮服务;外国餐厅;日本料理,4.7,99,1.0205920324726416,1,大众品质型
月龍吟(朝龙汇D+PARK店),萧山区,餐饮服务;外国餐厅;日本料理,4.8,425,0.7928066870399267,2,高消费高品质型
山崎家Curry咖喱食堂(奥体银泰店),滨江区,餐饮服务;外国餐厅;日本料理,4.5,34,1.2656988632822777,0,平价高性价比型
月龍吟(星澜里店),滨江区,餐饮服务;外国餐厅;日本料理,4.8,451,0.785124227725511,2,高消费高品质型
牛New寿喜烧(亚奥万象天地店),萧山区,餐饮服务;外国餐厅;日本料理,4.7,187,0.8975560186405585,1,大众品质型
酒食胡同·烧鸟酒场,萧山区,餐饮服务;外国餐厅;日本料理,4.6,161,0.9041597833036193,1,大众品质型
泽川创作料理(西湖大道店),上城区,餐饮服务;外国餐厅;日本料理,4.6,102,0.99250679202218,1,大众品质型
不会飞的烧鸟(华家池店),上城区,餐饮服务;外国餐厅;日本料理,4.6,121,0.9575311925502639,1,大众品质型
滨寿司(杭州亚奥万象天地店),萧山区,餐饮服务;外国餐厅;日本料理,4.6,104,0.9884054985222002,1,大众品质型
勇日本料理(万科金色城品店),上城区,餐饮服务;外国餐厅;日本料理,4.6,431,0.7580219833149511,2,高消费高品质型
鸟剑居酒屋(星澜里店),滨江区,餐饮服务;外国餐厅;日本料理,4.6,118,0.9625195931074574,1,大众品质型
竹哩(滨江店),滨江区,餐饮服务;外国餐厅;日本料理,4.8,397,0.8018104873743049,2,高消费高品质型
夜酌つけ麺 やきとり(杭州山水店),萧山区,餐饮服务;中餐厅;中餐厅,4.7,140,0.9497328834114926,1,大众品质型
味里日本料理,上城区,餐饮服务;外国餐厅;日本料理,4.7,339,0.8063207839511358,2,高消费高品质型
和炙烧鸟(庆春店),上城区,餐饮服务;外国餐厅;日本料理,4.7,135,0.9567128384382347,1,大众品质型
昊来了寿司,萧山区,餐饮服务;外国餐厅;日本料理,4.7,109,0.9998978049571461,1,大众品质型
满丼肉剧场,拱墅区,餐饮服务;外国餐厅;日本料理,4.7,39,1.274099644204539,1,大众品质型
东京烧肉Itimaru(杭州解百A座店),上城区,餐饮服务;外国餐厅;日本料理,4.8,163,0.941201121231692,1,大众品质型
鸟剑居酒屋(中山北路店),拱墅区,餐饮服务;外国餐厅;日本料理,4.7,118,0.9834439320880544,1,大众品质型
暮光里烧鸟·摩登居酒屋·CHIRPY BIRD,萧山区,餐饮服务;外国餐厅;日本料理,4.7,128,0.9671155198875083,1,大众品质型
大江户居酒屋(中山中路店),上城区,餐饮服务;外国餐厅;日本料理,4.6,271,0.8205783838956383,2,高消费高品质型
东京烧肉Itimaru(屏风街店),拱墅区,餐饮服务;外国餐厅;日本料理,4.9,165,0.9585312412444758,1,大众品质型
寿司郎(银泰in77·D馆店),上城区,餐饮服务;餐饮相关场所;餐饮相关,4.7,148,0.9392586795776917,1,大众品质型
御·拾串·烧鸟放题(鼓楼店),上城区,餐饮服务;中餐厅;中餐厅,4.6,136,0.9349629743179814,1,大众品质型
滨丸水產·烧肉烧鸟炉端烧(星光大道店),滨江区,餐饮服务;外国餐厅;日本料理,4.7,200,0.8862398224280347,1,大众品质型
大酒·烧鸟·居酒屋(国货路店),上城区,餐饮服务;外国餐厅;日本料理,4.6,158,0.9074939703901196,1,大众品质型
魔宗·烧肉(亚奥万象天地店),萧山区,餐饮服务;外国餐厅;日本料理,4.6,118,0.9625195931074574,1,大众品质型
鳗本家鳗鱼饭·烧鸟(西湖店),上城区,餐饮服务;外国餐厅;日本料理,4.5,108,0.9592126000815309,1,大众品质型
AJIYA味屋日式烤肉(开元路店),上城区,餐饮服务;外国餐厅;日本料理,4.8,158,0.9469502299722987,1,大众品质型
云上膈膜烧肉·酒场(星光大道店),滨江区,餐饮服务;外国餐厅;日本料理,4.7,114,0.9905305013543473,1,大众品质型
面屋目一,滨江区,餐饮服务;中餐厅;中餐厅,4.7,50,1.1953734572769987,1,大众品质型
博多天一天婦羅牛排飯(杭州首店),上城区,餐饮服务;外国餐厅;日本料理,4.6,68,1.0864157514709336,1,大众品质型
鸟剑居酒屋(钱江世纪城店),萧山区,餐饮服务;外国餐厅;日本料理,4.7,118,0.9834439320880544,1,大众品质型
一绪に寿喜烧放题(杭州嘉里中心店),拱墅区,餐饮服务;外国餐厅;日本料理,4.6,210,0.8595145620970094,1,大众品质型
舞麦UMAI日本料理(中山北路店),拱墅区,餐饮服务;外国餐厅;日本料理,4.6,95,1.0078109309449284,1,大众品质型
吉豚屋(杭州湖滨in77C3区店),上城区,餐饮服务;外国餐厅;日本料理,4.5,58,1.1036072781442368,1,大众品质型
竹哩(归谷店),萧山区,餐饮服务;外国餐厅;日本料理,4.7,230,0.863586782564212,1,大众品质型
苍蝇酒肉馆(国都公寓店),拱墅区,餐饮服务;外国餐厅;日本料理|体育休闲服务;娱乐场所;酒吧,4.7,120,0.9800261198469788,1,大众品质型
泷川本铺(工联cc店),上城区,餐饮服务;餐饮相关场所;餐饮相关,4.5,97,0.9814682483429067,1,大众品质型
大川日本料理·深夜居酒屋(火车东站店),上城区,餐饮服务;外国餐厅;日本料理,4.7,99,1.0205920324726416,1,大众品质型
串馨烧鸟·刺身·料理竞技场,滨江区,餐饮服务;中餐厅;中餐厅,4.7,148,0.9392586795776917,1,大众品质型
麺屋猪一(左右世界店),萧山区,餐饮服务;餐饮相关场所;餐饮相关,4.6,50,1.1699399794625944,1,大众品质型
酉串·食聚屋炭火烧鸟酒场(杭州本店),拱墅区,餐饮服务;外国餐厅;日本料理,4.7,131,0.9625620851542669,1,大众品质型
炙?烧鸟?烧肉?深夜食堂(闻涛路店),滨江区,餐饮服务;外国餐厅;日本料理,4.7,140,0.9497328834114926,1,大众品质型
壹恒·板前料理(杭州首店),拱墅区,餐饮服务;外国餐厅;日本料理,4.6,201,0.8665727243281353,1,大众品质型
一和幸寿喜烧(工联CC店),上城区,餐饮服务;外国餐厅;日本料理,4.5,142,0.9067380374074561,1,大众品质型
万寿居酒屋,拱墅区,餐饮服务;外国餐厅;日本料理,4.6,122,0.955906852335046,1,大众品质型
寿司郎(印力汇德隆杭州奥体印象城店),萧山区,餐饮服务;外国餐厅;日本料理,4.7,121,0.9783470880404871,1,大众品质型
竹村·烧鸟居酒屋(联合中心店),萧山区,餐饮服务;外国餐厅;日本料理,4.6,96,1.005528004198615,1,大众品质型
牛New寿喜烧(东站万象汇店),上城区,餐饮服务;外国餐厅;日本料理,4.7,169,0.9151449492436541,1,大众品质型
小林刺身(朝晖店),拱墅区,餐饮服务;外国餐厅;日本料理|生活服务;生活服务场所;生活服务场所,4.7,99,1.0205920324726416,1,大众品质型
一绪に寿喜烧放题(杭州滨江龙湖),滨江区,餐饮服务;餐饮相关场所;餐饮相关,4.7,156,0.9295434163878101,1,大众品质型
喜久料理,拱墅区,餐饮服务;外国餐厅;日本料理,4.6,224,0.8493195580583666,1,大众品质型
滨寿司(龙湖滨江天街店),滨江区,餐饮服务;外国餐厅;日本料理,4.6,100,0.9967237005434456,1,大众品质型
渔万(浙江民营企业发展大厦店),萧山区,餐饮服务;餐饮相关场所;餐饮相关,4.6,178,0.886766508637282,1,大众品质型
牛New寿喜烧(滨江银泰店),滨江区,餐饮服务;外国餐厅;日本料理,4.7,177,0.9070236057496212,1,大众品质型
牛小新烧肉·和牛放题(杭州东站万象汇),上城区,餐饮服务;外国餐厅;日本料理,4.7,181,0.9031502614459732,1,大众品质型
Kōyō izakaya·日法融合料理,拱墅区,餐饮服务;外国餐厅;日本料理,4.6,351,0.7844968181394517,2,高消费高品质型
东京烧肉(滨江天街店),滨江区,餐饮服务;外国餐厅;日本料理,4.7,180,0.9041074702423284,1,大众品质型
牛哒寿喜烧·和牛海鲜自助火锅(奥体店),萧山区,餐饮服务;外国餐厅;日本料理,4.6,176,0.8886914478249955,1,大众品质型
九井禅意料理(武林总店),拱墅区,餐饮服务;外国餐厅;日本料理,4.6,238,0.8399581146445522,1,大众品质型
三喜日料(龙湖杭州滨江天街店),滨江区,餐饮服务;中餐厅;中餐厅,4.7,177,0.9070236057496212,1,大众品质型
牛小新烧肉·和牛放题(杭州中心店),拱墅区,餐饮服务;外国餐厅;日本料理,4.6,160,0.9052615516486385,1,大众品质型
御牛道日式烤肉料理(奥体印象城店),萧山区,餐饮服务;中餐厅;中餐厅,4.6,193,0.8732201705328224,1,大众品质型
竹仙制麵·GINZA鶏白汤拉麺(兴耀·星澳商务中心店),滨江区,餐饮服务;餐饮相关场所;餐饮相关,4.7,32,1.3441984372625695,1,大众品质型
大川日本料理·深夜居酒屋(龙湖滨江天街),滨江区,餐饮服务;外国餐厅;日本料理,4.6,99,0.998877308377479,1,大众品质型
东京烧肉(东站万象汇店),上城区,餐饮服务;外国餐厅;日本料理,4.7,180,0.9041074702423284,1,大众品质型
竹哩·环球美食(杭州中心店),拱墅区,餐饮服务;外国餐厅;日本料理,4.7,285,0.8309771578892583,2,高消费高品质型
小满烧鸟·居酒屋(杭州之翼店),上城区,餐饮服务;外国餐厅;日本料理,4.7,80,1.069531091286534,1,大众品质型
御牛道日式烤肉料理(国大城市广场店),拱墅区,餐饮服务;外国餐厅;日本料理,4.7,201,0.8854112618135296,1,大众品质型
牛小新烧肉屋(滨江银泰店),滨江区,餐饮服务;外国餐厅;日本料理,4.6,120,0.9591745002757665,1,大众品质型
厚贞烤肉(杭州中心店),拱墅区,餐饮服务;外国餐厅;日本料理,4.6,144,0.9243010050528965,1,大众品质型
七条鱼日本料理(国大城市广场店),拱墅区,餐饮服务;外国餐厅;日本料理,4.6,159,0.9063728982429079,1,大众品质型
山上下日本料理(杭州中心),拱墅区,餐饮服务;外国餐厅;日本料理,4.6,160,0.9052615516486385,1,大众品质型
大渔铁板烧(龙湖杭州滨江天街店),滨江区,餐饮服务;外国餐厅;日本料理,4.6,236,0.8412489770174824,1,大众品质型
七条鱼日本料理(滨江天街店),滨江区,餐饮服务;外国餐厅;日本料理,4.6,154,0.9120785762374695,1,大众品质型
Sushi Hanzo半藏(杭州中心店),拱墅区,餐饮服务;外国餐厅;日本料理,4.6,220,0.8521417849644768,1,大众品质型
怀谷居酒屋(中兴花园百合苑店)(装修中),滨江区,餐饮服务;外国餐厅;日本料理,4.6,112,0.9730532328640134,1,大众品质型
鱼生有饭·生鱼饭(杭州首店),拱墅区,餐饮服务;中餐厅;中餐厅,4.5,50,1.1445065016481901,1,大众品质型
博多天一天妇罗·牛排饭(滨江天街店),滨江区,餐饮服务;外国餐厅;外国餐厅,4.5,63,1.0820212806667227,1,大众品质型
麵匠·石山,滨江区,餐饮服务;餐饮相关场所;餐饮相关,4.6,41,1.2307133775276482,1,大众品质型
鱼町刺身(西子铭苑南区店),拱墅区,餐饮服务;餐饮相关场所;餐饮相关,4.7,387,0.7884576060951881,2,高消费高品质型
七条鱼日本料理(富亿花园中心店),上城区,餐饮服务;外国餐厅;日本料理,4.7,175,0.909005811546917,1,大众品质型
本逸·割烹料理(湖墅店),拱墅区,餐饮服务;外国餐厅;日本料理,4.7,368,0.7951550836618115,2,高消费高品质型
牛New寿喜烧(滨江宝龙城店),滨江区,餐饮服务;外国餐厅;日本料理,4.7,169,0.9151449492436541,1,大众品质型
御牛道日式烤肉料理(黄龙恒励大厦店),西湖区,餐饮服务;外国餐厅;日本料理,4.7,193,0.8922032177183187,1,大众品质型
金匠寿司(宝龙城店),滨江区,餐饮服务;外国餐厅;日本料理,4.8,89,1.06671178375589,1,大众品质型
本逸·篹·和牛烧肉(黄龙店),西湖区,餐饮服务;餐饮相关场所;餐饮相关,4.6,328,0.79364288587231,2,高消费高品质型
竹哩(山泽里店)(暂停营业),滨江区,餐饮服务;外国餐厅;日本料理,4.7,424,0.7765913338047015,2,高消费高品质型
阿婆·给鸟烧鸟暖锅煎饺(文二菜市店),西湖区,餐饮服务;餐饮相关场所;餐饮相关,4.5,96,0.9836686997595148,1,大众品质型
寿司郎(黄龙国际中心店),西湖区,餐饮服务;外国餐厅;日本料理,4.7,157,0.9283776342643452,1,大众品质型
厚贞日式烤肉(杭州滨江宝龙城店),滨江区,餐饮服务;外国餐厅;日本料理,4.6,134,0.9377660187803765,1,大众品质型
鸟巢·烧鸟YaKiToRi炭火刺身小酒馆,滨江区,餐饮服务;外国餐厅;日本料理,4.5,113,0.9501291065042758,1,大众品质型
竹哩·栩(万科中心店),西湖区,餐饮服务;外国餐厅;日本料理|餐饮服务;冷饮店;冷饮店,4.8,411,0.7972066742638627,2,高消费高品质型
大川日本料理·烧鸟居酒屋(萧山加州阳光店),萧山区,餐饮服务;外国餐厅;日本料理,4.6,99,0.998877308377479,1,大众品质型
柠月·寿喜烧(黄龙国际中心店),西湖区,餐饮服务;外国餐厅;日本料理,4.6,130,0.9435515518743246,1,大众品质型
加奈日本料理(庆丰公寓店),西湖区,餐饮服务;外国餐厅;日本料理,4.6,384,0.7726880528310069,2,高消费高品质型
寿司郎(萧山万象汇店),萧山区,餐饮服务;外国餐厅;日本料理,4.7,84,1.057926838874359,1,大众品质型
牛New寿喜烧(萧山万象汇店),萧山区,餐饮服务;外国餐厅;日本料理,4.7,174,0.9100086671025339,1,大众品质型
七条鱼日本料理(新天地店),拱墅区,餐饮服务;外国餐厅;日本料理,4.6,158,0.9074939703901196,1,大众品质型
牛小新烧肉·和牛放题(萧山万象汇店),萧山区,餐饮服务;外国餐厅;日本料理,4.6,158,0.9074939703901196,1,大众品质型
18号酒馆(天目里店),西湖区,餐饮服务;外国餐厅;美式风味,4.8,125,0.9924979751698659,1,大众品质型
月芽·自由餐厅·西溪湿地餐厅,西湖区,餐饮服务;餐饮相关场所;餐饮相关,4.8,226,0.8848007787228345,1,大众品质型
Funloop芳麓·湖畔南欧餐厅(西湖天地店),上城区,餐饮服务;餐饮相关场所;餐饮相关,4.7,117,0.9851835470105966,1,大众品质型
THREE FINGERS,西湖区,体育休闲服务;娱乐场所;酒吧|餐饮服务;快餐厅;快餐厅,4.8,60,1.1676349502796701,1,大众品质型
月芽·璞上餐厅·上天竺店,西湖区,餐饮服务;中餐厅;中餐厅,4.7,230,0.863586782564212,1,大众品质型
18号酒馆(滨江山泽里店),滨江区,餐饮服务;外国餐厅;西餐厅(综合风味),4.7,133,0.9596067229571507,1,大众品质型
月芽·自由餐厅·虎跑1934店,西湖区,餐饮服务;外国餐厅;西餐厅(综合风味),4.8,352,0.8182095177910516,2,高消费高品质型
达美乐比萨(惠兴路店),上城区,餐饮服务;快餐厅;快餐厅,4.6,75,1.0621757652933361,1,大众品质型
王品牛排(杭州大厦店),拱墅区,餐饮服务;外国餐厅;牛扒店(扒房),4.7,251,0.8499973370877035,1,大众品质型
崔酱,拱墅区,餐饮服务;餐饮相关场所;餐饮相关,4.7,26,1.426041455048712,0,平价高性价比型
RayPub暗光(中河店),上城区,体育休闲服务;娱乐场所;酒吧|餐饮服务;咖啡厅;咖啡厅,4.7,90,1.0419300342229454,1,大众品质型
牛排家(杭州城西银泰店),拱墅区,餐饮服务;外国餐厅;西餐厅(综合风味),4.7,240,0.8569141313694559,1,大众品质型
COMMUNE幻师(杭州湖滨in77店),上城区,体育休闲服务;娱乐场所;酒吧|餐饮服务;中餐厅;中餐厅,4.6,93,1.012481078258731,1,大众品质型
LANJOLL澜·爵,西湖区,餐饮服务;外国餐厅;外国餐厅,4.7,157,0.9283776342643452,1,大众品质型
Tomacado花厨(in77·杭州首店),上城区,餐饮服务;外国餐厅;西餐厅(综合风味),4.6,178,0.886766508637282,1,大众品质型
意坊(西湖大道店),上城区,购物服务;服装鞋帽皮具店;服装鞋帽皮具店|餐饮服务;甜品店;甜品店,4.7,217,0.8728766477065855,1,大众品质型
牛排家(杭州滨江银泰店),滨江区,餐饮服务;外国餐厅;西餐厅(综合风味),4.8,234,0.8791876210317854,1,大众品质型
COMMUNE幻师(远洋乐堤港B区店),拱墅区,体育休闲服务;娱乐场所;酒吧|餐饮服务;外国餐厅;西餐厅(综合风味),4.7,93,1.0344915364817469,1,大众品质型
WADE'S Bar &Grill 味德(武林店),拱墅区,餐饮服务;外国餐厅;西餐厅(综合风味),4.7,136,0.9552882563683724,1,大众品质型
比格比萨自助(杭州金沙印象城店),钱塘区,餐饮服务;快餐厅;快餐厅,4.6,71,1.0756041907377925,1,大众品质型
mamala西餐厅(杭州远洋乐堤港店),拱墅区,餐饮服务;外国餐厅;意式菜品餐厅,4.7,226,0.8663674291661089,1,大众品质型
那些年·花园西餐·窑炉披萨(新天地店),临平区,餐饮服务;咖啡厅;咖啡厅,4.7,100,1.018391607076999,1,大众品质型
月芽·自由餐厅·壹集集合餐厅,余杭区,餐饮服务;外国餐厅;西餐厅(综合风味),4.7,228,0.8649687998255512,1,大众品质型
达美乐比萨(鸿泰路店),上城区,餐饮服务;快餐厅;快餐厅,4.6,75,1.0621757652933361,1,大众品质型
HEYUMMY好时镇,上城区,餐饮服务;外国餐厅;西餐厅(综合风味),4.7,121,0.9783470880404871,1,大众品质型
牛排家(杭州城北万象城店),余杭区,餐饮服务;外国餐厅;西餐厅(综合风味)|餐饮服务;外国餐厅;牛扒店(扒房),4.6,199,0.8682001627616722,1,大众品质型
蔻餐厅The Coeur,上城区,餐饮服务;外国餐厅;外国餐厅,4.6,155,0.9109170624659936,1,大众品质型
淀餐厅sediment,萧山区,餐饮服务;中餐厅;中餐厅,4.7,224,0.8677830267118094,1,大众品质型
And 百年洋房·西餐酒馆,上城区,餐饮服务;外国餐厅;西餐厅(综合风味),4.6,111,0.9748863198811003,1,大众品质型
达美乐比萨(山阴路店),萧山区,餐饮服务;快餐厅;快餐厅,4.6,75,1.0621757652933361,1,大众品质型
萨莉亚意式餐厅(国大城市广场店),拱墅区,餐饮服务;外国餐厅;意式菜品餐厅,4.5,53,1.128106792975486,1,大众品质型
牛排家(杭州亚奥万象天地店),萧山区,餐饮服务;外国餐厅;牛扒店(扒房),4.6,244,0.8361723489333386,1,大众品质型
COMMUNE幻师(EFC欧美广场店),余杭区,餐饮服务;餐饮相关场所;餐饮相关,4.7,93,1.0344915364817469,1,大众品质型
豪客来牛排(杭州文三颐高数码城餐厅),西湖区,餐饮服务;外国餐厅;西餐厅(综合风味)|餐饮服务;外国餐厅;牛扒店(扒房),4.6,77,1.0558428811721325,1,大众品质型
LuLuoBo绿萝卜(中山北路店),拱墅区,餐饮服务;中餐厅;中餐厅,4.7,96,1.0273873086377154,1,大众品质型
达美乐比萨(仓前万达广场店),余杭区,餐饮服务;快餐厅;快餐厅,4.6,75,1.0621757652933361,1,大众品质型
萨莉亚意式餐厅(龙湖杭州金沙天街店),钱塘区,餐饮服务;外国餐厅;意式菜品餐厅,4.6,52,1.1586049842578183,1,大众品质型
Le Nid Etoilé 楽·法餐,上城区,餐饮服务;外国餐厅;西餐厅(综合风味),4.6,188,0.8775700137347546,1,大众品质型
西西梨Brunch&Lounge(杭州湖滨88店),上城区,餐饮服务;餐饮相关场所;餐饮相关,4.5,93,0.9904706200357151,1,大众品质型
缦云里花园餐厅(杭州湖滨in77D区店),上城区,餐饮服务;外国餐厅;西餐厅(综合风味),4.6,121,0.9575311925502639,1,大众品质型
达美乐比萨(滨盛路店),滨江区,餐饮服务;快餐厅;快餐厅,4.5,75,1.0390849877869595,1,大众品质型
萨莉亚意式餐厅(滨江天街店),滨江区,餐饮服务;外国餐厅;意式菜品餐厅,4.6,45,1.2014705801954313,1,大众品质型
俄士厨房(杭州城西银泰城店),拱墅区,餐饮服务;餐饮相关场所;餐饮相关,4.6,100,0.9967237005434456,1,大众品质型
龙井茂居·西餐厅·下午茶,西湖区,餐饮服务;中餐厅;中餐厅,4.7,116,0.9869442116879764,1,大众品质型
豪客来牛排(杭州天空之翼餐厅),上城区,餐饮服务;外国餐厅;牛扒店(扒房),4.5,77,1.032889775059695,1,大众品质型
bistroduvin·法社,上城区,餐饮服务;外国餐厅;法式菜品餐厅,4.6,120,0.9591745002757665,1,大众品质型
达美乐比萨(滨文路店),滨江区,餐饮服务;快餐厅;快餐厅,4.6,75,1.0621757652933361,1,大众品质型
八壶西餐·CLUB,萧山区,餐饮服务;餐饮相关场所;餐饮相关,4.6,95,1.0078109309449284,1,大众品质型
萨莉亚意式餐厅(远洋乐堤港A区店),拱墅区,餐饮服务;外国餐厅;意式菜品餐厅,4.6,57,1.1328813107466744,1,大众品质型
111white三白咖啡·西餐(银湖美和院店),富阳区,餐饮服务;餐饮相关场所;餐饮相关,4.7,42,1.2496011526718045,1,大众品质型
豪客来牛排(杭州天阳D32餐厅),拱墅区,餐饮服务;外国餐厅;牛扒店(扒房),4.5,77,1.032889775059695,1,大众品质型
Fun.d方地餐厅,拱墅区,餐饮服务;中餐厅;中餐厅,4.6,98,1.0010620288533425,1,大众品质型
达美乐比萨(振兴西路店),临平区,餐饮服务;中餐厅;中餐厅,4.5,75,1.0390849877869595,1,大众品质型
菲滋意式餐厅(拱墅新天地店),拱墅区,餐饮服务;外国餐厅;外国餐厅,4.5,68,1.0627980177433047,1,大众品质型
萨莉亚意式餐厅(龙湖杭州西溪天街店),西湖区,餐饮服务;外国餐厅;意式菜品餐厅,4.5,46,1.168786359775222,1,大众品质型
Grande A’moo(城西银泰百货店),拱墅区,餐饮服务;餐饮相关场所;餐饮相关,4.6,109,0.9786233835750789,1,大众品质型
SOLAR索拉餐厅(BIRLAND玉鸟集店),余杭区,餐饮服务;外国餐厅;西餐厅(综合风味),4.6,157,0.9086249186416995,1,大众品质型
casa小屋墨西哥餐厅,西湖区,餐饮服务;外国餐厅;外国餐厅,4.6,112,0.9730532328640134,1,大众品质型
喀摩尔土耳其餐厅,上城区,餐饮服务;外国餐厅;西餐厅(综合风味),4.7,100,1.018391607076999,1,大众品质型
Modern·湖畔餐厅(和达湖畔中心店),钱塘区,餐饮服务;外国餐厅;外国餐厅,4.6,180,0.8848711410882362,1,大众品质型
萨莉亚意式餐厅(城西银泰城店),拱墅区,餐饮服务;外国餐厅;日本料理,4.4,48,1.1305763532134516,1,大众品质型
菲滋意式餐厅(萧山瓜沥七彩小镇店),萧山区,餐饮服务;外国餐厅;意式菜品餐厅,4.5,68,1.0627980177433047,1,大众品质型
翠熙餐厅,上城区,餐饮服务;外国餐厅;西餐厅(综合风味),4.6,130,0.9435515518743246,1,大众品质型
谧径莫奈花园餐厅,上城区,餐饮服务;中餐厅;中餐厅,4.6,115,0.9676896440518323,1,大众品质型
菲滋意式餐厅(萧山加州阳光二店),萧山区,餐饮服务;外国餐厅;意式菜品餐厅,4.5,68,1.0627980177433047,1,大众品质型
AmbréCiel珀·餐厅,西湖区,餐饮服务;外国餐厅;法式菜品餐厅,4.6,1475,0.630388191232223,2,高消费高品质型
MONET莫奈·法餐厅(武林路店),拱墅区,餐饮服务;外国餐厅;西餐厅(综合风味),4.4,216,0.817859470330675,1,大众品质型
豪尚豪牛排馆(凤起店),拱墅区,餐饮服务;外国餐厅;牛扒店(扒房),4.5,85,1.010249022069943,1,大众品质型
露天西餐厅(麦道大厦店),临平区,餐饮服务;外国餐厅;西餐厅(综合风味),4.6,181,0.8839342984364843,1,大众品质型
菲滋意式餐厅(西溪印象城店),余杭区,餐饮服务;外国餐厅;意式菜品餐厅,4.4,68,1.0391802840156756,1,大众品质型
Lapedrera巴特洛·西班牙餐厅(白沙泉店),西湖区,餐饮服务;外国餐厅;西餐厅(综合风味),4.6,237,0.8406016943079593,1,大众品质型
青蜂西餐厅(江滨一号店),滨江区,餐饮服务;快餐厅;快餐厅,4.6,175,0.8896652623650676,1,大众品质型
豪客来牛排(杭州临平银泰城餐厅),临平区,餐饮服务;外国餐厅;西餐厅(综合风味),4.4,77,1.0099366689472573,1,大众品质型
JUAN卷石西餐?和牛牛排,西湖区,餐饮服务;外国餐厅;外国餐厅,4.6,214,0.8565090359671239,1,大众品质型
必胜客(杭州转塘华润店),西湖区,餐饮服务;快餐厅;必胜客,4.5,58,1.1036072781442368,1,大众品质型
菲滋意式餐厅(星光大道店),滨江区,餐饮服务;外国餐厅;意式菜品餐厅,4.5,68,1.0627980177433047,1,大众品质型
蓝晓馆 · 融合餐厅,西湖区,餐饮服务;外国餐厅;西餐厅(综合风味),4.6,107,0.9824585806889771,1,大众品质型
slim's steak house斯利姆牛排餐廳,滨江区,餐饮服务;外国餐厅;西餐厅(综合风味),4.6,168,0.8967038640779441,1,大众品质型
Nodus诺德斯西餐厅(江南慢村店),余杭区,餐饮服务;餐饮相关场所;餐饮相关,4.6,160,0.9052615516486385,1,大众品质型
海丰西餐社,上城区,餐饮服务;外国餐厅;外国餐厅,4.4,33,1.247745365025867,0,平价高性价比型
菲滋意式餐厅(萧山万象汇店),萧山区,餐饮服务;外国餐厅;西餐厅(综合风味)|餐饮服务;外国餐厅;意式菜品餐厅,4.4,68,1.0391802840156756,1,大众品质型
菲滋意式餐厅(杭州转塘奥莱金街店),西湖区,餐饮服务;外国餐厅;意式菜品餐厅,4.5,68,1.0627980177433047,1,大众品质型
LAURA BERGAMO罗拉意大利餐厅,上城区,餐饮服务;外国餐厅;西餐厅(综合风味),4.5,128,0.9259616679774015,1,大众品质型
火柚星球·农场餐厅,西湖区,餐饮服务;外国餐厅;西餐厅(综合风味),4.7,80,1.069531091286534,1,大众品质型
晓叁月·生日下午茶约会·西餐融合菜,临平区,餐饮服务;餐饮相关场所;餐饮相关,4.5,109,0.9573489621930121,1,大众品质型
NDORA恩哚啦西餐厅,萧山区,餐饮服务;外国餐厅;外国餐厅,4.7,84,1.057926838874359,1,大众品质型
绿茶餐厅(西投银泰城店),西湖区,餐饮服务;中餐厅;浙江菜,4.5,67,1.0664751232661125,1,大众品质型
菲滋意式餐厅(西湖银泰店),上城区,餐饮服务;外国餐厅;意式菜品餐厅,4.4,68,1.0391802840156756,1,大众品质型
杭州明豪voco酒店·日月西餐厅·自助餐,滨江区,餐饮服务;餐饮相关场所;餐饮相关,4.4,99,0.955447860187154,1,大众品质型
菲滋意式餐厅(杭州龙湖金沙天街店),钱塘区,餐饮服务;外国餐厅;意式菜品餐厅,4.3,68,1.0155625502880465,1,大众品质型
菲滋意式餐厅(萧山银隆店),萧山区,餐饮服务;外国餐厅;意式菜品餐厅|餐饮服务;外国餐厅;西餐厅(综合风味),4.4,68,1.0391802840156756,1,大众品质型
菲滋意式餐厅(杭州古墩路印象城店),西湖区,餐饮服务;外国餐厅;意式菜品餐厅,4.5,68,1.0627980177433047,1,大众品质型
菲滋意式餐厅(富阳物美店),富阳区,餐饮服务;外国餐厅;意式菜品餐厅,4.6,68,1.0864157514709336,1,大众品质型
Reallee意大利餐厅,余杭区,餐饮服务;外国餐厅;外国餐厅,4.6,128,0.9465385939324549,1,大众品质型
Wagas沃歌斯(杭州城西银泰WA店),拱墅区,餐饮服务;外国餐厅;西餐厅(综合风味),4.4,80,1.0012631492895212,1,大众品质型
缦云里花园餐厅(秦望水街店),富阳区,餐饮服务;外国餐厅;西餐厅(综合风味),4.5,79,1.026922101384009,1,大众品质型
菲滋意式餐厅(杭州五福天虹店),上城区,餐饮服务;外国餐厅;意式菜品餐厅|餐饮服务;外国餐厅;西餐厅(综合风味),4.5,68,1.0627980177433047,1,大众品质型
菲滋意式餐厅(西湖文化广场店),拱墅区,餐饮服务;外国餐厅;意式菜品餐厅,4.4,68,1.0391802840156756,1,大众品质型
菲滋意式餐厅(富阳东方茂店),富阳区,餐饮服务;外国餐厅;西餐厅(综合风味),4.4,68,1.0391802840156756,1,大众品质型
菲滋意式餐厅(拱墅万达店),拱墅区,餐饮服务;外国餐厅;意式菜品餐厅,4.4,68,1.0391802840156756,1,大众品质型
Patechin·窑炉披萨·西餐(杭州临平inPARK店),临平区,餐饮服务;外国餐厅;西餐厅(综合风味),4.6,99,0.998877308377479,1,大众品质型
狂野牛牛·岩烤牛排西餐厅(亚奥万象天地店),萧山区,餐饮服务;外国餐厅;西餐厅(综合风味),4.5,87,1.0050617557849362,1,大众品质型
Moss苔藓·创意融合料理,富阳区,餐饮服务;中餐厅;中餐厅,4.6,95,1.0078109309449284,1,大众品质型
菲滋意式餐厅(杭州西投银泰店),西湖区,餐饮服务;外国餐厅;意式菜品餐厅,4.4,68,1.0391802840156756,1,大众品质型
Muen慕恩艺术.生日.聚会餐厅,拱墅区,餐饮服务;外国餐厅;西餐厅(综合风味),4.5,99,0.9771625842823165,1,大众品质型
豪过瘾牛排自助餐厅(萧山开元广场店),萧山区,餐饮服务;外国餐厅;外国餐厅,4.5,63,1.0820212806667227,1,大众品质型
菲滋意式餐厅(杭州滨江开元广场店),滨江区,餐饮服务;外国餐厅;意式菜品餐厅,4.4,68,1.0391802840156756,1,大众品质型
gege blue青田西餐大师(龙湖杭州金沙天街店),钱塘区,餐饮服务;外国餐厅;西餐厅(综合风味),4.5,104,0.9669184224673698,1,大众品质型
菲滋意式餐厅(余杭万达店),余杭区,餐饮服务;外国餐厅;意式菜品餐厅,4.5,68,1.0627980177433047,1,大众品质型
叁念SANNIAN西餐厅(杭州临平inPARK店),临平区,餐饮服务;餐饮相关场所;餐饮相关,4.5,129,0.9244926863494141,1,大众品质型
古鲁特烤肉自助餐厅(西投银泰城店),西湖区,餐饮服务;中餐厅;中餐厅,4.4,64,1.0540469092868818,1,大众品质型
Angelo's意大利西餐厅(滨江店),滨江区,餐饮服务;外国餐厅;意式菜品餐厅,4.6,125,0.9511438928711214,1,大众品质型
喜佑西餐厅(杭州临平inPARK店),临平区,餐饮服务;外国餐厅;外国餐厅,4.6,212,0.8580021117709989,1,大众品质型
菲滋意式餐厅(萧山临浦店),萧山区,餐饮服务;外国餐厅;西餐厅(综合风味),4.6,68,1.0864157514709336,1,大众品质型
千岛湖明豪国际度假酒店·日月西餐厅,淳安县,餐饮服务;中餐厅;中餐厅,4.1,165,0.8020363447147654,1,大众品质型
黄龙海鲜大排档(杭州总店),西湖区,餐饮服务;中餐厅;海鲜酒楼,4.9,160,0.964300348495289,1,大众品质型
東盛炭烤自助料理(奥体印象城店),萧山区,餐饮服务;中餐厅;中餐厅,4.7,129,0.9655812501871658,1,大众品质型
李百蟹·园林湖景蟹黄面(雷峰塔店),西湖区,餐饮服务;中餐厅;海鲜酒楼,4.6,67,1.0901745704498038,1,大众品质型
東盛炭烤自助料理(临平招商花园城店),临平区,餐饮服务;中餐厅;中餐厅,4.7,129,0.9655812501871658,1,大众品质型
靓靓蒸虾·鲜鱼杂王·鲜货烧烤(武林广场店),拱墅区,餐饮服务;中餐厅;海鲜酒楼,4.8,105,1.0292833042593719,1,大众品质型
李百蟹·湖景蟹黄面·望湖楼(西湖断桥店),西湖区,餐饮服务;中餐厅;海鲜酒楼,4.6,88,1.0248101251905388,1,大众品质型
三两好友深夜食堂钱江世纪城店(焗海鲜·烤乳猪·罗氏虾),萧山区,餐饮服务;中餐厅;中餐厅,4.8,100,1.040059513610552,1,大众品质型
黄龙海鲜大排档(未科店),余杭区,餐饮服务;中餐厅;海鲜酒楼,4.7,147,0.9405243849006555,1,大众品质型
小厨师(百井坊店),拱墅区,餐饮服务;中餐厅;海鲜酒楼,4.7,160,0.924941150597522,1,大众品质型
李馆长深夜食堂(西湖店),西湖区,餐饮服务;中餐厅;中餐厅,4.7,116,0.9869442116879764,1,大众品质型
黄龙海鲜大排档(滨江店),滨江区,餐饮服务;中餐厅;中餐厅,4.7,123,0.9750467760092476,1,大众品质型
德悦悦品海鲜姿造(凤起东路店),上城区,餐饮服务;中餐厅;海鲜酒楼,4.8,234,0.8791876210317854,1,大众品质型
東小鲜.舟山小海鲜(钱江世纪城店),萧山区,餐饮服务;中餐厅;海鲜酒楼,4.8,143,0.9658310505164271,1,大众品质型
东海渔宫·海鲜姿造(杭州首店),西湖区,餐饮服务;中餐厅;海鲜酒楼,4.7,189,0.8957458428554061,1,大众品质型
藏鲜工坊(莲花店),西湖区,餐饮服务;中餐厅;海鲜酒楼,4.7,120,0.9800261198469788,1,大众品质型
黄龙海鲜大排档(三墩店),西湖区,餐饮服务;中餐厅;海鲜酒楼,4.8,87,1.0720658728372654,1,大众品质型
德悦东海怡品海鲜姿造(萧山金城路店),萧山区,餐饮服务;中餐厅;海鲜酒楼,4.8,151,0.9554367346282822,1,大众品质型
德悦悦品海鲜姿造·海鲜和牛火锅·商务宴·家宴(滨江长河店),滨江区,餐饮服务;中餐厅;海鲜酒楼,4.8,168,0.9356909886030721,1,大众品质型
東喜記·名厨浙宴(西湖店),西湖区,餐饮服务;中餐厅;中餐厅,4.7,142,0.9470375057366763,1,大众品质型
小厨师沈家门海鲜(胜利河店),拱墅区,餐饮服务;中餐厅;海鲜酒楼,4.7,128,0.9671155198875083,1,大众品质型
黄龙海鲜大排档(钱江世纪城店),萧山区,餐饮服务;中餐厅;海鲜酒楼,4.7,134,0.9581522365799501,1,大众品质型
三两好友深夜食堂·焗海鲜·烤乳猪·脆皮烤鸡(西溪八方城店),余杭区,餐饮服务;中餐厅;中餐厅,4.7,98,1.0228242468718935,1,大众品质型
德悦海鲜(杭州大厦501广场店),上城区,餐饮服务;中餐厅;海鲜酒楼,4.7,202,0.8845883292572113,1,大众品质型
寻味江南(运河映巷街区店),上城区,餐饮服务;中餐厅;中餐厅,4.6,124,0.9527135663247379,1,大众品质型
赵姑娘海鲜大排档·梭子蟹·烧烤(杭州总店),滨江区,餐饮服务;中餐厅;中餐厅,4.7,87,1.0497311671531557,1,大众品质型
环海渔宴·江浙菜·海鲜(沈半路店),拱墅区,餐饮服务;中餐厅;中餐厅,4.7,139,0.9511007875633157,1,大众品质型
乔街深夜食堂(杭州总店),滨江区,餐饮服务;中餐厅;中餐厅,4.8,120,1.0008777394181911,1,大众品质型
德悦家宴(临平店),临平区,餐饮服务;中餐厅;海鲜酒楼,4.7,169,0.9151449492436541,1,大众品质型
蟹满皇·蟹黄面(西湖湖滨店),上城区,餐饮服务;餐饮相关场所;餐饮相关,4.6,76,1.0589792942513956,1,大众品质型
名人名家·浙菜(三墩店),西湖区,餐饮服务;中餐厅;中餐厅,4.7,245,0.8537178858936831,1,大众品质型
乔街深夜食堂(滨江银泰店),滨江区,餐饮服务;餐饮相关场所;餐饮相关,4.8,120,1.0008777394181911,1,大众品质型
唐院宋潮·江鲜宴,余杭区,餐饮服务;中餐厅;中餐厅,4.7,137,0.953878225137508,1,大众品质型
德悦海鲜(钱江新城店),上城区,餐饮服务;中餐厅;海鲜酒楼,4.7,150,0.9367625790997657,1,大众品质型
江南宴宴会中心,临平区,餐饮服务;中餐厅;中餐厅,4.7,74,1.0885959327286687,1,大众品质型
环球渔市,余杭区,餐饮服务;中餐厅;海鲜酒楼,4.8,90,1.0640987583553485,1,大众品质型
山海盟海鲜烤肉自助餐厅(萧山银泰店),萧山区,餐饮服务;中餐厅;海鲜酒楼,4.7,121,0.9783470880404871,1,大众品质型
乔街深夜食堂(凤起路店),拱墅区,餐饮服务;餐饮相关场所;餐饮相关,4.7,120,0.9800261198469788,1,大众品质型
铁定鲜乐清湾小海鲜,西湖区,餐饮服务;中餐厅;海鲜酒楼,4.7,143,0.9457095702973349,1,大众品质型
德悦悦品海鲜姿造(文一路),西湖区,餐饮服务;中餐厅;海鲜酒楼,4.8,235,0.8785043484656645,1,大众品质型
渔歌和宴.原烹平价海鲜餐厅(西溪堂店),余杭区,餐饮服务;中餐厅;海鲜酒楼,4.7,136,0.9552882563683724,1,大众品质型
观炉·海鲜姿造·大事之选,萧山区,餐饮服务;中餐厅;火锅店|餐饮服务;中餐厅;海鲜酒楼,4.8,489,0.7748927777463395,2,高消费高品质型
小家居·台州小馆(杭州首店),上城区,餐饮服务;中餐厅;中餐厅,4.7,120,0.9800261198469788,1,大众品质型
上岸·鲜·辣炒小海鲜(LOFT49店),拱墅区,餐饮服务;中餐厅;海鲜酒楼,4.6,112,0.9730532328640134,1,大众品质型
老纪蚝宅(爱橙街店),余杭区,餐饮服务;中餐厅;海鲜酒楼,4.8,109,1.021172226339213,1,大众品质型
藏鲜工坊(朝晖店),拱墅区,餐饮服务;中餐厅;海鲜酒楼|餐饮服务;中餐厅;综合酒楼,4.7,120,0.9800261198469788,1,大众品质型
龙井御庄·精致江南菜(黄龙店),西湖区,餐饮服务;中餐厅;中餐厅,4.7,368,0.7951550836618115,2,高消费高品质型
锦遇·唐风宋韵灶台鱼里·正宗淳牌鱼,淳安县,餐饮服务;中餐厅;中餐厅,4.7,71,1.0989868905364402,1,大众品质型
今晚食乜餸海鲜大排档,拱墅区,餐饮服务;中餐厅;海鲜酒楼,4.8,118,1.0043682710686512,1,大众品质型
王大力·活龙虾江湖菜大排档(夜宵·拱墅万达店),拱墅区,餐饮服务;中餐厅;中餐厅,4.6,69,1.0827362955409794,1,大众品质型
康乐渔港(杭州未来科技城店),余杭区,餐饮服务;中餐厅;海鲜酒楼,4.7,172,0.9120384348167367,1,大众品质型
强子海鲜(建设一路店),萧山区,餐饮服务;中餐厅;海鲜酒楼,4.7,134,0.9581522365799501,1,大众品质型
山海盟海鲜烤肉自助餐厅(中大银泰店),拱墅区,餐饮服务;中餐厅;中餐厅,4.6,132,0.9406281390941649,1,大众品质型
麻爪·大连特色海鲜烧烤(杭州大悦城店),拱墅区,餐饮服务;餐饮相关场所;餐饮相关,4.7,105,1.0078399020873017,1,大众品质型
凹凹板正一把串·深夜食堂,拱墅区,餐饮服务;中餐厅;中餐厅,4.6,88,1.0248101251905388,1,大众品质型
宽马记大排档·热鲜牛肉海鲜火锅(临平店),临平区,餐饮服务;中餐厅;中餐厅,4.7,106,1.0058147144910827,1,大众品质型
友·小海鲜bistro,拱墅区,餐饮服务;中餐厅;海鲜酒楼,4.7,116,0.9869442116879764,1,大众品质型
城东海鲜大排档(中豪五星国际店),上城区,餐饮服务;中餐厅;海鲜酒楼,4.7,107,1.0038163759213463,1,大众品质型
象山石浦海鲜城(杭大路店),西湖区,餐饮服务;中餐厅;海鲜酒楼,4.7,134,0.9581522365799501,1,大众品质型
舟舢海鲜小馆·舟山小海鲜(西湖店),拱墅区,餐饮服务;中餐厅;海鲜酒楼,4.6,92,1.014870165993831,1,大众品质型
炉鱼(杭州湖滨88店),上城区,餐饮服务;中餐厅;中餐厅,4.5,60,1.0946577658871908,1,大众品质型
英子小海鲜(下沙新视界未来中心店),钱塘区,餐饮服务;中餐厅;海鲜酒楼,4.7,94,1.032087628163374,1,大众品质型
德悦悦品海鲜姿造(星光店),滨江区,餐饮服务;中餐厅;中餐厅,4.7,134,0.9581522365799501,1,大众品质型
乔街深夜食堂(紫金港店),西湖区,餐饮服务;中餐厅;中餐厅,4.7,120,0.9800261198469788,1,大众品质型
三两好友深夜食堂(萧山万象汇店),萧山区,餐饮服务;中餐厅;中餐厅,4.6,97,1.0032786538616378,1,大众品质型
浙C老邻舍海鲜餐厅(西城海错店),拱墅区,餐饮服务;中餐厅;海鲜酒楼,4.7,115,0.9887263754442637,1,大众品质型
玲姐·海鲜火锅(满觉陇店),西湖区,餐饮服务;中餐厅;火锅店,4.7,657,0.7242797923227399,2,高消费高品质型
德悦悦品海鲜姿造(未来科技城宝龙广场店),余杭区,餐饮服务;中餐厅;海鲜酒楼,4.7,132,0.9610765769005598,1,大众品质型
梅溪徐记鲜牛肉火锅·烧烤(西溪天街外街店),西湖区,餐饮服务;中餐厅;火锅店,4.7,114,0.9905305013543473,1,大众品质型
乾珑汇小鲜(顺丰·创新中心店),拱墅区,餐饮服务;中餐厅;中餐厅,4.7,176,0.908010827125539,1,大众品质型
牛小新烧肉·和牛放题(龙湖杭州金沙天街店),钱塘区,餐饮服务;餐饮相关场所;餐饮相关,4.6,171,0.8936386470583687,1,大众品质型
佳友记·潮汕海鲜砂锅粥,萧山区,餐饮服务;中餐厅;潮州菜|餐饮服务;中餐厅;海鲜酒楼,4.7,112,0.9942065640132312,1,大众品质型
强子海鲜(奥体店),萧山区,餐饮服务;餐饮相关场所;餐饮相关,4.6,146,0.9217637789932043,1,大众品质型
台舟半岛·台州菜·小海鲜(临平店),临平区,餐饮服务;餐饮相关场所;餐饮相关,4.6,100,0.9967237005434456,1,大众品质型
签约·肆酒撸串·海鲜烧烤季·团建精酿酒馆(滨江店),滨江区,餐饮服务;中餐厅;中餐厅,4.7,60,1.1433092221488437,1,大众品质型
藏鲜工坊·西悦餐厅(西溪店),西湖区,餐饮服务;中餐厅;中餐厅,4.7,120,0.9800261198469788,1,大众品质型
台舟半岛·小海鲜餐厅·台州菜(九堡店),上城区,餐饮服务;中餐厅;海鲜酒楼,4.7,140,0.9497328834114926,1,大众品质型
西溪丽锅·牛肉海鲜火锅·新浙菜,西湖区,餐饮服务;中餐厅;火锅店|餐饮服务;茶艺馆;茶艺馆,4.7,180,0.9041074702423284,1,大众品质型
鼎库港味海鲜火锅(圣奥中央商务大厦店),上城区,餐饮服务;中餐厅;火锅店,4.7,452,0.7684896828733376,2,高消费高品质型
杭越海鲜·宁波味道(下沙店),钱塘区,餐饮服务;中餐厅;海鲜酒楼,4.7,151,0.9355318026568596,1,大众品质型
沈府家宴(未来科技城店),余杭区,餐饮服务;中餐厅;中餐厅,4.7,141,0.9483785340715487,1,大众品质型
德天肥牛海鲜火锅(滨江一店),滨江区,餐饮服务;中餐厅;火锅店,4.7,191,0.8939617950033955,1,大众品质型
洪星渔庄·临平菜(星万里店),临平区,餐饮服务;中餐厅;浙江菜,4.7,75,1.0852665427997132,1,大众品质型
佬太公海鲜·象山大排档(杭州首店),滨江区,餐饮服务;中餐厅;中餐厅,4.7,110,0.9979764008499875,1,大众品质型
久米半岛(新台州菜),上城区,餐饮服务;餐饮相关场所;餐饮相关,4.7,133,0.9596067229571507,1,大众品质型
瀛海牛·鲜切牛肉海鲜火锅,上城区,餐饮服务;中餐厅;火锅店,4.7,108,1.0018442711962656,1,大众品质型
七欣天(艮山西路店),上城区,餐饮服务;中餐厅;海鲜酒楼,4.6,129,0.9450369682682899,1,大众品质型
武林虾客·小龙虾·江南生腌(凤起路店),拱墅区,餐饮服务;中餐厅;海鲜酒楼,4.7,100,1.018391607076999,1,大众品质型
东海渔宫·海鲜姿造(滨江店),滨江区,餐饮服务;中餐厅;海鲜酒楼,4.7,134,0.9581522365799501,1,大众品质型
西茶?宋宴?精致江南料理,余杭区,餐饮服务;中餐厅;中餐厅,4.7,185,0.8993930041886957,1,大众品质型
三登客江鲜(永福店),余杭区,餐饮服务;中餐厅;海鲜酒楼,4.7,91,1.0394117106349237,1,大众品质型
永遇乐海鲜自助餐厅·火锅烤肉蒸锅,临平区,餐饮服务;中餐厅;中餐厅,4.7,103,1.0119733894209697,1,大众品质型
厨禾海鲜·精致浙菜(临平店),临平区,餐饮服务;中餐厅;浙江菜|餐饮服务;中餐厅;海鲜酒楼,4.7,120,0.9800261198469788,1,大众品质型
四海珍宝海鲜餐厅(国贸中心店),临平区,餐饮服务;中餐厅;海鲜酒楼,4.7,146,0.9418021220147959,1,大众品质型
钱江渔村·渔浦佳宴(湘湖店),萧山区,餐饮服务;中餐厅;海鲜酒楼,4.7,118,0.9834439320880544,1,大众品质型
光头龙虾烧烤(信义坊步行街店),拱墅区,餐饮服务;中餐厅;特色/地方风味餐厅,4.8,123,0.9957924520945507,1,大众品质型
猪笼城寨·鲜货烧烤龙虾·怀旧包厢·大排档(萧山店),萧山区,餐饮服务;中餐厅;中餐厅,4.7,98,1.0228242468718935,1,大众品质型
红盔甲.小龙虾(杭州首店),萧山区,餐饮服务;中餐厅;中餐厅,4.8,188,0.9157252317232223,1,大众品质型
马大虾小龙虾·盆盆蟹·杭城地标十星大排档,滨江区,餐饮服务;餐饮相关场所;餐饮相关,4.7,98,1.0228242468718935,1,大众品质型
肥猫·小龙虾·鲜货烧烤·炒菜大排档(杭州滨江区),滨江区,餐饮服务;中餐厅;中餐厅,4.6,90,1.0197613100905423,1,大众品质型
望江门小龙虾·虾王大排挡(杭州总店),滨江区,餐饮服务;中餐厅;海鲜酒楼,4.7,108,1.0018442711962656,1,大众品质型
戒指龙虾.小龙虾.烧烤(下沙一店),钱塘区,餐饮服务;中餐厅;中餐厅,4.6,80,1.046775110620863,1,大众品质型
烟火神炭·炭火砂锅·烧烤小海鲜大排档·小龙虾,西湖区,餐饮服务;餐饮相关场所;餐饮相关,4.7,105,1.0078399020873017,1,大众品质型
新珒记·台州海鲜·小龙虾夜宵,拱墅区,餐饮服务;中餐厅;海鲜酒楼,4.7,205,0.8821526347651159,1,大众品质型
望江门小龙虾(西湖店),拱墅区,餐饮服务;中餐厅;海鲜酒楼,4.6,94,1.0101283169258553,1,大众品质型
小杨小黄鱼烧烤.龙虾(中赢康康谷店),滨江区,餐饮服务;中餐厅;中餐厅,4.7,83,1.0607525008090966,1,大众品质型
137烧烤龙虾烤鱼.新疆羊肉串(南大街店),临平区,餐饮服务;中餐厅;特色/地方风味餐厅,4.7,60,1.1433092221488437,1,大众品质型
玖十八烤鱼酒馆·龙虾·烧烤(奥莱金街店),西湖区,餐饮服务;中餐厅;中餐厅,4.7,82,1.063627412065356,1,大众品质型
戒指龙虾(余杭店),余杭区,餐饮服务;餐饮相关场所;餐饮相关,4.7,89,1.044488621594309,1,大众品质型
红钳侠小龙虾·烧烤(闻涛路店),滨江区,餐饮服务;中餐厅;中餐厅,4.7,156,0.9295434163878101,1,大众品质型
何府茶油现炒鸡小龙虾,西湖区,餐饮服务;中餐厅;中餐厅,4.6,60,1.1189834940180172,1,大众品质型
拙大师·龙虾四季排档(杭州北景园店),拱墅区,餐饮服务;中餐厅;海鲜酒楼|餐饮服务;中餐厅;火锅店,4.7,113,0.9923570667933549,1,大众品质型
老城区烧烤小酒馆·小龙虾(西湖店),上城区,餐饮服务;中餐厅;中餐厅,4.5,90,0.9975925859581393,1,大众品质型
柴米夫妻老川菜·小龙虾(华中路店),拱墅区,餐饮服务;中餐厅;中餐厅,4.6,83,1.038183298664222,1,大众品质型
武林虾客·小龙虾·江南生腌(滨江店),滨江区,餐饮服务;中餐厅;海鲜酒楼,4.6,107,0.9824585806889771,1,大众品质型
东北主烤官·老七龙虾(中豪五星国际店),上城区,餐饮服务;中餐厅;中餐厅,4.6,95,1.0078109309449284,1,大众品质型
蚝当家·海鲜龙虾烧烤(文二路店),西湖区,餐饮服务;中餐厅;中餐厅,4.6,82,1.04099704159588,1,大众品质型
戒指龙虾·小龙虾·烧烤(九堡格畈店),上城区,餐饮服务;中餐厅;中餐厅,4.6,80,1.046775110620863,1,大众品质型
怪圣龙虾(滨江总店曾用名怪怪龙虾),滨江区,餐饮服务;中餐厅;中餐厅,4.5,117,0.9432608428824861,1,大众品质型
马大虾小龙虾(余杭店)杭城十星级大排档,余杭区,餐饮服务;餐饮相关场所;餐饮相关,4.6,96,1.005528004198615,1,大众品质型
一家人扬州龙虾(七乐汇生活广场店),拱墅区,餐饮服务;中餐厅;海鲜酒楼,4.6,165,0.8998456550458342,1,大众品质型
戒指龙虾·小龙虾·烧烤(天城东路店),钱塘区,餐饮服务;餐饮相关场所;餐饮相关,4.6,96,1.005528004198615,1,大众品质型
火龙堂·龙虾羊排烧烤精酿(文一路店),西湖区,餐饮服务;中餐厅;中餐厅,4.5,58,1.1036072781442368,1,大众品质型
拉哥烧烤龙虾馆(沈塘桥店),拱墅区,餐饮服务;中餐厅;中餐厅,4.5,54,1.1229413158314532,1,大众品质型
三虾客小龙虾临沂炒鸡(迎春东苑店),滨江区,餐饮服务;餐饮相关场所;餐饮相关,4.6,60,1.1189834940180172,1,大众品质型
龙虾小弟,上城区,餐饮服务;中餐厅;浙江菜|餐饮服务;中餐厅;海鲜酒楼,4.6,179,0.8858151785357966,1,大众品质型
瑔记·台州小馆·小龙虾(杭州首店),余杭区,餐饮服务;中餐厅;中餐厅,4.6,82,1.04099704159588,1,大众品质型
戒指龙虾·小龙虾·烧烤(天润中心店),萧山区,餐饮服务;中餐厅;特色/地方风味餐厅,4.5,80,1.024019129955192,1,大众品质型
可爸海鲜小龙虾大闸蟹(城西店No1),西湖区,餐饮服务;中餐厅;中餐厅,4.6,114,0.9694553843042546,1,大众品质型
望江门阿根龙虾,上城区,餐饮服务;中餐厅;海鲜酒楼,4.6,113,0.9712430866488153,1,大众品质型
虾蟹工坊龙虾馆(阅城新座店),拱墅区,餐饮服务;中餐厅;海鲜酒楼|餐饮服务;中餐厅;特色/地方风味餐厅,4.5,130,0.9230395616161873,1,大众品质型
活虾堂龙虾(文一西路店),西湖区,餐饮服务;中餐厅;特色/地方风味餐厅,4.6,76,1.0589792942513956,1,大众品质型
彭兜兜.地道湖南土菜.烧烤.小龙虾(仓南里MEET636店),余杭区,餐饮服务;中餐厅;中餐厅,4.5,47,1.1624299506329794,1,大众品质型
李氏龙虾烧烤烤鱼(缔逸城商业街店),余杭区,餐饮服务;中餐厅;特色/地方风味餐厅,4.6,85,1.0326990003381638,1,大众品质型
三两好友深夜食堂富阳店·小龙虾·焗海鲜·烤乳猪,富阳区,餐饮服务;中餐厅;中餐厅,4.5,100,0.9750557940098925,1,大众品质型
永聚烤吧盱眙龙虾,上城区,餐饮服务;中餐厅;中餐厅,4.5,128,0.9259616679774015,1,大众品质型
江南虾客·龙虾烧烤(钱江世纪城店),萧山区,餐饮服务;中餐厅;火锅店,4.6,147,0.9205132277751096,1,大众品质型
盱眙·战友龙虾(转塘店),西湖区,餐饮服务;中餐厅;中餐厅,4.6,133,0.9391895586389133,1,大众品质型
虾锅·小龙虾·烧烤(沈家路店),拱墅区,餐饮服务;中餐厅;中餐厅,4.6,61,1.1145748044135328,1,大众品质型
朱小喜龙虾馆(金莱店),萧山区,餐饮服务;中餐厅;海鲜酒楼,4.6,80,1.046775110620863,1,大众品质型
品蝦居小龙虾大闸蟹,拱墅区,餐饮服务;餐饮相关场所;餐饮相关,4.6,88,1.0248101251905388,1,大众品质型
羊老三火锅烧烤龙虾馆(杭州下沙宝龙广场店),钱塘区,餐饮服务;中餐厅;火锅店,4.4,97,0.9596578428241755,1,大众品质型
王市井龙虾·鲜货烧烤大排档(万塘汇店),西湖区,餐饮服务;中餐厅;海鲜酒楼,4.5,96,0.9836686997595148,1,大众品质型
三只羊烧烤·烤鱼·龙虾馆,淳安县,餐饮服务;中餐厅;特色/地方风味餐厅,4.3,75,0.9929034327742056,1,大众品质型
望江门小龙虾(胜利河美食街店),拱墅区,餐饮服务;中餐厅;海鲜酒楼,4.5,115,0.9466529126594013,1,大众品质型
活虾堂·羊肉煲小龙虾烧烤(高沙店),钱塘区,餐饮服务;中餐厅;中餐厅,4.6,76,1.0589792942513956,1,大众品质型
兄弟龙虾(金家渡总店),余杭区,餐饮服务;中餐厅;海鲜酒楼,4.5,109,0.9573489621930121,1,大众品质型
胖子食府·衢州菜小龙虾烧烤(西湖店),拱墅区,餐饮服务;中餐厅;中餐厅,4.5,74,1.0422727015487254,1,大众品质型
新大陆龙虾工坊(白云小区店),桐庐县,餐饮服务;中餐厅;海鲜酒楼,4.4,113,0.9290151263597365,1,大众品质型
财多多烧烤小排档·烧烤·小龙虾,萧山区,餐饮服务;餐饮相关场所;餐饮相关,4.5,78,1.029878408426197,1,大众品质型
虞记小龙虾大闸蟹(育才路店),萧山区,餐饮服务;中餐厅;中餐厅,4.5,78,1.029878408426197,1,大众品质型
特色碳烤羊腿·龙虾,西湖区,餐饮服务;中餐厅;特色/地方风味餐厅,4.5,83,1.0156140965193476,1,大众品质型
光头龙虾(丁桥店),上城区,餐饮服务;中餐厅;海鲜酒楼,4.6,89,1.0222654594327278,1,大众品质型
金榜龙虾馆(星耀城店),滨江区,餐饮服务;中餐厅;海鲜酒楼,4.6,133,0.9391895586389133,1,大众品质型
望江门小龙虾(西湖国贸店),上城区,餐饮服务;中餐厅;海鲜酒楼,4.1,110,0.8705751581882869,1,大众品质型
阿刚龙虾(瑞凯水湘大厦店),上城区,餐饮服务;中餐厅;海鲜酒楼,4.7,142,0.9470375057366763,1,大众品质型
大禹龙虾烧烤,滨江区,餐饮服务;餐饮相关场所;餐饮相关,4.6,71,1.0756041907377925,1,大众品质型
炙烤拾光烧烤 烤鱼 小龙虾(西投云潮中心店),西湖区,餐饮服务;中餐厅;特色/地方风味餐厅,4.5,105,0.9649530977431611,1,大众品质型
盱眙杨姐龙虾馆·仓前羊肉馆(明珠街店),上城区,餐饮服务;中餐厅;海鲜酒楼,4.6,70,1.0791333463194086,1,大众品质型
泉水羊肉炉烧烤龙虾(西田城店),余杭区,餐饮服务;中餐厅;中餐厅,4.5,86,1.0076338071540278,1,大众品质型
望江门小龙虾(杭州旗舰店),上城区,餐饮服务;中餐厅;中餐厅,4.4,92,0.9707453761680125,1,大众品质型
醉盏堂烧烤海鲜小龙虾,余杭区,餐饮服务;中餐厅;中餐厅,4.5,114,0.9483802672541622,1,大众品质型
江南龙虾纸包鱼(滨江宝龙店),滨江区,餐饮服务;餐饮相关场所;餐饮相关,4.5,77,1.032889775059695,1,大众品质型
金湖小龙虾(滨江路店),桐庐县,餐饮服务;中餐厅;海鲜酒楼,4.4,124,0.9112912373540973,1,大众品质型
虾不打烊小龙虾馆,临平区,餐饮服务;中餐厅;中餐厅,4.7,109,0.9998978049571461,1,大众品质型
锋味龙虾,上城区,餐饮服务;中餐厅;海鲜酒楼,4.4,52,1.1082308545074786,1,大众品质型
万州烤鱼烧烤龙虾炒菜,余杭区,餐饮服务;中餐厅;中餐厅,4.5,60,1.0946577658871908,1,大众品质型
正宗万州烤魚烧烤小龙虾,滨江区,餐饮服务;中餐厅;特色/地方风味餐厅|餐饮服务;中餐厅;四川菜(川菜),4.5,74,1.0422727015487254,1,大众品质型
虾老大深夜食堂·焗海鲜·小龙虾(八方城店),余杭区,餐饮服务;中餐厅;中餐厅,4.2,93,0.9244392453666674,1,大众品质型
重庆佬陈龙虾馆,萧山区,餐饮服务;中餐厅;海鲜酒楼,4.5,103,0.9689106919988009,1,大众品质型
钳和有龙虾·只做活虾(宝龙店),钱塘区,餐饮服务;餐饮相关场所;餐饮相关,4.4,62,1.0619978085608104,1,大众品质型
望江门227号龙虾馆,上城区,餐饮服务;中餐厅;中餐厅,4.6,32,1.3155984705123018,1,大众品质型
串小二鲜货烧烤.龙虾风暴,萧山区,餐饮服务;中餐厅;中餐厅,4.6,77,1.0558428811721325,1,大众品质型
盱眙战友龙虾(余杭店),余杭区,餐饮服务;中餐厅;特色/地方风味餐厅,4.4,87,0.9827270501008266,1,大众品质型
可爸海鲜小龙虾大闸蟹(城东店No3),上城区,餐饮服务;中餐厅;海鲜酒楼,4.6,132,0.9406281390941649,1,大众品质型
小南门龙虾(天润店),萧山区,餐饮服务;餐饮相关场所;餐饮相关,4.6,89,1.0222654594327278,1,大众品质型
天天有鹅肉·小南门龙虾,萧山区,餐饮服务;中餐厅;中餐厅,4.6,74,1.065434317138697,1,大众品质型
快点小龙虾大闸蟹(信义坊店),拱墅区,餐饮服务;中餐厅;海鲜酒楼,4.5,110,0.955509319962754,1,大众品质型
小洋哥东北大油边儿-小龙虾(拱墅店),拱墅区,餐饮服务;中餐厅;中餐厅,4.5,83,1.0156140965193476,1,大众品质型
虾客行小龙虾(西湖弄店),桐庐县,餐饮服务;中餐厅;中餐厅,4.4,91,0.9730662822965243,1,大众品质型
醉爱龙虾馆(桐庐店),桐庐县,餐饮服务;中餐厅;海鲜酒楼,4.4,73,1.0222893717261166,1,大众品质型
吃过瘾小龙虾(下沙宝龙店),钱塘区,餐饮服务;中餐厅;中餐厅,4.5,61,1.0903449173610649,1,大众品质型
九龙大排档小龙虾烤鱼,西湖区,餐饮服务;中餐厅;中餐厅,4.5,69,1.0591985499857408,1,大众品质型
今日川菜龙虾馆(贵创广场店),萧山区,餐饮服务;中餐厅;四川菜(川菜),4.5,102,0.9709305574130022,1,大众品质型
兄弟龙虾(广苑小区店),临安区,餐饮服务;中餐厅;中餐厅,4.5,53,1.128106792975486,1,大众品质型
洪泽湖龙虾馆,富阳区,餐饮服务;中餐厅;海鲜酒楼,4.1,50,1.0427725903905731,0,平价高性价比型
可爸海鲜小龙虾私房菜(余杭店No.8),余杭区,餐饮服务;餐饮相关场所;餐饮相关,4.6,145,0.9230263038745141,1,大众品质型
小南门阿坤龙虾馆(义蓬旗舰店),钱塘区,餐饮服务;中餐厅;海鲜酒楼,4.5,148,0.8992902251275772,1,大众品质型
大渔农特色烤鱼·烧烤·小龙虾(崇贤佳源名城店),临平区,餐饮服务;中餐厅;中餐厅,4.5,68,1.0627980177433047,1,大众品质型
四川老头烤鱼龙虾川菜馆(智格店),钱塘区,餐饮服务;中餐厅;特色/地方风味餐厅|餐饮服务;中餐厅;四川菜(川菜),4.5,68,1.0627980177433047,1,大众品质型
可爸海鲜小龙虾大闸蟹(萧山店No5),萧山区,餐饮服务;中餐厅;海鲜酒楼,4.5,109,0.9573489621930121,1,大众品质型
戒指龙虾(大江东店),钱塘区,餐饮服务;中餐厅;中餐厅,4.5,80,1.024019129955192,1,大众品质型
李氏龙虾(九堡家苑三区店),上城区,餐饮服务;中餐厅;海鲜酒楼,4.4,80,1.0012631492895212,1,大众品质型
小明家烤羊吧盱眙龙虾,滨江区,餐饮服务;中餐厅;火锅店,4.5,86,1.0076338071540278,1,大众品质型
戒指龙虾(富阳店),富阳区,餐饮服务;中餐厅;综合酒楼,4.4,110,0.9342757795191373,1,大众品质型
周记羊骨烧烤龙虾火锅(留下店),西湖区,餐饮服务;中餐厅;特色/地方风味餐厅,4.4,95,0.9639930643821054,1,大众品质型
星巴克(杭州市民中心店),上城区,餐饮服务;咖啡厅;星巴克咖啡,4.4,30,1.2813093753678348,0,平价高性价比型
Peet's皮爷咖啡(杭州来福士店),上城区,餐饮服务;咖啡厅;咖啡厅,4.4,39,1.192774134999994,0,平价高性价比型
M Stand(杭州来福士中心店),上城区,餐饮服务;咖啡厅;咖啡厅,4.1,40,1.104058283064003,0,平价高性价比型
Ora Coffee 杭州来福士店,上城区,餐饮服务;餐饮相关场所;餐饮相关,4.5,24,1.3980036027591267,0,平价高性价比型
星巴克(杭州来福士广场店),上城区,餐饮服务;咖啡厅;星巴克咖啡,4.6,30,1.3395507106118272,0,平价高性价比型
库迪咖啡(高德置地中心店),上城区,餐饮服务;咖啡厅;咖啡厅,3.9,9,1.693748479422682,0,平价高性价比型
M Stand (杭州平安悦坊店),上城区,餐饮服务;餐饮相关场所;餐饮相关,4.4,31,1.269571635982288,0,平价高性价比型
瑞幸咖啡(高德置地广场店),上城区,餐饮服务;咖啡厅;咖啡厅,4.1,13,1.5535850449287998,0,平价高性价比型
星巴克杭州砂之船店,上城区,餐饮服务;咖啡厅;星巴克咖啡,4.3,30,1.2521887077458385,0,平价高性价比型
三立方咖啡(杭州高德置地店),上城区,餐饮服务;咖啡厅;咖啡厅,4.1,14,1.5140044295823056,0,平价高性价比型
MStand(杭州太平金融大厦店),上城区,餐饮服务;咖啡厅;咖啡厅,4.6,35,1.2836544410678685,1,大众品质型
瑞幸咖啡(杭州来福士中心店),上城区,餐饮服务;咖啡厅;咖啡厅,4.1,13,1.5535850449287998,0,平价高性价比型
星巴克咖啡(杭州优托邦时光1F2F),上城区,餐饮服务;咖啡厅;星巴克咖啡,4.5,30,1.310430042989831,0,平价高性价比型
% Arabica阿拉比卡咖啡(万象城店),上城区,餐饮服务;咖啡厅;咖啡厅,4.5,48,1.156271270331939,1,大众品质型
瑞幸咖啡(迪凯银座负一楼店),上城区,餐饮服务;咖啡厅;咖啡厅,4.0,13,1.5156927267598048,0,平价高性价比型
蓝瓶咖啡(杭州万象城店),上城区,餐饮服务;咖啡厅;咖啡厅,4.7,52,1.1837920491329885,1,大众品质型
星巴克(迪凯银座店),上城区,餐饮服务;咖啡厅;星巴克咖啡,4.5,30,1.310430042989831,0,平价高性价比型
库迪咖啡(杭州市民中心地铁站店),上城区,餐饮服务;咖啡厅;咖啡厅,4.0,9,1.737177927613007,0,平价高性价比型
瑞幸咖啡(平安金融中心店),上城区,餐饮服务;餐饮相关场所;餐饮相关,4.1,13,1.5535850449287998,0,平价高性价比型
星巴克(杭州UDC店),上城区,餐饮服务;咖啡厅;星巴克咖啡,4.6,30,1.3395507106118272,0,平价高性价比型
蔚来咖啡(钱江新城店),上城区,餐饮服务;咖啡厅;咖啡厅,3.6,41,0.9631669911085943,0,平价高性价比型
库迪咖啡(杭州财富金融中心店),上城区,餐饮服务;咖啡厅;咖啡厅,3.5,9,1.5200306866613813,0,平价高性价比型
瑞幸咖啡(迪凯国际店),上城区,餐饮服务;咖啡厅;咖啡厅,4.5,13,1.7051543176047803,0,平价高性价比型
Tims天好咖啡(杭州国贸金融大厦店),上城区,餐饮服务;餐饮相关场所;餐饮相关,4.1,21,1.3264133579095572,0,平价高性价比型
星巴克(滨江城市之星店),上城区,餐饮服务;咖啡厅;星巴克咖啡,4.6,30,1.3395507106118272,0,平价高性价比型
杭州久泰饭店·遇见咖啡厅,上城区,餐饮服务;咖啡厅;咖啡厅,4.6,260,0.8266660310826747,1,大众品质型
库迪咖啡(钱江国际时代广场店),上城区,餐饮服务;咖啡厅;咖啡厅,4.0,9,1.737177927613007,0,平价高性价比型
JKTAO咖啡,上城区,餐饮服务;咖啡厅;咖啡厅,4.4,31,1.269571635982288,0,平价高性价比型
瑞幸咖啡(财富金融中心店),上城区,餐饮服务;餐饮相关场所;餐饮相关,4.0,13,1.5156927267598048,0,平价高性价比型
星巴克臻选杭州万象城店,上城区,餐饮服务;咖啡厅;星巴克咖啡,4.5,30,1.310430042989831,0,平价高性价比型
星巴克杭州平安金融中心店,上城区,餐饮服务;咖啡厅;星巴克咖啡,4.3,30,1.2521887077458385,0,平价高性价比型
BEROBELLO CAFE(迪凯城星国际店),上城区,餐饮服务;咖啡厅;咖啡厅,4.0,19,1.3352328027813363,0,平价高性价比型
MINI-CO小咖咖啡(杭州尊宝大厦店),上城区,餐饮服务;咖啡厅;咖啡厅,3.8,16,1.3412332706860923,0,平价高性价比型
瑞幸咖啡(杭州太平金融大厦店),上城区,餐饮服务;咖啡厅;咖啡厅,3.7,13,1.4020157722528195,0,平价高性价比型
西西弗矢量咖啡(杭州万象城店),上城区,餐饮服务;咖啡厅;咖啡厅,3.8,54,0.9482615555910049,0,平价高性价比型
星巴克咖啡(杭州万象城2F店),上城区,餐饮服务;咖啡厅;星巴克咖啡,4.4,30,1.2813093753678348,0,平价高性价比型
Manner Coffee,上城区,餐饮服务;咖啡厅;咖啡厅,3.7,19,1.2350903425727362,0,平价高性价比型
三浪·咖啡培训·风味研究所,上城区,餐饮服务;咖啡厅;咖啡厅,4.3,42,1.1432521184018636,0,平价高性价比型
瑞幸咖啡(杭州华成国际发展大厦店),上城区,餐饮服务;咖啡厅;咖啡厅,4.1,13,1.5535850449287998,0,平价高性价比型
HELLO COFFEE·咖啡,上城区,餐饮服务;咖啡厅;咖啡厅,4.7,45,1.227589505851854,1,大众品质型
星巴克(钱江国际时代广场店),上城区,餐饮服务;咖啡厅;星巴克咖啡,4.4,30,1.2813093753678348,0,平价高性价比型
DaP,上城区,餐饮服务;咖啡厅;咖啡厅,4.7,51,1.1894988856033892,1,大众品质型
库迪咖啡(杭州永盈大厦店),上城区,餐饮服务;咖啡厅;咖啡厅,4.0,9,1.737177927613007,0,平价高性价比型
邵医咖啡(杭州江干区),上城区,餐饮服务;咖啡厅;咖啡厅,4.4,34,1.2375722218760048,0,平价高性价比型
瑞幸咖啡(圣奥中央商务大厦店),上城区,餐饮服务;咖啡厅;咖啡厅,4.1,13,1.5535850449287998,0,平价高性价比型
No Coffee無咖,上城区,餐饮服务;咖啡厅;咖啡厅,4.7,43,1.2420096387012938,1,大众品质型
星巴克(杭银大厦店),上城区,餐饮服务;咖啡厅;星巴克咖啡,4.3,30,1.2521887077458385,0,平价高性价比型
Peet's皮爷咖啡(杭州大厦501店),上城区,餐饮服务;咖啡厅;咖啡厅,4.4,39,1.192774134999994,0,平价高性价比型
库迪咖啡(庆春广场地铁店),上城区,餐饮服务;咖啡厅;咖啡厅,4.0,9,1.737177927613007,0,平价高性价比型
Tims咖啡(501城市广场店),上城区,餐饮服务;咖啡厅;咖啡厅,4.5,28,1.3363839196801655,0,平价高性价比型
瑞幸咖啡(杭州万象城5F店),上城区,餐饮服务;咖啡厅;咖啡厅,4.0,13,1.5156927267598048,0,平价高性价比型
鄰居咖啡neighborhood,上城区,餐饮服务;咖啡厅;咖啡厅,4.6,60,1.1189834940180172,1,大众品质型
星巴克(杭州东杭大厦店),上城区,餐饮服务;咖啡厅;星巴克咖啡,4.6,30,1.3395507106118272,0,平价高性价比型
M Stand(杭州时尚中心店),上城区,餐饮服务;餐饮相关场所;餐饮相关,4.1,46,1.0648942389063132,0,平价高性价比型
Section沙县咖啡(太平门直街店),上城区,餐饮服务;咖啡厅;咖啡厅,4.6,28,1.3660813401175023,0,平价高性价比型
瑞幸咖啡(尊宝金尊店),上城区,餐饮服务;咖啡厅;咖啡厅,4.2,13,1.5914773630977952,0,平价高性价比型
库迪咖啡(世包国际中心店),上城区,餐饮服务;咖啡厅;咖啡厅,4.1,9,1.7806073758033323,0,平价高性价比型
星巴克(杭州万象城二店),上城区,餐饮服务;咖啡厅;星巴克咖啡,4.0,32,1.1439986700106974,0,平价高性价比型
M Stand(杭州大厦501城市广场POP UP店),上城区,餐饮服务;咖啡厅;咖啡厅,4.5,29,1.3230634670784271,0,平价高性价比型
Any.Shell Coffee胡安咖啡(近江南路店),上城区,餐饮服务;咖啡厅;咖啡厅,4.6,30,1.3395507106118272,0,平价高性价比型
瑞幸咖啡(钱江国际时代广场店),上城区,餐饮服务;咖啡厅;咖啡厅,4.1,13,1.5535850449287998,0,平价高性价比型
库迪咖啡(杭州钱塘航空大厦店),上城区,餐饮服务;咖啡厅;咖啡厅,3.5,9,1.5200306866613813,0,平价高性价比型
星巴克臻选(庆春银泰百货店),上城区,餐饮服务;咖啡厅;星巴克咖啡,4.5,30,1.310430042989831,0,平价高性价比型
星期八咖啡馆·日咖夜酒(之江店),上城区,餐饮服务;咖啡厅;咖啡厅|生活服务;生活服务场所;生活服务场所,4.7,68,1.1100334851985627,1,大众品质型
瑞幸咖啡(森禾广场店),上城区,餐饮服务;咖啡厅;咖啡厅,4.1,13,1.5535850449287998,0,平价高性价比型
星巴克(杭州大厦501城市广场B1店),上城区,餐饮服务;咖啡厅;星巴克咖啡,4.6,30,1.3395507106118272,0,平价高性价比型
瑞幸咖啡(钱江路地铁站店),上城区,餐饮服务;咖啡厅;咖啡厅,4.1,13,1.5535850449287998,0,平价高性价比型
瑞幸咖啡(501城市广场店),上城区,餐饮服务;咖啡厅;咖啡厅,4.6,13,1.7430466357737755,0,平价高性价比型
瑞幸咖啡(万银国际大厦店),上城区,餐饮服务;咖啡厅;咖啡厅,4.1,13,1.5535850449287998,0,平价高性价比型
星巴克(中纺中心服装城店),上城区,餐饮服务;咖啡厅;星巴克咖啡,4.5,30,1.310430042989831,0,平价高性价比型
瑞幸咖啡(采东路店),上城区,餐饮服务;咖啡厅;咖啡厅,4.3,13,1.6293696812667902,0,平价高性价比型
瑞幸咖啡(钱塘航空大厦店),上城区,餐饮服务;咖啡厅;咖啡厅,4.1,13,1.5535850449287998,0,平价高性价比型
luckin coffee 瑞幸咖啡(宋都·兴业商务大厦店),上城区,餐饮服务;咖啡厅;咖啡厅,3.8,13,1.4399080904218144,0,平价高性价比型
瑞幸咖啡(庆春乐购店),上城区,餐饮服务;咖啡厅;咖啡厅,4.3,13,1.6293696812667902,0,平价高性价比型
瑞幸咖啡(中纺中心店),上城区,餐饮服务;餐饮相关场所;餐饮相关,4.3,13,1.6293696812667902,0,平价高性价比型
瑞幸咖啡(荣安中心店),上城区,餐饮服务;咖啡厅;咖啡厅,3.9,13,1.4778004085908096,0,平价高性价比型
星巴克(新传媒大厦店),上城区,餐饮服务;咖啡厅;星巴克咖啡,4.6,30,1.3395507106118272,0,平价高性价比型
瑞幸咖啡(远洋大厦店),上城区,餐饮服务;咖啡厅;咖啡厅,3.5,13,1.326231135914829,0,平价高性价比型
瑞幸咖啡(清江路店),上城区,餐饮服务;咖啡厅;咖啡厅,4.2,13,1.5914773630977952,0,平价高性价比型
星巴克(杭州五福天虹购物中心店),上城区,餐饮服务;咖啡厅;星巴克咖啡,4.6,30,1.3395507106118272,0,平价高性价比型
M Stand(杭州万象城店)(装修中),上城区,餐饮服务;咖啡厅;咖啡厅,4.3,38,1.173721207760409,0,平价高性价比型
BeanStar比星咖啡(庆春银泰百货店),上城区,餐饮服务;咖啡厅;咖啡厅,4.0,19,1.3352328027813363,0,平价高性价比型
luckin coffee 瑞幸咖啡(尚城女装中心店),上城区,餐饮服务;咖啡厅;咖啡厅,4.3,13,1.6293696812667902,0,平价高性价比型
瑞幸咖啡(太平门直街店),上城区,餐饮服务;咖啡厅;咖啡厅,4.1,13,1.5535850449287998,0,平价高性价比型
骑点咖啡 Ride Cafe,上城区,餐饮服务;咖啡厅;咖啡厅,4.6,26,1.395700147494484,0,平价高性价比型
born.coffee(三堡家园南区店),上城区,餐饮服务;咖啡厅;咖啡厅,4.5,42,1.196426635536834,1,大众品质型
chofo出伏咖啡,上城区,餐饮服务;咖啡厅;咖啡厅,4.6,27,1.3804674911019001,0,平价高性价比型
库迪咖啡(杭州爵优科技大厦店),上城区,餐饮服务;咖啡厅;咖啡厅,3.9,9,1.693748479422682,0,平价高性价比型
瑞幸咖啡(四季青丝绸源一楼店),上城区,餐饮服务;咖啡厅;咖啡厅,4.3,13,1.6293696812667902,0,平价高性价比型
库迪咖啡(四季青清江路店),上城区,餐饮服务;咖啡厅;咖啡厅,3.8,9,1.6503190312323568,0,平价高性价比型
瑞幸咖啡(昆龙童装城负一楼店),上城区,餐饮服务;咖啡厅;咖啡厅,3.9,13,1.4778004085908096,0,平价高性价比型
星巴克(景芳地铁站商业街店),上城区,餐饮服务;咖啡厅;星巴克咖啡,4.2,30,1.2230680401238423,0,平价高性价比型
瑞幸咖啡(双菱路沿街店),上城区,餐饮服务;咖啡厅;咖啡厅,4.1,13,1.5535850449287998,0,平价高性价比型
瑞幸咖啡(天星龙大厦A座店),上城区,餐饮服务;咖啡厅;咖啡厅,4.0,13,1.5156927267598048,0,平价高性价比型
瑞幸咖啡(中豪江河时代店),上城区,餐饮服务;咖啡厅;咖啡厅,4.3,13,1.6293696812667902,0,平价高性价比型
库迪咖啡(杭州天虹购物中心店),上城区,餐饮服务;咖啡厅;咖啡厅,4.1,9,1.7806073758033323,0,平价高性价比型
STAY COFFEE(月季公寓店),上城区,餐饮服务;咖啡厅;咖啡厅,4.5,39,1.2198826380681755,1,大众品质型
一家咖啡(近江一园店),上城区,餐饮服务;咖啡厅;咖啡厅,4.5,23,1.4159609119985619,0,平价高性价比型
瑞幸咖啡(新侨创智中心店),上城区,餐饮服务;咖啡厅;咖啡厅,3.8,13,1.4399080904218144,0,平价高性价比型
瑞幸咖啡(近江时代大厦店),上城区,餐饮服务;咖啡厅;咖啡厅,4.2,13,1.5914773630977952,0,平价高性价比型
春莱?老挝冰咖啡泰式奶茶(四季青店),上城区,餐饮服务;冷饮店;冷饮店,4.0,18,1.3584930875804344,0,平价高性价比型
瑞幸咖啡(蕙沣大厦店),上城区,餐饮服务;餐饮相关场所;餐饮相关,4.1,13,1.5535850449287998,0,平价高性价比型
阿罗哈咖啡西餐厅(近江北路店),上城区,餐饮服务;咖啡厅;咖啡厅|餐饮服务;甜品店;甜品店,4.2,50,1.0682060682049777,0,平价高性价比型
星巴克(杭州天虹店),上城区,餐饮服务;咖啡厅;星巴克咖啡,4.3,33,1.2193875158207335,0,平价高性价比型
瑞幸咖啡(杭州天虹购物中心店),上城区,餐饮服务;咖啡厅;咖啡厅,4.3,13,1.6293696812667902,0,平价高性价比型
爷爷不泡茶NOYEYENOTEA(杭州砂之船奥特莱斯店),上城区,餐饮服务;冷饮店;冷饮店,4.2,13,1.5914773630977952,0,平价高性价比型
李若桃·手作酸奶铺(杭州来福士中心店),上城区,餐饮服务;冷饮店;冷饮店,4.2,15,1.5148297929334118,0,平价高性价比型
麦记牛奶(杭州来福士店),上城区,餐饮服务;冷饮店;冷饮店,4.1,22,1.307608854505584,0,平价高性价比型
柠檬向右(杭州来福士店),上城区,餐饮服务;冷饮店;冷饮店,3.9,18,1.3245307603909235,0,平价高性价比型
1点点(砂之船国际生活广场店),上城区,餐饮服务;冷饮店;冷饮店,4.2,16,1.482415720231997,0,平价高性价比型
古茗(上城市民中心店),上城区,餐饮服务;餐饮相关场所;餐饮相关,4.1,15,1.4787624169111875,0,平价高性价比型
森林子 · 果蔬茶(杭州来福士店),上城区,餐饮服务;冷饮店;冷饮店,3.9,8,1.7749664919223327,0,平价高性价比型
陆八仙·药果制茶·养生特饮(高德置地店),上城区,餐饮服务;休闲餐饮场所;休闲餐饮场所,4.3,18,1.460380069148967,0,平价高性价比型
茶百道(杭州高德置地店),上城区,餐饮服务;冷饮店;冷饮店,3.9,15,1.4066276648667393,0,平价高性价比型
1点点(凯德·杭州来福士中心店),上城区,餐饮服务;冷饮店;冷饮店,4.1,17,1.4185026506708935,0,平价高性价比型
阿嬷手作(杭州万象城店),上城区,餐饮服务;冷饮店;冷饮店,4.6,34,1.2938255046885503,1,大众品质型
茉莉奶白(杭州万象城店),上城区,餐饮服务;冷饮店;冷饮店,4.2,19,1.4019944429204032,0,平价高性价比型
裕莲茶楼(杭州万象城店),上城区,餐饮服务;餐饮相关场所;餐饮相关,4.5,51,1.1388819117479259,1,大众品质型
CoCo都可(万象城美广店),上城区,餐饮服务;餐饮相关场所;餐饮相关,4.2,12,1.6374592300553763,0,平价高性价比型
喜茶(杭州万象城gelato lab+店),上城区,餐饮服务;冷饮店;冷饮店,4.3,20,1.4123725766381197,0,平价高性价比型
tea'stone喝好茶的店(杭州万象城店),上城区,餐饮服务;冷饮店;冷饮店,4.7,73,1.0919909197983517,1,大众品质型
古茗(江干城星路店),上城区,餐饮服务;休闲餐饮场所;休闲餐饮场所,4.1,15,1.4787624169111875,0,平价高性价比型
蜜雪冰城(尊宝大厦店),上城区,餐饮服务;冷饮店;冷饮店,4.2,7,2.019773057244549,0,平价高性价比型
奈雪的茶(杭州上城鑫亚钱江时代pure店),上城区,餐饮服务;休闲餐饮场所;休闲餐饮场所,4.0,24,1.2426698691192237,0,平价高性价比型
沪上阿姨·精选茶饮(杭州尊宝大厦店),上城区,餐饮服务;冷饮店;冷饮店,4.0,14,1.4770774922754202,0,平价高性价比型
茉酸奶(尊宝大厦·银尊店),上城区,餐饮服务;冷饮店;冷饮店,4.2,22,1.3395017533959643,0,平价高性价比型
OT另茶(杭州万象城店),上城区,餐饮服务;休闲餐饮场所;休闲餐饮场所,4.4,29,1.2936620566989068,0,平价高性价比型
古茗(杭州上城观音塘店),上城区,餐饮服务;冷饮店;冷饮店,4.4,15,1.58696454497786,0,平价高性价比型
LINLEE·手打柠檬茶(上城尊宝大厦店),上城区,餐饮服务;休闲餐饮场所;休闲餐饮场所,3.9,18,1.3245307603909235,0,平价高性价比型
爷爷不泡茶NOYEYENOTEA(杭州上城钱江路店),上城区,餐饮服务;休闲餐饮场所;休闲餐饮场所,4.1,13,1.5535850449287998,0,平价高性价比型
蜜雪冰城(观音塘店),上城区,餐饮服务;冷饮店;冷饮店,3.9,7,1.8755035531556525,0,平价高性价比型
茉莉奶白(尊宝大厦·银尊店),上城区,餐饮服务;冷饮店;冷饮店,4.0,14,1.4770774922754202,0,平价高性价比型
丛芸山·中国茶GELATO(杭州万象城店),上城区,餐饮服务;冷饮店;冷饮店,3.9,35,1.0883157217749322,0,平价高性价比型
爷爷不泡茶NOYEYENOTEA(杭州中纺中心服装城店),上城区,餐饮服务;冷饮店;冷饮店,4.2,13,1.5914773630977952,0,平价高性价比型
蜜雪冰城(悦玺店),上城区,餐饮服务;冷饮店;冷饮店,4.0,8,1.8204784532536746,0,平价高性价比型
霸王茶姬(浙江杭州上城四季青佳宝店),上城区,餐饮服务;休闲餐饮场所;休闲餐饮场所,4.3,20,1.4123725766381197,0,平价高性价比型
茉莉奶白(杭州四季青店),上城区,餐饮服务;冷饮店;冷饮店,4.2,17,1.453100276297013,0,平价高性价比型
古茗(杭州太平门直街),上城区,餐饮服务;冷饮店;冷饮店,4.4,15,1.58696454497786,0,平价高性价比型
李若桃·手作酸奶铺(杭州501大厦店),上城区,餐饮服务;冷饮店;冷饮店,4.2,15,1.5148297929334118,0,平价高性价比型
爷爷不泡茶NOYEYENOTEA(杭州大厦501城市广场店),上城区,餐饮服务;冷饮店;冷饮店,4.0,13,1.5156927267598048,0,平价高性价比型
1点点(悦玺店),上城区,餐饮服务;餐饮相关场所;餐饮相关,3.9,16,1.3765288830725684,0,平价高性价比型
茶百道(四季青店),上城区,餐饮服务;冷饮店;冷饮店,4.4,14,1.6247852415029624,0,平价高性价比型
茉莉奶白(杭州大厦501店),上城区,餐饮服务;餐饮相关场所;餐饮相关,4.1,19,1.3686136228508696,0,平价高性价比型
CoCo都可(太平门直街店),上城区,餐饮服务;冷饮店;冷饮店,4.3,12,1.6764463545805042,0,平价高性价比型
KOI Thé(501城市广场店),上城区,餐饮服务;冷饮店;冷饮店,4.3,20,1.4123725766381197,0,平价高性价比型
沪上阿姨鲜果茶(杭州师范大学下沙店),上城区,餐饮服务;餐饮相关场所;餐饮相关,3.6,14,1.3293697430478784,0,平价高性价比型
蜜雪冰城(太平门直街店),上城区,餐饮服务;冷饮店;冷饮店,4.4,10,1.834942522266684,0,平价高性价比型
晓麟家奶茶(采荷店),上城区,餐饮服务;冷饮店;冷饮店,4.6,8,2.093550221241726,0,平价高性价比型
霸王茶姬(浙江杭州上城四季青常青店),上城区,餐饮服务;冷饮店;冷饮店,4.3,20,1.4123725766381197,0,平价高性价比型
古茗(杭州上城四季青二店),上城区,餐饮服务;冷饮店;冷饮店,4.2,15,1.5148297929334118,0,平价高性价比型
1点点(太平门直街店),上城区,餐饮服务;冷饮店;冷饮店,4.4,19,1.46875608305947,0,平价高性价比型
沪上阿姨·精选茶饮(杭州四季青服饰城店),上城区,餐饮服务;冷饮店;冷饮店,4.2,14,1.5509313668891913,0,平价高性价比型
茶百道(太平门直街店),上城区,餐饮服务;冷饮店;冷饮店,4.3,19,1.4353752629899363,0,平价高性价比型
蜜雪冰城(双菱路店),上城区,餐饮服务;冷饮店;冷饮店,4.3,9,1.8674662721839825,0,平价高性价比型
陈文鼎(上城太平门直街店),上城区,餐饮服务;冷饮店;冷饮店,4.2,14,1.5509313668891913,0,平价高性价比型
1点点(江干四季青店),上城区,餐饮服务;冷饮店;冷饮店,4.3,10,1.793239283124259,0,平价高性价比型
LINLEE·手打柠檬茶(太平门直街店),上城区,餐饮服务;冷饮店;冷饮店,4.2,20,1.3795267027628146,0,平价高性价比型
蜜雪冰城(四季青店),上城区,餐饮服务;冷饮店;冷饮店,4.2,7,2.019773057244549,0,平价高性价比型
古茗(江干四季青店),上城区,餐饮服务;餐饮相关场所;餐饮相关,4.3,15,1.5508971689556357,0,平价高性价比型
晓麟奶茶(近江家园店),上城区,餐饮服务;冷饮店;冷饮店,4.6,11,1.8511761801564852,0,平价高性价比型
桂只,上城区,餐饮服务;冷饮店;冷饮店,4.2,23,1.3215635178653244,0,平价高性价比型
蜜雪冰城(昆龙美食城店),上城区,餐饮服务;冷饮店;冷饮店,3.9,7,1.8755035531556525,0,平价高性价比型
好再来奶茶店(采荷街道青荷苑社区店),上城区,餐饮服务;冷饮店;冷饮店,4.4,14,1.6247852415029624,0,平价高性价比型
奈雪的茶(杭州天虹购物中心店),上城区,餐饮服务;冷饮店;冷饮店,4.2,24,1.304803362575185,0,平价高性价比型
Yes Lemon就是柠·手打柠檬茶(杭州大厦501店),上城区,餐饮服务;冷饮店;冷饮店,3.6,17,1.245514522540297,0,平价高性价比型
茶百道(杭州天虹店),上城区,餐饮服务;冷饮店;冷饮店,4.1,18,1.3924554147699453,0,平价高性价比型
蜜雪冰城(近江店),上城区,餐饮服务;冷饮店;冷饮店,4.1,9,1.7806073758033323,0,平价高性价比型
OONECCUP(庆春银泰店),上城区,餐饮服务;冷饮店;冷饮店,4.4,19,1.46875608305947,0,平价高性价比型
古茗(杭州上城景芳站店),上城区,餐饮服务;餐饮相关场所;餐饮相关,4.1,15,1.4787624169111875,0,平价高性价比型
树夏(天虹购物中心店),上城区,购物服务;服装鞋帽皮具店;品牌服装店|餐饮服务;冷饮店;冷饮店,4.3,18,1.460380069148967,0,平价高性价比型
CHAGEE霸王茶姬(浙江杭州上城江河时代店),上城区,餐饮服务;餐饮相关场所;餐饮相关,4.3,20,1.4123725766381197,0,平价高性价比型
布蕾克喝茶工坊(近江五园店),上城区,餐饮服务;冷饮店;冷饮店,4.6,23,1.4474267100429743,0,平价高性价比型
姨妈热饮(钱江新城三苑店),上城区,餐饮服务;餐饮相关场所;餐饮相关,3.7,23,1.164234527643262,0,平价高性价比型
LELECHA乐乐茶(杭州天虹购物中心店),上城区,餐饮服务;冷饮店;冷饮店,4.2,18,1.4264177419594564,0,平价高性价比型
煲珠公.老红糖珍珠奶茶(五福天虹购物中心B座店),上城区,餐饮服务;冷饮店;冷饮店,4.0,13,1.5156927267598048,0,平价高性价比型
古茗(上城天阳亲子店),上城区,餐饮服务;冷饮店;冷饮店,4.3,15,1.5508971689556357,0,平价高性价比型
宇宙治茶(景芳地铁店),上城区,餐饮服务;餐饮相关场所;餐饮相关,4.2,12,1.6374592300553763,0,平价高性价比型
沪上阿姨鲜果茶(杭州庆春广场店),上城区,餐饮服务;冷饮店;冷饮店,3.3,14,1.2185889311272216,0,平价高性价比型
LINLEE林里·手打柠檬茶(五福天虹购物中心店),上城区,餐饮服务;冷饮店;冷饮店,4.2,20,1.3795267027628146,0,平价高性价比型
CoCo都可(近江天阳店),上城区,餐饮服务;冷饮店;冷饮店,4.1,12,1.5984721055302482,0,平价高性价比型
1点点(双菱店),上城区,餐饮服务;冷饮店;冷饮店,4.2,17,1.453100276297013,0,平价高性价比型
CHAGEE霸王茶姬(西子国际店),上城区,餐饮服务;休闲餐饮场所;休闲餐饮场所,3.9,20,1.2809890811368991,0,平价高性价比型
蜜雪冰城(双菱路137-1),上城区,餐饮服务;冷饮店;冷饮店,4.3,7,2.0678628919408477,0,平价高性价比型
古茗(杭州上城双菱路店),上城区,餐饮服务;冷饮店;冷饮店,4.2,15,1.5148297929334118,0,平价高性价比型
春日喜雨·泰式奶茶·老挝冰咖啡(钱江三苑店),上城区,餐饮服务;冷饮店;冷饮店,3.9,19,1.301851982711803,0,平价高性价比型
蜜雪冰城,上城区,餐饮服务;冷饮店;冷饮店,4.1,9,1.7806073758033323,0,平价高性价比型
古茗(杭州上城来福士店)(暂停营业),上城区,餐饮服务;冷饮店;冷饮店,4.2,15,1.5148297929334118,0,平价高性价比型
茶百道(杭州尊宝大厦店(新))(暂停营业),上城区,餐饮服务;冷饮店;冷饮店,3.7,17,1.2801121481664164,0,平价高性价比型
喜茶(杭州天虹店)(暂停营业),上城区,餐饮服务;冷饮店;冷饮店,4.4,22,1.4032875511767244,0,平价高性价比型
澜记香港饮品(庆春店),上城区,餐饮服务;冷饮店;冷饮店,4.1,22,1.307608854505584,0,平价高性价比型
朝山茶食,上城区,餐饮服务;餐饮相关场所;餐饮相关,4.5,28,1.3363839196801655,0,平价高性价比型
爷爷不泡茶NOYEYENOTEA(杭州金地威新中心店),上城区,餐饮服务;冷饮店;冷饮店,3.9,13,1.4778004085908096,0,平价高性价比型
阿姨很芒,上城区,餐饮服务;冷饮店;冷饮店,4.2,15,1.5148297929334118,0,平价高性价比型
喜茶(杭州新塘世纪联华店),上城区,餐饮服务;冷饮店;冷饮店,4.3,17,1.4876979019231324,0,平价高性价比型
幸福侯彩擂(南肖埠社区店),上城区,餐饮服务;冷饮店;冷饮店,4.3,18,1.460380069148967,0,平价高性价比型
茶百道(杭州双菱路店),上城区,餐饮服务;冷饮店;冷饮店,4.0,17,1.3839050250447744,0,平价高性价比型
T9九天时尚中心瑞幸咖啡,上城区,餐饮服务;咖啡厅;咖啡厅,3.7,13,1.4020157722528195,0,平价高性价比型
弯湾·爱生活茶饮铺(金牛坊店),上城区,餐饮服务;冷饮店;冷饮店,4.5,13,1.7051543176047803,0,平价高性价比型
茶百道(杭州万泰城店),上城区,餐饮服务;冷饮店;冷饮店,4.0,15,1.4426950408889634,0,平价高性价比型
喜茶(杭州上城万泰城店),上城区,餐饮服务;冷饮店;冷饮店,4.1,18,1.3924554147699453,0,平价高性价比型
贡茶(双菱路店),上城区,餐饮服务;冷饮店;冷饮店,3.8,18,1.2905684332014127,0,平价高性价比型
昙花庵路(蜜雪冰城店),上城区,餐饮服务;冷饮店;冷饮店,4.5,7,2.1640425613334453,0,平价高性价比型
新加坡斯味洛鲜奶茶(杭州四季青店),上城区,餐饮服务;糕饼店;糕饼店,4.0,15,1.4426950408889634,0,平价高性价比型
点喝呦奶茶鲜果饮(近江北路店),上城区,餐饮服务;冷饮店;冷饮店,2.7,17,0.9341358919052227,0,平价高性价比型
书亦烧仙草(杭州城站店),上城区,餐饮服务;冷饮店;冷饮店,4.0,15,1.4426950408889634,0,平价高性价比型
瑞幸咖啡(萧山深蓝国际中心1幢店),萧山区,餐饮服务;休闲餐饮场所;休闲餐饮场所,4.0,13,1.5156927267598048,0,平价高性价比型
树夏(奥体莲荷里店),滨江区,购物服务;服装鞋帽皮具店;服装鞋帽皮具店|餐饮服务;冷饮店;冷饮店,4.2,21,1.3587649032244244,0,平价高性价比型
茶百道(杭州萧山钱江大观店),萧山区,餐饮服务;休闲餐饮场所;休闲餐饮场所,4.4,14,1.6247852415029624,0,平价高性价比型
1点点(建国中路店),上城区,餐饮服务;冷饮店;冷饮店,4.4,19,1.46875608305947,0,平价高性价比型
贡茶(杭州店),拱墅区,餐饮服务;餐饮相关场所;餐饮相关,3.7,14,1.3662966803547638,0,平价高性价比型
古茗(奥体银泰店),滨江区,餐饮服务;冷饮店;冷饮店,4.3,15,1.5508971689556357,0,平价高性价比型
茶理宜世(杭州银泰奥体莲荷里店),滨江区,餐饮服务;冷饮店;冷饮店,4.2,16,1.482415720231997,0,平价高性价比型
1点点(万泰城店),上城区,餐饮服务;冷饮店;冷饮店,3.0,17,1.0379287687835808,0,平价高性价比型
瑞幸咖啡(富浙大厦店),上城区,餐饮服务;咖啡厅;咖啡厅,3.9,13,1.4778004085908096,0,平价高性价比型
银记肠粉(新华路店),拱墅区,餐饮服务;快餐厅;快餐厅,4.6,28,1.3660813401175023,0,平价高性价比型
新丰小吃(高银街分店),上城区,餐饮服务;快餐厅;快餐厅,4.5,18,1.5283047235279887,0,平价高性价比型
阿炳爆鳝面(清河坊历史文化特色街区店),上城区,餐饮服务;快餐厅;快餐厅,4.5,46,1.168786359775222,1,大众品质型
袁记云饺(杭州市上城区吴山路店),上城区,餐饮服务;快餐厅;快餐厅,4.1,23,1.2900977198209118,0,平价高性价比型
煲仔皇腊味煲仔饭(杭州湖滨in77B区店),上城区,餐饮服务;快餐厅;快餐厅,4.2,37,1.154611826518473,0,平价高性价比型
老乡鸡(杭州萧山联合中心店),萧山区,餐饮服务;快餐厅;快餐厅,4.4,22,1.4032875511767244,0,平价高性价比型
西湖D11,拱墅区,餐饮服务;中餐厅;综合酒楼,4.7,56,1.1624883506652415,1,大众品质型
绝美嘉海鲜馄饨(杭州总店),拱墅区,餐饮服务;快餐厅;快餐厅,4.7,23,1.478892508087387,0,平价高性价比型
中原一大碗(湖滨店),上城区,餐饮服务;快餐厅;快餐厅,4.5,30,1.310430042989831,0,平价高性价比型
素满香·全民食养自助(滨江天街店),滨江区,餐饮服务;快餐厅;快餐厅,4.6,31,1.3272794376178463,0,平价高性价比型
麦当劳(四季青中国服装第一街店),上城区,餐饮服务;快餐厅;麦当劳,4.4,24,1.3669368560311461,0,平价高性价比型
达美乐比萨(利一路店),萧山区,餐饮服务;快餐厅;快餐厅,4.6,75,1.0621757652933361,1,大众品质型
麦当劳(杭州庆春路第二餐厅),拱墅区,餐饮服务;快餐厅;麦当劳,4.5,28,1.3363839196801655,0,平价高性价比型
麦当劳(杭州莲荷里店),滨江区,餐饮服务;快餐厅;麦当劳,4.5,21,1.4558195391690263,0,平价高性价比型
麦当劳(大华·星河商务大厦店),上城区,餐饮服务;快餐厅;麦当劳,4.6,29,1.3524648774579477,0,平价高性价比型
麦当劳(杭州萧山平澜路餐厅),萧山区,餐饮服务;快餐厅;麦当劳,4.5,29,1.3230634670784271,0,平价高性价比型
麦当劳(保利中心店),上城区,餐饮服务;快餐厅;麦当劳,4.5,26,1.365358839940256,0,平价高性价比型
麦当劳(杭州凤起路餐厅),拱墅区,餐饮服务;快餐厅;麦当劳,4.6,23,1.4474267100429743,0,平价高性价比型
麦当劳(朝龙汇D+PARK店),萧山区,餐饮服务;快餐厅;麦当劳,4.5,30,1.310430042989831,0,平价高性价比型
肯德基(庆春店),拱墅区,餐饮服务;快餐厅;肯德基,4.5,33,1.2761032142310003,0,平价高性价比型
麦当劳(华都大厦店),上城区,餐饮服务;快餐厅;麦当劳,4.4,27,1.3204471654018177,0,平价高性价比型
肯德基(杭州永安店),上城区,餐饮服务;快餐厅;肯德基,4.5,30,1.310430042989831,0,平价高性价比型
piccolo披萨店,上城区,餐饮服务;快餐厅;快餐厅,4.7,70,1.1025927668915698,1,大众品质型
麦当劳(星耀城二期城市生活广场店),滨江区,餐饮服务;快餐厅;麦当劳,4.6,28,1.3660813401175023,0,平价高性价比型
麦当劳(庆春路餐厅),上城区,餐饮服务;快餐厅;麦当劳,4.4,23,1.3844951139541495,0,平价高性价比型
塔斯汀中国汉堡(杭州市河坊街店),上城区,餐饮服务;快餐厅;快餐厅,4.2,20,1.3795267027628146,0,平价高性价比型
麦当劳(西湖银泰百货店),上城区,餐饮服务;快餐厅;麦当劳,4.6,28,1.3660813401175023,0,平价高性价比型
麦当劳(杭州滨江星光大道二期),滨江区,餐饮服务;快餐厅;麦当劳,4.4,26,1.3350175323860283,0,平价高性价比型
必胜客(杭州解百店),上城区,餐饮服务;快餐厅;必胜客,4.5,46,1.168786359775222,1,大众品质型
屠夫汉堡(中山北路店),拱墅区,餐饮服务;快餐厅;快餐厅,4.7,59,1.1479248823770698,1,大众品质型
汉堡王(杭州延安路中信),上城区,餐饮服务;快餐厅;快餐厅,4.4,27,1.3204471654018177,0,平价高性价比型
肯德基(星光店),滨江区,餐饮服务;快餐厅;肯德基,4.5,35,1.2557489097403063,0,平价高性价比型
麦当劳(涌金餐厅),上城区,餐饮服务;快餐厅;麦当劳,4.4,24,1.3669368560311461,0,平价高性价比型
麦当劳(工联大厦店)餐厅,上城区,餐饮服务;快餐厅;麦当劳,4.4,37,1.2095933420669718,0,平价高性价比型
肯德基(杭州湖滨店),上城区,餐饮服务;快餐厅;肯德基,4.5,36,1.2462205203398582,0,平价高性价比型
麦当劳(杭州西湖东坡酒店店),上城区,餐饮服务;快餐厅;麦当劳,4.5,26,1.365358839940256,0,平价高性价比型
塔斯汀中国汉堡(杭州市萧山望京店),萧山区,餐饮服务;快餐厅;快餐厅,4.3,20,1.4123725766381197,0,平价高性价比型
必胜客(杭州滨江店),滨江区,餐饮服务;快餐厅;必胜客,4.5,63,1.0820212806667227,1,大众品质型
麦当劳(杭州拱墅区茶叶大厦餐厅),拱墅区,餐饮服务;快餐厅;麦当劳,4.4,29,1.2936620566989068,0,平价高性价比型
汉堡王(杭州宁城大厦),萧山区,餐饮服务;快餐厅;快餐厅,4.5,27,1.3504573282518588,0,平价高性价比型
肯德基(凤起路地铁店),拱墅区,餐饮服务;快餐厅;肯德基,4.4,21,1.423467993854159,0,平价高性价比型
麦当劳(杭州萧山京港国际店),萧山区,餐饮服务;快餐厅;麦当劳,4.5,28,1.3363839196801655,0,平价高性价比型
达美乐比萨(天城路店),上城区,餐饮服务;快餐厅;快餐厅,4.5,75,1.0390849877869595,1,大众品质型
肯德基(天成店),上城区,餐饮服务;快餐厅;肯德基,4.5,31,1.298425536800067,0,平价高性价比型
肯德基(天城国际店),上城区,餐饮服务;快餐厅;肯德基,4.4,20,1.445218450513425,0,平价高性价比型
Shake Shack(杭州嘉里中心店),拱墅区,餐饮服务;快餐厅;快餐厅,4.6,71,1.0756041907377925,1,大众品质型
塔斯汀中国汉堡(杭州市拱墅凤起路店),拱墅区,餐饮服务;快餐厅;快餐厅,4.3,20,1.4123725766381197,0,平价高性价比型
肯德基(杭州和平饭店),拱墅区,餐饮服务;快餐厅;肯德基,4.6,27,1.3804674911019001,0,平价高性价比型
肯德基(杭州新天水店),拱墅区,餐饮服务;快餐厅;肯德基,4.3,31,1.2407177351645085,0,平价高性价比型
麦当劳(华侨饭店店),上城区,餐饮服务;快餐厅;麦当劳,4.4,37,1.2095933420669718,0,平价高性价比型
肯德基(杭州经贸店),拱墅区,餐饮服务;快餐厅;快餐厅,4.3,29,1.264260646319386,0,平价高性价比型
麦当劳(国大城市广场店),拱墅区,餐饮服务;快餐厅;麦当劳,4.4,26,1.3350175323860283,0,平价高性价比型
麦当劳(星耀中心店),滨江区,餐饮服务;快餐厅;麦当劳,4.5,20,1.47806432438873,0,平价高性价比型
麦当劳(西湖文化广场店),拱墅区,餐饮服务;快餐厅;麦当劳,4.5,32,1.2869985037620346,0,平价高性价比型
肯德基(杭州武林服饰城店),拱墅区,餐饮服务;快餐厅;肯德基,4.5,35,1.2557489097403063,0,平价高性价比型
麦当劳(三花国际大厦店),上城区,餐饮服务;快餐厅;快餐厅,4.5,33,1.2761032142310003,0,平价高性价比型
麦当劳(高铁东站出发夹层餐厅),上城区,餐饮服务;快餐厅;麦当劳,4.2,36,1.163139152317201,0,平价高性价比型
达美乐比萨(上塘路店),拱墅区,餐饮服务;快餐厅;快餐厅,4.4,75,1.0159942102805826,1,大众品质型
肯德基(滨江龙湖店),滨江区,餐饮服务;快餐厅;肯德基,4.3,32,1.2297985702614995,0,平价高性价比型
肯德基(杭州东站万象汇店),上城区,餐饮服务;快餐厅;肯德基,4.4,32,1.2583985370117672,0,平价高性价比型
肯德基(西湖文化广场店),拱墅区,餐饮服务;快餐厅;肯德基,4.4,35,1.227843378412744,0,平价高性价比型
肯德基(中赢国际店),滨江区,餐饮服务;快餐厅;肯德基,4.5,32,1.2869985037620346,0,平价高性价比型
麦当劳(智谷国际人才大厦店),上城区,餐饮服务;快餐厅;麦当劳,4.6,29,1.3524648774579477,0,平价高性价比型
肯德基(杭州复兴店),上城区,餐饮服务;快餐厅;肯德基,4.5,32,1.2869985037620346,0,平价高性价比型
肯德基(杭州之翼店),上城区,餐饮服务;快餐厅;肯德基,4.5,26,1.365358839940256,0,平价高性价比型
必胜客(杭州西湖文化广场店),拱墅区,餐饮服务;快餐厅;必胜客,4.3,50,1.0936395460193817,0,平价高性价比型
肯德基(杭州万象店),拱墅区,餐饮服务;快餐厅;肯德基,4.4,36,1.2185267309989727,0,平价高性价比型
达美乐比萨(体育场路店),拱墅区,餐饮服务;快餐厅;快餐厅,4.4,75,1.0159942102805826,1,大众品质型
汉堡王(杭州港龙城购物中心),上城区,餐饮服务;快餐厅;快餐厅,4.4,27,1.3204471654018177,0,平价高性价比型
麦当劳(杭州东站东广场店),上城区,餐饮服务;快餐厅;麦当劳,4.2,42,1.1166648598343785,0,平价高性价比型
麦当劳(杭州三里亭),上城区,餐饮服务;快餐厅;麦当劳,4.5,20,1.47806432438873,0,平价高性价比型
必胜客(彭埠港龙城店),上城区,餐饮服务;快餐厅;必胜客,4.4,54,1.097987064368532,1,大众品质型
达美乐比萨(裕隆大厦店),萧山区,餐饮服务;快餐厅;快餐厅,4.5,75,1.0390849877869595,1,大众品质型
麦当劳(江南明新DT店),萧山区,餐饮服务;快餐厅;麦当劳,4.6,26,1.395700147494484,0,平价高性价比型
麦当劳(杭州拱墅区和平大厦),拱墅区,餐饮服务;快餐厅;麦当劳,4.5,32,1.2869985037620346,0,平价高性价比型
麦当劳(中南国际商城店),滨江区,餐饮服务;快餐厅;麦当劳,4.6,22,1.4670733489574845,0,平价高性价比型
麦当劳(杭州滨江中南乐游城店),滨江区,餐饮服务;快餐厅;麦当劳,4.6,28,1.3660813401175023,0,平价高性价比型
肯德基(杭州断桥店),西湖区,餐饮服务;快餐厅;肯德基,4.5,38,1.2283128918422883,1,大众品质型
复兴面王(河东路店),拱墅区,餐饮服务;快餐厅;快餐厅,4.7,41,1.2574680161695537,1,大众品质型
麦当劳(朝晖餐厅),拱墅区,餐饮服务;快餐厅;麦当劳,4.5,28,1.3363839196801655,0,平价高性价比型
肯德基(朝晖店),拱墅区,餐饮服务;快餐厅;肯德基,4.6,25,1.4118673115786202,0,平价高性价比型
达美乐比萨(明石路德金中心店),上城区,餐饮服务;快餐厅;快餐厅,4.5,75,1.0390849877869595,1,大众品质型
麦当劳(科技广场店),西湖区,餐饮服务;快餐厅;麦当劳,4.6,30,1.3395507106118272,0,平价高性价比型
麦当劳(杭州黄龙世纪广场餐厅),西湖区,餐饮服务;快餐厅;麦当劳,4.4,32,1.2583985370117672,0,平价高性价比型
麦当劳(杭州滨江儿保),滨江区,餐饮服务;快餐厅;快餐厅,4.4,22,1.4032875511767244,0,平价高性价比型
麦当劳(地铁沈塘桥A口餐厅),拱墅区,餐饮服务;快餐厅;麦当劳,4.4,25,1.3504817762925934,0,平价高性价比型
正宗淮南牛肉汤,拱墅区,餐饮服务;中餐厅;中餐厅,4.6,23,1.4474267100429743,0,平价高性价比型
德克士(滨江儿保店),滨江区,餐饮服务;快餐厅;快餐厅,4.5,25,1.381174543935607,0,平价高性价比型
星巴克(杭州嘉华店),西湖区,餐饮服务;咖啡厅;星巴克咖啡|餐饮服务;快餐厅;快餐厅,4.6,30,1.3395507106118272,0,平价高性价比型
麦当劳(下城区行政服务中心),拱墅区,餐饮服务;餐饮相关场所;餐饮相关,4.5,23,1.4159609119985619,0,平价高性价比型
麦当劳(杭州世贸丽晶城餐厅),西湖区,餐饮服务;快餐厅;快餐厅,4.4,30,1.2813093753678348,0,平价高性价比型
肯德基(杭州庆丰店),西湖区,餐饮服务;快餐厅;肯德基,4.6,39,1.2469911411363572,1,大众品质型
肯德基(杭州滨江宝龙店),滨江区,餐饮服务;快餐厅;肯德基,4.4,28,1.3066864992428284,0,平价高性价比型
达美乐比萨(文一路店),拱墅区,餐饮服务;快餐厅;快餐厅,4.3,75,0.9929034327742056,1,大众品质型
必胜客(杭州滨江宝龙店),滨江区,餐饮服务;快餐厅;必胜客,4.4,67,1.0427756760824212,1,大众品质型
麦当劳(加州阳光·开元广场店),萧山区,餐饮服务;快餐厅;麦当劳,4.6,26,1.395700147494484,0,平价高性价比型
本分冒菜(元天科技店),滨江区,餐饮服务;快餐厅;快餐厅,4.8,46,1.2467054504269033,1,大众品质型
南田云米·传统菊花过桥米线,西湖区,餐饮服务;快餐厅;快餐厅,4.6,47,1.1882617273137122,1,大众品质型
