综合排名,name,adname,type,rating,cost,性价比,评分标准化,消费友好度,性价比标准化,综合得分
1,晓麟家奶茶(采荷店),上城区,餐饮服务;冷饮店;冷饮店,4.6,8,2.093550221241726,0.8636363636363635,0.9993188010899182,0.9540363582134435,92.47
2,昙花庵路(蜜雪冰城店),上城区,餐饮服务;冷饮店;冷饮店,4.5,7,2.1640425613334453,0.8181818181818181,1.0,1.0,91.82
3,重庆四间火锅(杭州首店),滨江区,餐饮服务;餐饮相关场所;餐饮相关,4.7,13,1.7809389539427707,0.909090909090909,0.9959128065395095,0.7502021218996104,88.31
4,晓麟奶茶(近江家园店),上城区,餐饮服务;冷饮店;冷饮店,4.6,11,1.8511761801564852,0.8636363636363635,0.997275204359673,0.795999419897776,87.68
5,蜜雪冰城(双菱路137-1),上城区,餐饮服务;冷饮店;冷饮店,4.3,7,2.0678628919408477,0.7272727272727271,1.0,0.9372872589368035,85.85
6,瑞幸咖啡(501城市广场店),上城区,餐饮服务;咖啡厅;咖啡厅,4.6,13,1.7430466357737755,0.8636363636363635,0.9959128065395095,0.7254949134778759,85.53
7,陕西罗家凉皮,上城区,餐饮服务;中餐厅;中餐厅,4.7,19,1.5688985432680702,0.909090909090909,0.9918256130790191,0.61194384493157,84.06
8,楠哥煎饺,上城区,餐饮服务;中餐厅;特色/地方风味餐厅,4.7,19,1.5688985432680702,0.909090909090909,0.9918256130790191,0.61194384493157,84.06
9,蜜雪冰城(太平门直街店),上城区,餐饮服务;冷饮店;冷饮店,4.4,10,1.834942522266684,0.7727272727272727,0.9979564032697548,0.7854144678992825,83.28
10,蜜雪冰城(尊宝大厦店),上城区,餐饮服务;冷饮店;冷饮店,4.2,7,2.019773057244549,0.6818181818181819,1.0,0.9059308884052053,82.86
11,蜜雪冰城(四季青店),上城区,餐饮服务;冷饮店;冷饮店,4.2,7,2.019773057244549,0.6818181818181819,1.0,0.9059308884052053,82.86
12,瑞幸咖啡(迪凯国际店),上城区,餐饮服务;咖啡厅;咖啡厅,4.5,13,1.7051543176047803,0.8181818181818181,0.9959128065395095,0.7007877050561411,82.74
13,弯湾·爱生活茶饮铺(金牛坊店),上城区,餐饮服务;冷饮店;冷饮店,4.5,13,1.7051543176047803,0.8181818181818181,0.9959128065395095,0.7007877050561411,82.74
14,绝美嘉海鲜馄饨(杭州总店),拱墅区,餐饮服务;快餐厅;快餐厅,4.7,23,1.478892508087387,0.909090909090909,0.989100817438692,0.5532565442363406,82.23
15,蜜雪冰城(双菱路店),上城区,餐饮服务;冷饮店;冷饮店,4.3,9,1.8674662721839825,0.7272727272727271,0.9986376021798365,0.8066211690643905,81.89
16,崔酱,拱墅区,餐饮服务;餐饮相关场所;餐饮相关,4.7,26,1.426041455048712,0.909090909090909,0.9870572207084469,0.5187956813007191,81.15
17,王老笨·东北过桥米线(龙湖杭州西溪天街店),西湖区,餐饮服务;中餐厅;特色/地方风味餐厅,4.6,20,1.5109101982640347,0.8636363636363635,0.9911444141689373,0.5741332755265429,80.87
18,郑阿公顺德鸡煲饭双皮奶(东站店),上城区,餐饮服务;中餐厅;中餐厅,4.7,28,1.3957787605548395,0.909090909090909,0.9856948228882834,0.49906327282339386,80.52
19,郑阿公顺德鸡煲饭双皮奶(八方城店),余杭区,餐饮服务;中餐厅;中餐厅,4.7,28,1.3957787605548395,0.909090909090909,0.9856948228882834,0.49906327282339386,80.52
20,1点点(江干四季青店),上城区,餐饮服务;冷饮店;冷饮店,4.3,10,1.793239283124259,0.7272727272727271,0.9979564032697548,0.7582223964942549,80.42
21,麦当劳(中南国际商城店),滨江区,餐饮服务;快餐厅;麦当劳,4.6,22,1.4670733489574845,0.8636363636363635,0.9897820163487738,0.5455500105085866,79.97
22,新丰小吃(太平门直街分店),上城区,餐饮服务;中餐厅;中餐厅,4.5,17,1.5568931531753711,0.8181818181818181,0.9931880108991825,0.6041158816520036,79.77
23,布蕾克喝茶工坊(近江五园店),上城区,餐饮服务;冷饮店;冷饮店,4.6,23,1.4474267100429743,0.8636363636363635,0.989100817438692,0.5327396672542499,79.57
24,麦当劳(杭州凤起路餐厅),拱墅区,餐饮服务;快餐厅;麦当劳,4.6,23,1.4474267100429743,0.8636363636363635,0.989100817438692,0.5327396672542499,79.57
25,正宗淮南牛肉汤,拱墅区,餐饮服务;中餐厅;中餐厅,4.6,23,1.4474267100429743,0.8636363636363635,0.989100817438692,0.5327396672542499,79.57
26,竹仙制麵·GINZA鶏白汤拉麺(兴耀·星澳商务中心店),滨江区,餐饮服务;餐饮相关场所;餐饮相关,4.7,32,1.3441984372625695,0.909090909090909,0.9829700272479565,0.46543097320110954,79.45
27,本分冒菜(元天科技店),滨江区,餐饮服务;快餐厅;快餐厅,4.8,46,1.2467054504269033,0.9545454545454544,0.973433242506812,0.401861900053793,79.35
28,新丰小吃(高银街分店),上城区,餐饮服务;快餐厅;快餐厅,4.5,18,1.5283047235279887,0.8181818181818181,0.9925068119891008,0.585475156463384,79.2
29,茶百道(四季青店),上城区,餐饮服务;冷饮店;冷饮店,4.4,14,1.6247852415029624,0.7727272727272727,0.9952316076294278,0.6483840620524612,79.11
30,好再来奶茶店(采荷街道青荷苑社区店),上城区,餐饮服务;冷饮店;冷饮店,4.4,14,1.6247852415029624,0.7727272727272727,0.9952316076294278,0.6483840620524612,79.11
31,茶百道(杭州萧山钱江大观店),萧山区,餐饮服务;休闲餐饮场所;休闲餐饮场所,4.4,14,1.6247852415029624,0.7727272727272727,0.9952316076294278,0.6483840620524612,79.11
32,肯德基(朝晖店),拱墅区,餐饮服务;快餐厅;肯德基,4.6,25,1.4118673115786202,0.8636363636363635,0.9877384196185286,0.5095536097190001,78.84
33,肥悦冒菜,上城区,餐饮服务;中餐厅;中餐厅,4.7,36,1.3016080990216297,0.909090909090909,0.9802452316076294,0.43766048001095953,78.55
34,骑点咖啡 Ride Cafe,上城区,餐饮服务;咖啡厅;咖啡厅,4.6,26,1.395700147494484,0.8636363636363635,0.9870572207084469,0.49901201416832247,78.51
35,麦当劳(江南明新DT店),萧山区,餐饮服务;快餐厅;麦当劳,4.6,26,1.395700147494484,0.8636363636363635,0.9870572207084469,0.49901201416832247,78.51
36,麦当劳(加州阳光·开元广场店),萧山区,餐饮服务;快餐厅;麦当劳,4.6,26,1.395700147494484,0.8636363636363635,0.9870572207084469,0.49901201416832247,78.51
37,老姑东北人(立涛园店),萧山区,餐饮服务;中餐厅;东北菜,4.9,78,1.1214231558418588,1.0000000000000002,0.9516348773841962,0.3201731590783568,78.4
38,老秦凉都黄牛肉馆(滨江总店),滨江区,餐饮服务;中餐厅;中餐厅,4.9,78,1.1214231558418588,1.0000000000000002,0.9516348773841962,0.3201731590783568,78.4
39,古茗(杭州上城观音塘店),上城区,餐饮服务;冷饮店;冷饮店,4.4,15,1.58696454497786,0.7727272727272727,0.9945504087193461,0.6237235536208214,78.35
40,古茗(杭州太平门直街),上城区,餐饮服务;冷饮店;冷饮店,4.4,15,1.58696454497786,0.7727272727272727,0.9945504087193461,0.6237235536208214,78.35
41,麦当劳(杭州大厦501城市广场店),上城区,餐饮服务;快餐厅;麦当劳,4.6,27,1.3804674911019001,0.8636363636363635,0.9863760217983651,0.4890797525782627,78.2
42,王阿盖手工小吃(庆春银泰店),上城区,地名地址信息;普通地名;村庄级地名|餐饮服务;中餐厅;中餐厅,4.6,27,1.3804674911019001,0.8636363636363635,0.9863760217983651,0.4890797525782627,78.2
43,chofo出伏咖啡,上城区,餐饮服务;咖啡厅;咖啡厅,4.6,27,1.3804674911019001,0.8636363636363635,0.9863760217983651,0.4890797525782627,78.2
44,肯德基(杭州和平饭店),拱墅区,餐饮服务;快餐厅;肯德基,4.6,27,1.3804674911019001,0.8636363636363635,0.9863760217983651,0.4890797525782627,78.2
45,麦当劳(星耀中心店),滨江区,餐饮服务;快餐厅;麦当劳,4.5,20,1.47806432438873,0.8181818181818181,0.9911444141689373,0.5527165374950549,78.18
46,麦当劳(杭州三里亭),上城区,餐饮服务;快餐厅;麦当劳,4.5,20,1.47806432438873,0.8181818181818181,0.9911444141689373,0.5527165374950549,78.18
47,郑阿公顺德鸡煲饭双皮奶(滨江宝龙店),滨江区,餐饮服务;中餐厅;中餐厅,4.7,38,1.282904575924168,0.909090909090909,0.978882833787466,0.42546508353696305,78.15
48,荆九爷爆炒桥头三嫩(萧山店),萧山区,餐饮服务;中餐厅;特色/地方风味餐厅,4.8,55,1.192442392312652,0.9545454545454544,0.9673024523160763,0.3664803570072525,78.13
49,荆九爷爆炒桥头三嫩(滨江店),滨江区,餐饮服务;中餐厅;四川菜(川菜),4.8,55,1.192442392312652,0.9545454545454544,0.9673024523160763,0.3664803570072525,78.13
50,CoCo都可(太平门直街店),上城区,餐饮服务;冷饮店;冷饮店,4.3,12,1.6764463545805042,0.7272727272727271,0.9965940054495913,0.6820690396358604,78.1
51,湘香蒸菜馆(湘湖路店),萧山区,餐饮服务;中餐厅;湖南菜(湘菜),4.9,83,1.1058909050988452,1.0000000000000002,0.9482288828337875,0.31004555076854684,78.01
52,老秦凉都黄牛肉馆(萧山店),萧山区,餐饮服务;中餐厅;中餐厅,4.9,83,1.1058909050988452,1.0000000000000002,0.9482288828337875,0.31004555076854684,78.01
53,三冬麻辣串,余杭区,餐饮服务;中餐厅;中餐厅,4.7,39,1.274099644204539,0.909090909090909,0.9782016348773842,0.4197239387971297,77.96
54,满丼肉剧场,拱墅区,餐饮服务;外国餐厅;日本料理,4.7,39,1.274099644204539,0.909090909090909,0.9782016348773842,0.4197239387971297,77.96
55,素新风·食养自助餐厅(杭州·501广场店),上城区,餐饮服务;中餐厅;中餐厅,4.6,28,1.3660813401175023,0.8636363636363635,0.9856948228882834,0.4796994441692381,77.9
56,复兴面王(杭州莲荷里店),滨江区,餐饮服务;中餐厅;中餐厅,4.6,28,1.3660813401175023,0.8636363636363635,0.9856948228882834,0.4796994441692381,77.9
57,费大厨辣椒炒肉(杭州湖滨in77店),上城区,餐饮服务;中餐厅;中餐厅,4.6,28,1.3660813401175023,0.8636363636363635,0.9856948228882834,0.4796994441692381,77.9
58,费大厨辣椒炒肉(滨江龙湖天街店),滨江区,餐饮服务;中餐厅;中餐厅,4.6,28,1.3660813401175023,0.8636363636363635,0.9856948228882834,0.4796994441692381,77.9
59,费大厨辣椒炒肉(萧山万象汇店),萧山区,餐饮服务;中餐厅;中餐厅,4.6,28,1.3660813401175023,0.8636363636363635,0.9856948228882834,0.4796994441692381,77.9
60,东北蒸饺菜馆(余杭店),余杭区,餐饮服务;餐饮相关场所;餐饮相关,4.6,28,1.3660813401175023,0.8636363636363635,0.9856948228882834,0.4796994441692381,77.9
61,Section沙县咖啡(太平门直街店),上城区,餐饮服务;咖啡厅;咖啡厅,4.6,28,1.3660813401175023,0.8636363636363635,0.9856948228882834,0.4796994441692381,77.9
62,银记肠粉(新华路店),拱墅区,餐饮服务;快餐厅;快餐厅,4.6,28,1.3660813401175023,0.8636363636363635,0.9856948228882834,0.4796994441692381,77.9
63,麦当劳(星耀城二期城市生活广场店),滨江区,餐饮服务;快餐厅;麦当劳,4.6,28,1.3660813401175023,0.8636363636363635,0.9856948228882834,0.4796994441692381,77.9
64,麦当劳(西湖银泰百货店),上城区,餐饮服务;快餐厅;麦当劳,4.6,28,1.3660813401175023,0.8636363636363635,0.9856948228882834,0.4796994441692381,77.9
65,麦当劳(杭州滨江中南乐游城店),滨江区,餐饮服务;快餐厅;麦当劳,4.6,28,1.3660813401175023,0.8636363636363635,0.9856948228882834,0.4796994441692381,77.9
66,老秦凉都黄牛肉馆(市心北路店),萧山区,餐饮服务;中餐厅;中餐厅,4.9,85,1.1000489351428269,1.0000000000000002,0.946866485013624,0.3062363678979417,77.86
67,单羊世家·单县羊肉汤(景昙店),上城区,餐饮服务;餐饮相关场所;餐饮相关,4.7,40,1.2656277879026379,0.909090909090909,0.9775204359673024,0.41419997168494266,77.77
68,咸鱼仔饮食店,滨江区,餐饮服务;中餐厅;中餐厅,4.7,40,1.2656277879026379,0.909090909090909,0.9775204359673024,0.41419997168494266,77.77
69,如意Teppanyaki,上城区,餐饮服务;餐饮相关场所;餐饮相关,4.7,40,1.2656277879026379,0.909090909090909,0.9775204359673024,0.41419997168494266,77.77
70,麦当劳(杭州莲荷里店),滨江区,餐饮服务;快餐厅;麦当劳,4.5,21,1.4558195391690263,0.8181818181818181,0.9904632152588556,0.5382121056925782,77.73
71,麦当劳(大华·星河商务大厦店),上城区,餐饮服务;快餐厅;麦当劳,4.6,29,1.3524648774579477,0.8636363636363635,0.9850136239782017,0.47082100133035004,77.61
72,麦当劳(智谷国际人才大厦店),上城区,餐饮服务;快餐厅;麦当劳,4.6,29,1.3524648774579477,0.8636363636363635,0.9850136239782017,0.47082100133035004,77.61
73,重庆小天鹅麻辣烫(凤起路店),上城区,餐饮服务;中餐厅;特色/地方风味餐厅,4.7,41,1.2574680161695537,0.909090909090909,0.9768392370572208,0.4088794953819634,77.6
74,复兴面王(河东路店),拱墅区,餐饮服务;快餐厅;快餐厅,4.7,41,1.2574680161695537,0.909090909090909,0.9768392370572208,0.4088794953819634,77.6
75,THREE FINGERS,西湖区,体育休闲服务;娱乐场所;酒吧|餐饮服务;快餐厅;快餐厅,4.8,60,1.1676349502796701,0.9545454545454544,0.9638964577656676,0.3503049771324868,77.56
76,后生仔.潮汕小馆(滨江店),滨江区,餐饮服务;中餐厅;中餐厅,4.7,42,1.2496011526718045,0.909090909090909,0.976158038147139,0.4037500062016665,77.43
77,111white三白咖啡·西餐(银湖美和院店),富阳区,餐饮服务;餐饮相关场所;餐饮相关,4.7,42,1.2496011526718045,0.909090909090909,0.976158038147139,0.4037500062016665,77.43
78,岳阳楼(滨兴小区店),滨江区,餐饮服务;餐饮相关场所;餐饮相关,4.8,62,1.1585430638845202,0.9545454545454544,0.9625340599455041,0.34437672721360196,77.35
79,星巴克(杭州来福士广场店),上城区,餐饮服务;咖啡厅;星巴克咖啡,4.6,30,1.3395507106118272,0.8636363636363635,0.9843324250681199,0.4624004816240304,77.34
80,星巴克(杭州UDC店),上城区,餐饮服务;咖啡厅;星巴克咖啡,4.6,30,1.3395507106118272,0.8636363636363635,0.9843324250681199,0.4624004816240304,77.34
81,星巴克(滨江城市之星店),上城区,餐饮服务;咖啡厅;星巴克咖啡,4.6,30,1.3395507106118272,0.8636363636363635,0.9843324250681199,0.4624004816240304,77.34
82,星巴克(杭州东杭大厦店),上城区,餐饮服务;咖啡厅;星巴克咖啡,4.6,30,1.3395507106118272,0.8636363636363635,0.9843324250681199,0.4624004816240304,77.34
83,Any.Shell Coffee胡安咖啡(近江南路店),上城区,餐饮服务;咖啡厅;咖啡厅,4.6,30,1.3395507106118272,0.8636363636363635,0.9843324250681199,0.4624004816240304,77.34
84,星巴克(杭州大厦501城市广场B1店),上城区,餐饮服务;咖啡厅;星巴克咖啡,4.6,30,1.3395507106118272,0.8636363636363635,0.9843324250681199,0.4624004816240304,77.34
85,星巴克(新传媒大厦店),上城区,餐饮服务;咖啡厅;星巴克咖啡,4.6,30,1.3395507106118272,0.8636363636363635,0.9843324250681199,0.4624004816240304,77.34
86,星巴克(杭州五福天虹购物中心店),上城区,餐饮服务;咖啡厅;星巴克咖啡,4.6,30,1.3395507106118272,0.8636363636363635,0.9843324250681199,0.4624004816240304,77.34
87,麦当劳(科技广场店),西湖区,餐饮服务;快餐厅;麦当劳,4.6,30,1.3395507106118272,0.8636363636363635,0.9843324250681199,0.4624004816240304,77.34
88,星巴克(杭州嘉华店),西湖区,餐饮服务;咖啡厅;星巴克咖啡|餐饮服务;快餐厅;快餐厅,4.6,30,1.3395507106118272,0.8636363636363635,0.9843324250681199,0.4624004816240304,77.34
89,刘记私房菜(七贤郡店),余杭区,餐饮服务;中餐厅;中餐厅,4.5,22,1.4351804500671046,0.8181818181818181,0.9897820163487738,0.5247546478035756,77.31
90,No Coffee無咖,上城区,餐饮服务;咖啡厅;咖啡厅,4.7,43,1.2420096387012938,0.909090909090909,0.9754768392370572,0.39880005520976886,77.26
91,瑞幸咖啡(采东路店),上城区,餐饮服务;咖啡厅;咖啡厅,4.3,13,1.6293696812667902,0.7272727272727271,0.9959128065395095,0.6513732882126717,77.17
92,瑞幸咖啡(庆春乐购店),上城区,餐饮服务;咖啡厅;咖啡厅,4.3,13,1.6293696812667902,0.7272727272727271,0.9959128065395095,0.6513732882126717,77.17
93,瑞幸咖啡(中纺中心店),上城区,餐饮服务;餐饮相关场所;餐饮相关,4.3,13,1.6293696812667902,0.7272727272727271,0.9959128065395095,0.6513732882126717,77.17
94,luckin coffee 瑞幸咖啡(尚城女装中心店),上城区,餐饮服务;咖啡厅;咖啡厅,4.3,13,1.6293696812667902,0.7272727272727271,0.9959128065395095,0.6513732882126717,77.17
95,瑞幸咖啡(四季青丝绸源一楼店),上城区,餐饮服务;咖啡厅;咖啡厅,4.3,13,1.6293696812667902,0.7272727272727271,0.9959128065395095,0.6513732882126717,77.17
96,瑞幸咖啡(中豪江河时代店),上城区,餐饮服务;咖啡厅;咖啡厅,4.3,13,1.6293696812667902,0.7272727272727271,0.9959128065395095,0.6513732882126717,77.17
97,瑞幸咖啡(杭州天虹购物中心店),上城区,餐饮服务;咖啡厅;咖啡厅,4.3,13,1.6293696812667902,0.7272727272727271,0.9959128065395095,0.6513732882126717,77.17
98,马姥姥东北砂锅,滨江区,餐饮服务;中餐厅;中餐厅,4.6,31,1.3272794376178463,0.8636363636363635,0.9836512261580381,0.454399152750191,77.09
99,素满香·全民食养自助(滨江天街店),滨江区,餐饮服务;快餐厅;快餐厅,4.6,31,1.3272794376178463,0.8636363636363635,0.9836512261580381,0.454399152750191,77.09
100,新丰小吃(解放路分店),上城区,餐饮服务;中餐厅;中餐厅,4.4,17,1.5222955275492518,0.7727272727272727,0.9931880108991825,0.5815569359725832,77.05
101,阜阳格拉条卷馍(下沙店),钱塘区,餐饮服务;中餐厅;中餐厅,4.4,17,1.5222955275492518,0.7727272727272727,0.9931880108991825,0.5815569359725832,77.05
102,江渔儿成都冷锅鱼(浙港国际店),西湖区,餐饮服务;中餐厅;中餐厅,4.8,66,1.1415816647009174,0.9545454545454544,0.9598092643051771,0.3333172606778118,76.95
103,问疆新疆手抓饭(太平门直街店),上城区,餐饮服务;中餐厅;特色/地方风味餐厅,4.7,45,1.227589505851854,0.909090909090909,0.9741144414168937,0.389397589353992,76.94
104,巷儿里餐厅·杭帮菜(信义坊步行街店),拱墅区,餐饮服务;中餐厅;中餐厅,4.7,45,1.227589505851854,0.909090909090909,0.9741144414168937,0.389397589353992,76.94
105,巷子里湘菜馆(八年湘守),拱墅区,餐饮服务;中餐厅;湖南菜(湘菜),4.7,45,1.227589505851854,0.909090909090909,0.9741144414168937,0.389397589353992,76.94
106,HELLO COFFEE·咖啡,上城区,餐饮服务;咖啡厅;咖啡厅,4.7,45,1.227589505851854,0.909090909090909,0.9741144414168937,0.389397589353992,76.94
107,一家咖啡(近江一园店),上城区,餐饮服务;咖啡厅;咖啡厅,4.5,23,1.4159609119985619,0.8181818181818181,0.989100817438692,0.5122227902721592,76.91
108,麦当劳(下城区行政服务中心),拱墅区,餐饮服务;餐饮相关场所;餐饮相关,4.5,23,1.4159609119985619,0.8181818181818181,0.989100817438692,0.5122227902721592,76.91
109,荆九爷爆炒桥头三嫩(东站店),上城区,餐饮服务;中餐厅;中餐厅,4.8,67,1.1375734648171867,0.9545454545454544,0.9591280653950953,0.330703764467798,76.85
110,望江门227号龙虾馆,上城区,餐饮服务;中餐厅;中餐厅,4.6,32,1.3155984705123018,0.8636363636363635,0.9829700272479565,0.44678272538998104,76.84
111,福泰来(北景园店),拱墅区,餐饮服务;中餐厅;东北菜,4.8,69,1.1298117866514568,0.9545454545454544,0.9577656675749319,0.3256428600573618,76.67
112,山野饭堂.融合家常菜(滨江店),滨江区,餐饮服务;中餐厅;四川菜(川菜),4.7,47,1.2140935039944452,0.909090909090909,0.9727520435967303,0.3805976914627102,76.65
113,颖姐鲜烫牛肉汤(旭辉春江悦茗店),萧山区,餐饮服务;中餐厅;中餐厅,4.7,47,1.2140935039944452,0.909090909090909,0.9727520435967303,0.3805976914627102,76.65
114,三毛烤鸡(景芳店),上城区,餐饮服务;餐饮相关场所;餐饮相关,4.5,24,1.3980036027591267,0.8181818181818181,0.9884196185286104,0.500513953138112,76.54
115,Ora Coffee 杭州来福士店,上城区,餐饮服务;餐饮相关场所;餐饮相关,4.5,24,1.3980036027591267,0.8181818181818181,0.9884196185286104,0.500513953138112,76.54
116,肉本家·炭烤肉(滨江东和时代店),滨江区,餐饮服务;中餐厅;中餐厅,4.9,106,1.0486153406396395,1.0000000000000002,0.9325613079019074,0.27269974093303245,76.5
117,小牛滚滚贵州黄牛肉火锅(中财店),滨江区,餐饮服务;中餐厅;火锅店,4.8,71,1.1223695903350879,0.9545454545454544,0.9564032697547684,0.320790269759668,76.49
118,戈壁滩西域·清真烤肉餐厅(中盛府店),上城区,餐饮服务;中餐厅;清真菜馆,4.4,18,1.494342396338478,0.7727272727272727,0.9925068119891008,0.5633304491214886,76.49
119,阿嬷手作(杭州万象城店),上城区,餐饮服务;冷饮店;冷饮店,4.6,34,1.2938255046885503,0.8636363636363635,0.9816076294277929,0.43258593747725566,76.38
120,盐蘸牛肉,上城区,餐饮服务;中餐厅;中餐厅,4.7,49,1.201424427586058,0.909090909090909,0.9713896457765667,0.3723369798868999,76.36
121,芳芳跷脚牛肉 (高沙店),钱塘区,餐饮服务;中餐厅;中餐厅,4.7,50,1.1953734572769987,0.909090909090909,0.970708446866485,0.3683915209705863,76.23
122,孔岳冒菜(临平店),临平区,餐饮服务;中餐厅;中餐厅,4.7,50,1.1953734572769987,0.909090909090909,0.970708446866485,0.3683915209705863,76.23
123,小湘村湘菜(滨兴小区东区店),滨江区,餐饮服务;中餐厅;湖南菜(湘菜),4.7,50,1.1953734572769987,0.909090909090909,0.970708446866485,0.3683915209705863,76.23
124,大嘴巴湘菜馆·干煸小龙虾(奥体店),萧山区,餐饮服务;中餐厅;湖南菜(湘菜),4.7,50,1.1953734572769987,0.909090909090909,0.970708446866485,0.3683915209705863,76.23
125,面屋目一,滨江区,餐饮服务;中餐厅;中餐厅,4.7,50,1.1953734572769987,0.909090909090909,0.970708446866485,0.3683915209705863,76.23
126,鸟鸟私房面(来福士臻选店),上城区,餐饮服务;中餐厅;中餐厅,4.5,25,1.381174543935607,0.8181818181818181,0.9877384196185286,0.48954077746593677,76.2
127,德克士(滨江儿保店),滨江区,餐饮服务;快餐厅;快餐厅,4.5,25,1.381174543935607,0.8181818181818181,0.9877384196185286,0.48954077746593677,76.2
128,麦当劳(中豪·江河时代店),上城区,餐饮服务;快餐厅;麦当劳,4.6,35,1.2836544410678685,0.8636363636363635,0.9809264305177112,0.4259540236517107,76.17
129,复兴面王(庆春店),拱墅区,餐饮服务;中餐厅;中餐厅,4.6,35,1.2836544410678685,0.8636363636363635,0.9809264305177112,0.4259540236517107,76.17
130,MStand(杭州太平金融大厦店),上城区,餐饮服务;咖啡厅;咖啡厅,4.6,35,1.2836544410678685,0.8636363636363635,0.9809264305177112,0.4259540236517107,76.17
131,鸟鸟好吃店·成都土砂锅串串(杭州总店),萧山区,餐饮服务;中餐厅;火锅店,4.8,75,1.10835732030609,0.9545454545454544,0.9536784741144414,0.3116537457147666,76.15
132,DaP,上城区,餐饮服务;咖啡厅;咖啡厅,4.7,51,1.1894988856033892,0.909090909090909,0.9700272479564033,0.3645610805609771,76.1
133,库迪咖啡(世包国际中心店),上城区,餐饮服务;咖啡厅;咖啡厅,4.1,9,1.7806073758033323,0.636363636363636,0.9986376021798365,0.7499859205533994,76.1
134,库迪咖啡(杭州天虹购物中心店),上城区,餐饮服务;咖啡厅;咖啡厅,4.1,9,1.7806073758033323,0.636363636363636,0.9986376021798365,0.7499859205533994,76.1
135,蜜雪冰城(近江店),上城区,餐饮服务;冷饮店;冷饮店,4.1,9,1.7806073758033323,0.636363636363636,0.9986376021798365,0.7499859205533994,76.1
136,蜜雪冰城,上城区,餐饮服务;冷饮店;冷饮店,4.1,9,1.7806073758033323,0.636363636363636,0.9986376021798365,0.7499859205533994,76.1
137,周姐焦烤鸡架·东北烧烤夜宵,滨江区,餐饮服务;中餐厅;中餐厅,4.8,77,1.101749093397008,0.9545454545454544,0.952316076294278,0.3073449346567407,75.98
138,蓝瓶咖啡(杭州万象城店),上城区,餐饮服务;咖啡厅;咖啡厅,4.7,52,1.1837920491329885,0.909090909090909,0.9693460490463215,0.3608400097762839,75.97
139,1点点(太平门直街店),上城区,餐饮服务;冷饮店;冷饮店,4.4,19,1.46875608305947,0.7727272727272727,0.9918256130790191,0.5466472160685814,75.97
140,OONECCUP(庆春银泰店),上城区,餐饮服务;冷饮店;冷饮店,4.4,19,1.46875608305947,0.7727272727272727,0.9918256130790191,0.5466472160685814,75.97
141,1点点(建国中路店),上城区,餐饮服务;冷饮店;冷饮店,4.4,19,1.46875608305947,0.7727272727272727,0.9918256130790191,0.5466472160685814,75.97
142,朱富贵火锅(杭州中大银泰店),拱墅区,餐饮服务;中餐厅;火锅店,4.9,116,1.028941837717252,1.0000000000000002,0.9257493188010899,0.25987188134098566,75.94
143,麦当劳(保利中心店),上城区,餐饮服务;快餐厅;麦当劳,4.5,26,1.365358839940256,0.8181818181818181,0.9870572207084469,0.47922834703592604,75.87
144,麦当劳(杭州西湖东坡酒店店),上城区,餐饮服务;快餐厅;麦当劳,4.5,26,1.365358839940256,0.8181818181818181,0.9870572207084469,0.47922834703592604,75.87
145,肯德基(杭州之翼店),上城区,餐饮服务;快餐厅;肯德基,4.5,26,1.365358839940256,0.8181818181818181,0.9870572207084469,0.47922834703592604,75.87
146,后生仔·潮汕小馆(西湖店),西湖区,餐饮服务;中餐厅;中餐厅,4.6,37,1.2645748576154703,0.8636363636363635,0.9795640326975477,0.4135134217635949,75.76
147,阿英川菜馆(丰潭路店),拱墅区,餐饮服务;中餐厅;四川菜(川菜),4.8,80,1.0922870719522046,0.9545454545454544,0.9502724795640327,0.3011753428443568,75.75
148,刘老根·东北烧烤酒场(闻涛观潮店),滨江区,餐饮服务;餐饮相关场所;餐饮相关,4.8,80,1.0922870719522046,0.9545454545454544,0.9502724795640327,0.3011753428443568,75.75
149,老秦凉都黄牛肉馆(星耀城店),滨江区,餐饮服务;中餐厅;中餐厅,4.8,80,1.0922870719522046,0.9545454545454544,0.9502724795640327,0.3011753428443568,75.75
150,朱富贵火锅(杭州拱墅万达店),拱墅区,餐饮服务;中餐厅;火锅店,4.9,120,1.0217293589894034,1.0000000000000002,0.923024523160763,0.25516907550124973,75.73
151,周姐焦烤鸡架·东北烧烤夜宵(隆和国际店),滨江区,餐饮服务;餐饮相关场所;餐饮相关,4.8,81,1.0892457019992594,0.9545454545454544,0.9495912806539509,0.29919225590362414,75.67
152,荆九爷爆炒桥头三嫩(滨江滨悦城店),滨江区,餐饮服务;中餐厅;中餐厅,4.7,55,1.1675998424728051,0.909090909090909,0.9673024523160763,0.35028208552956147,75.6
153,荆九爷爆炒桥头三嫩(新天地店),拱墅区,餐饮服务;中餐厅;中餐厅,4.7,55,1.1675998424728051,0.909090909090909,0.9673024523160763,0.35028208552956147,75.6
154,小菜园新徽菜(杭州东站万象汇店),上城区,餐饮服务;中餐厅;中餐厅,4.7,55,1.1675998424728051,0.909090909090909,0.9673024523160763,0.35028208552956147,75.6
155,一席地·本地鸡窝(金田店),西湖区,餐饮服务;中餐厅;火锅店,4.7,55,1.1675998424728051,0.909090909090909,0.9673024523160763,0.35028208552956147,75.6
156,古茗(江干四季青店),上城区,餐饮服务;餐饮相关场所;餐饮相关,4.3,15,1.5508971689556357,0.7272727272727271,0.9945504087193461,0.6002062757221227,75.6
157,古茗(上城天阳亲子店),上城区,餐饮服务;冷饮店;冷饮店,4.3,15,1.5508971689556357,0.7272727272727271,0.9945504087193461,0.6002062757221227,75.6
158,古茗(奥体银泰店),滨江区,餐饮服务;冷饮店;冷饮店,4.3,15,1.5508971689556357,0.7272727272727271,0.9945504087193461,0.6002062757221227,75.6
159,麦当劳(杭州高德置地广场餐厅),上城区,餐饮服务;快餐厅;快餐厅,4.5,27,1.3504573282518588,0.8181818181818181,0.9863760217983651,0.4695120041760848,75.56
160,汉堡王(杭州宁城大厦),萧山区,餐饮服务;快餐厅;快餐厅,4.5,27,1.3504573282518588,0.8181818181818181,0.9863760217983651,0.4695120041760848,75.56
161,小禾山·大碗饭(科技园店),钱塘区,餐饮服务;餐饮相关场所;餐饮相关,4.4,20,1.445218450513425,0.7727272727272727,0.9911444141689373,0.5312997994635666,75.49
162,肯德基(天城国际店),上城区,餐饮服务;快餐厅;肯德基,4.4,20,1.445218450513425,0.7727272727272727,0.9911444141689373,0.5312997994635666,75.49
163,東家猪杂粥覓味馆·干蒸菜(杭州萧杭人家店),萧山区,餐饮服务;中餐厅;中餐厅,4.7,56,1.1624883506652415,0.909090909090909,0.9666212534059946,0.3469492017278309,75.48
164,马丫东北饭儿(未来科技城店),余杭区,餐饮服务;中餐厅;中餐厅,4.7,56,1.1624883506652415,0.909090909090909,0.9666212534059946,0.3469492017278309,75.48
165,西湖D11,拱墅区,餐饮服务;中餐厅;综合酒楼,4.7,56,1.1624883506652415,0.909090909090909,0.9666212534059946,0.3469492017278309,75.48
166,小饮与食·盖饭小吃·中华料理(杭州景芳店),上城区,餐饮服务;中餐厅;中餐厅,4.6,39,1.2469911411363572,0.8636363636363635,0.9782016348773842,0.40204818107970314,75.38
167,肯德基(杭州庆丰店),西湖区,餐饮服务;快餐厅;肯德基,4.6,39,1.2469911411363572,0.8636363636363635,0.9782016348773842,0.40204818107970314,75.38
168,荆九爷爆炒桥头三嫩(下沙店),钱塘区,餐饮服务;中餐厅;中餐厅,4.7,57,1.157509165328124,0.909090909090909,0.9659400544959128,0.3437025866924049,75.37
169,湘约屋坎上·土家民族菜·不改湘西味(三花国际总店),上城区,餐饮服务;中餐厅;湖南菜(湘菜),4.7,57,1.157509165328124,0.909090909090909,0.9659400544959128,0.3437025866924049,75.37
170,大俺徽地锅鸡(御金台),萧山区,餐饮服务;中餐厅;中餐厅,4.7,57,1.157509165328124,0.909090909090909,0.9659400544959128,0.3437025866924049,75.37
171,幸福年铁锅炖熏酱小酒馆(高沙店),钱塘区,餐饮服务;餐饮相关场所;餐饮相关,4.7,57,1.157509165328124,0.909090909090909,0.9659400544959128,0.3437025866924049,75.37
172,叶老头碳炉草本鸡煲(杭州滨江店),滨江区,餐饮服务;中餐厅;中餐厅,4.8,86,1.0748093942976296,0.9545454545454544,0.9461852861035422,0.28977924343936395,75.3
173,CoCo都可(万象城美广店),上城区,餐饮服务;餐饮相关场所;餐饮相关,4.2,12,1.6374592300553763,0.6818181818181819,0.9965940054495913,0.6566479765298656,75.3
174,宇宙治茶(景芳地铁店),上城区,餐饮服务;餐饮相关场所;餐饮相关,4.2,12,1.6374592300553763,0.6818181818181819,0.9965940054495913,0.6566479765298656,75.3
175,麦当劳(碧桂园·深蓝国际店),萧山区,餐饮服务;快餐厅;麦当劳,4.5,28,1.3363839196801655,0.8181818181818181,0.9856948228882834,0.46033561551508256,75.27
176,老安徽砂锅(新民街店),临安区,餐饮服务;中餐厅;安徽菜(徽菜),4.5,28,1.3363839196801655,0.8181818181818181,0.9856948228882834,0.46033561551508256,75.27
177,Tims咖啡(501城市广场店),上城区,餐饮服务;咖啡厅;咖啡厅,4.5,28,1.3363839196801655,0.8181818181818181,0.9856948228882834,0.46033561551508256,75.27
178,朝山茶食,上城区,餐饮服务;餐饮相关场所;餐饮相关,4.5,28,1.3363839196801655,0.8181818181818181,0.9856948228882834,0.46033561551508256,75.27
179,麦当劳(杭州庆春路第二餐厅),拱墅区,餐饮服务;快餐厅;麦当劳,4.5,28,1.3363839196801655,0.8181818181818181,0.9856948228882834,0.46033561551508256,75.27
180,麦当劳(杭州萧山京港国际店),萧山区,餐饮服务;快餐厅;麦当劳,4.5,28,1.3363839196801655,0.8181818181818181,0.9856948228882834,0.46033561551508256,75.27
181,麦当劳(朝晖餐厅),拱墅区,餐饮服务;快餐厅;麦当劳,4.5,28,1.3363839196801655,0.8181818181818181,0.9856948228882834,0.46033561551508256,75.27
182,23号墙门菜,拱墅区,餐饮服务;中餐厅;中餐厅,4.7,58,1.152656490506203,0.909090909090909,0.965258855585831,0.34053846124372195,75.26
183,孔岳冒菜(无忧店),萧山区,餐饮服务;餐饮相关场所;餐饮相关,4.7,58,1.152656490506203,0.909090909090909,0.965258855585831,0.34053846124372195,75.26
184,龍歌自助小火锅(银隆百货A座店),萧山区,餐饮服务;中餐厅;火锅店,4.7,58,1.152656490506203,0.909090909090909,0.965258855585831,0.34053846124372195,75.26
185,超火锅(杭州萧山总店),萧山区,餐饮服务;餐饮相关场所;餐饮相关,4.9,130,1.0050875226487372,1.0000000000000002,0.9162125340599455,0.24431797588904197,75.23
186,黄龙海鲜大排档(三墩店),西湖区,餐饮服务;中餐厅;海鲜酒楼,4.8,87,1.0720658728372654,0.9545454545454544,0.9455040871934605,0.2879903648537782,75.23
187,张十二非遗手工小吃(景芳店),上城区,餐饮服务;中餐厅;中餐厅,4.6,40,1.2386995370961986,0.8636363636363635,0.9775204359673024,0.39664174518266887,75.2
188,天诚小吃(大学路),上城区,餐饮服务;中餐厅;中餐厅,4.6,40,1.2386995370961986,0.8636363636363635,0.9775204359673024,0.39664174518266887,75.2
189,瑶姐·古法干蒸(转塘店),西湖区,餐饮服务;中餐厅;中餐厅,4.6,40,1.2386995370961986,0.8636363636363635,0.9775204359673024,0.39664174518266887,75.2
190,辽阜·艳姨蒸饺东北菜,上城区,餐饮服务;中餐厅;东北菜,4.6,40,1.2386995370961986,0.8636363636363635,0.9775204359673024,0.39664174518266887,75.2
191,孔岳冒菜(彭埠店),上城区,餐饮服务;餐饮相关场所;餐饮相关,4.7,59,1.1479248823770698,0.909090909090909,0.9645776566757494,0.3374532758060012,75.15
192,山重浪重庆耙火锅(杭州萧山店),萧山区,餐饮服务;中餐厅;火锅店,4.7,59,1.1479248823770698,0.909090909090909,0.9645776566757494,0.3374532758060012,75.15
193,迎春·东北老菜儿(西湖店),西湖区,餐饮服务;中餐厅;中餐厅,4.7,59,1.1479248823770698,0.909090909090909,0.9645776566757494,0.3374532758060012,75.15
194,屠夫汉堡(中山北路店),拱墅区,餐饮服务;快餐厅;快餐厅,4.7,59,1.1479248823770698,0.909090909090909,0.9645776566757494,0.3374532758060012,75.15
195,金匠寿司(宝龙城店),滨江区,餐饮服务;外国餐厅;日本料理,4.8,89,1.06671178375589,0.9545454545454544,0.944141689373297,0.2844992985576465,75.09
196,肯德基(凤起路地铁店),拱墅区,餐饮服务;快餐厅;肯德基,4.4,21,1.423467993854159,0.7727272727272727,0.9904632152588556,0.5171176883678115,75.05
197,签约·肆酒撸串·海鲜烧烤季·团建精酿酒馆(滨江店),滨江区,餐饮服务;中餐厅;中餐厅,4.7,60,1.1433092221488437,0.909090909090909,0.9638964577656676,0.33444369273552005,75.04
198,137烧烤龙虾烤鱼.新疆羊肉串(南大街店),临平区,餐饮服务;中餐厅;特色/地方风味餐厅,4.7,60,1.1433092221488437,0.909090909090909,0.9638964577656676,0.33444369273552005,75.04
199,麵匠·石山,滨江区,餐饮服务;餐饮相关场所;餐饮相关,4.6,41,1.2307133775276482,0.8636363636363635,0.9768392370572208,0.39143447050315733,75.03
200,宽马记大排档·热鲜牛肉海鲜火锅(杭州首店),富阳区,餐饮服务;中餐厅;火锅店,4.8,90,1.0640987583553485,0.9545454545454544,0.9434604904632152,0.2827955082829388,75.02
201,环球渔市,余杭区,餐饮服务;中餐厅;海鲜酒楼,4.8,90,1.0640987583553485,0.9545454545454544,0.9434604904632152,0.2827955082829388,75.02
202,云屉记东北蒸饺菜馆,滨江区,餐饮服务;中餐厅;特色/地方风味餐厅,4.5,29,1.3230634670784271,0.8181818181818181,0.9850136239782017,0.45165018230312676,74.99
203,M Stand(杭州大厦501城市广场POP UP店),上城区,餐饮服务;咖啡厅;咖啡厅,4.5,29,1.3230634670784271,0.8181818181818181,0.9850136239782017,0.45165018230312676,74.99
204,麦当劳(杭州萧山平澜路餐厅),萧山区,餐饮服务;快餐厅;麦当劳,4.5,29,1.3230634670784271,0.8181818181818181,0.9850136239782017,0.45165018230312676,74.99
205,老嘎达东北菜(原东北菜馆高沙店),钱塘区,餐饮服务;中餐厅;东北菜,4.7,61,1.1388046914660013,0.909090909090909,0.9632152588555858,0.3315065702842958,74.93
206,喜村烧鸽子烧烤东北菜,余杭区,餐饮服务;中餐厅;东北菜,4.6,42,1.2230138941043192,0.8636363636363635,0.976158038147139,0.38641411939052633,74.86
207,旺厨东北菜,西湖区,餐饮服务;中餐厅;东北菜,4.6,42,1.2230138941043192,0.8636363636363635,0.976158038147139,0.38641411939052633,74.86
208,蜜雪冰城(悦玺店),上城区,餐饮服务;冷饮店;冷饮店,4.0,8,1.8204784532536746,0.5909090909090908,0.9993188010899182,0.7759833540218743,74.85
209,中国凉都黄牛肉馆,余杭区,餐饮服务;中餐厅;中餐厅,4.8,93,1.0565019947047627,0.9545454545454544,0.94141689373297,0.27784213430332144,74.83
210,大俺徽地锅鸡(太平门直街),上城区,餐饮服务;中餐厅;中餐厅,4.7,62,1.1344067500535928,0.909090909090909,0.9625340599455041,0.3286389480232787,74.83
211,杨光姐?东北老家(西湖文化广场店),拱墅区,餐饮服务;中餐厅;中餐厅,4.7,62,1.1344067500535928,0.909090909090909,0.9625340599455041,0.3286389480232787,74.83
212,荆九爷爆炒桥头三嫩(西溪留下店),西湖区,餐饮服务;中餐厅;中餐厅,4.7,63,1.1301111153630214,0.909090909090909,0.9618528610354223,0.3258380335706385,74.73
213,大俺徽柴火鸡·地锅鸡(皓月路店),萧山区,餐饮服务;中餐厅;中餐厅,4.7,63,1.1301111153630214,0.909090909090909,0.9618528610354223,0.3258380335706385,74.73
214,夏大厨铁锅炖·东北菜·烧烤(钱江世纪城店),萧山区,餐饮服务;中餐厅;东北菜,4.7,63,1.1301111153630214,0.909090909090909,0.9618528610354223,0.3258380335706385,74.73
215,云姐东北蒸饺菜馆,滨江区,餐饮服务;中餐厅;特色/地方风味餐厅,4.5,30,1.310430042989831,0.8181818181818181,0.9843324250681199,0.4434127173730315,74.73
216,星巴克咖啡(杭州优托邦时光1F2F),上城区,餐饮服务;咖啡厅;星巴克咖啡,4.5,30,1.310430042989831,0.8181818181818181,0.9843324250681199,0.4434127173730315,74.73
217,星巴克(迪凯银座店),上城区,餐饮服务;咖啡厅;星巴克咖啡,4.5,30,1.310430042989831,0.8181818181818181,0.9843324250681199,0.4434127173730315,74.73
218,星巴克臻选杭州万象城店,上城区,餐饮服务;咖啡厅;星巴克咖啡,4.5,30,1.310430042989831,0.8181818181818181,0.9843324250681199,0.4434127173730315,74.73
219,星巴克臻选(庆春银泰百货店),上城区,餐饮服务;咖啡厅;星巴克咖啡,4.5,30,1.310430042989831,0.8181818181818181,0.9843324250681199,0.4434127173730315,74.73
220,星巴克(中纺中心服装城店),上城区,餐饮服务;咖啡厅;星巴克咖啡,4.5,30,1.310430042989831,0.8181818181818181,0.9843324250681199,0.4434127173730315,74.73
221,中原一大碗(湖滨店),上城区,餐饮服务;快餐厅;快餐厅,4.5,30,1.310430042989831,0.8181818181818181,0.9843324250681199,0.4434127173730315,74.73
222,麦当劳(朝龙汇D+PARK店),萧山区,餐饮服务;快餐厅;麦当劳,4.5,30,1.310430042989831,0.8181818181818181,0.9843324250681199,0.4434127173730315,74.73
223,肯德基(杭州永安店),上城区,餐饮服务;快餐厅;肯德基,4.5,30,1.310430042989831,0.8181818181818181,0.9843324250681199,0.4434127173730315,74.73
224,喜茶(杭州天虹店)(暂停营业),上城区,餐饮服务;冷饮店;冷饮店,4.4,22,1.4032875511767244,0.7727272727272727,0.9897820163487738,0.5039592850985646,74.64
225,老乡鸡(杭州萧山联合中心店),萧山区,餐饮服务;快餐厅;快餐厅,4.4,22,1.4032875511767244,0.7727272727272727,0.9897820163487738,0.5039592850985646,74.64
226,麦当劳(杭州滨江儿保),滨江区,餐饮服务;快餐厅;快餐厅,4.4,22,1.4032875511767244,0.7727272727272727,0.9897820163487738,0.5039592850985646,74.64
227,照云川菜(萧山店),萧山区,餐饮服务;中餐厅;四川菜(川菜),4.8,96,1.0492466130768157,0.9545454545454544,0.9393732970027248,0.2731113541683761,74.63
228,马丫东北饭儿(金昌路店),余杭区,餐饮服务;中餐厅;东北菜,4.7,64,1.1259137440109872,0.909090909090909,0.9611716621253406,0.32310119048926206,74.63
229,哈尔滨东北家常菜美玲家,钱塘区,餐饮服务;中餐厅;中餐厅,4.7,64,1.1259137440109872,0.909090909090909,0.9611716621253406,0.32310119048926206,74.63
230,禧满牛贵州黄牛肉馆.干锅火锅(金田店),西湖区,餐饮服务;中餐厅;火锅店,4.7,64,1.1259137440109872,0.909090909090909,0.9611716621253406,0.32310119048926206,74.63
231,庆春食堂(国有资本投资大厦店),上城区,餐饮服务;餐饮相关场所;餐饮相关,4.8,97,1.0468994648991004,0.9545454545454544,0.9386920980926431,0.2715809257853758,74.57
232,小米椒烤鱼坊(广苑小区店),临安区,餐饮服务;中餐厅;四川菜(川菜),4.6,44,1.20840763066377,0.8636363636363635,0.9747956403269755,0.3768902894290305,74.54
233,Shake Shack(杭州万象城店),上城区,餐饮服务;快餐厅;快餐厅,4.7,65,1.121810814827843,0.909090909090909,0.9604904632152589,0.32042592723364766,74.53
234,烤匠麻辣烤鱼(星光大道店),滨江区,餐饮服务;中餐厅;特色/地方风味餐厅,4.7,65,1.121810814827843,0.909090909090909,0.9604904632152589,0.32042592723364766,74.53
235,烤匠麻辣烤鱼(杭州远洋乐堤港店),拱墅区,餐饮服务;中餐厅;特色/地方风味餐厅,4.7,65,1.121810814827843,0.909090909090909,0.9604904632152589,0.32042592723364766,74.53
236,老六小炒肉(滨江银泰店),滨江区,餐饮服务;中餐厅;中餐厅,4.7,65,1.121810814827843,0.909090909090909,0.9604904632152589,0.32042592723364766,74.53
237,麦当劳(映霞璟庭店),上城区,餐饮服务;快餐厅;麦当劳,4.5,31,1.298425536800067,0.8181818181818181,0.9836512261580381,0.4355853304312321,74.48
238,肯德基(天成店),上城区,餐饮服务;快餐厅;肯德基,4.5,31,1.298425536800067,0.8181818181818181,0.9836512261580381,0.4355853304312321,74.48
239,赵府私厨·老杭帮菜(河坊街店),上城区,餐饮服务;中餐厅;中餐厅,4.7,66,1.1177987133529819,0.909090909090909,0.9598092643051771,0.3178098870403176,74.44
240,广源东北菜(文创大厦店),钱塘区,餐饮服务;中餐厅;东北菜,4.7,66,1.1177987133529819,0.909090909090909,0.9598092643051771,0.3178098870403176,74.44
241,萨莉亚意式餐厅(滨江天街店),滨江区,餐饮服务;外国餐厅;意式菜品餐厅,4.6,45,1.2014705801954313,0.8636363636363635,0.9741144414168937,0.37236707311407874,74.39
242,三两好友深夜食堂钱江世纪城店(焗海鲜·烤乳猪·罗氏虾),萧山区,餐饮服务;中餐厅;中餐厅,4.8,100,1.040059513610552,0.9545454545454544,0.9366485013623979,0.2671210217666516,74.38
243,瑞幸咖啡(尊宝金尊店),上城区,餐饮服务;咖啡厅;咖啡厅,4.2,13,1.5914773630977952,0.6818181818181819,0.9959128065395095,0.6266660797909371,74.38
244,瑞幸咖啡(清江路店),上城区,餐饮服务;咖啡厅;咖啡厅,4.2,13,1.5914773630977952,0.6818181818181819,0.9959128065395095,0.6266660797909371,74.38
245,瑞幸咖啡(近江时代大厦店),上城区,餐饮服务;咖啡厅;咖啡厅,4.2,13,1.5914773630977952,0.6818181818181819,0.9959128065395095,0.6266660797909371,74.38
246,爷爷不泡茶NOYEYENOTEA(杭州砂之船奥特莱斯店),上城区,餐饮服务;冷饮店;冷饮店,4.2,13,1.5914773630977952,0.6818181818181819,0.9959128065395095,0.6266660797909371,74.38
247,爷爷不泡茶NOYEYENOTEA(杭州中纺中心服装城店),上城区,餐饮服务;冷饮店;冷饮店,4.2,13,1.5914773630977952,0.6818181818181819,0.9959128065395095,0.6266660797909371,74.38
248,老地方川菜(元成东盛家园店),钱塘区,餐饮服务;中餐厅;四川菜(川菜),4.7,67,1.1138740176334954,0.909090909090909,0.9591280653950953,0.31525083866801223,74.34
249,幺妹鱼庄(明星路店),萧山区,餐饮服务;中餐厅;海鲜酒楼,4.7,67,1.1138740176334954,0.909090909090909,0.9591280653950953,0.31525083866801223,74.34
250,何小姐鲜牛肉火锅(通惠中路店),萧山区,购物服务;服装鞋帽皮具店;服装鞋帽皮具店|餐饮服务;餐饮相关场所;餐饮相关,4.7,67,1.1138740176334954,0.909090909090909,0.9591280653950953,0.31525083866801223,74.34
251,喜茶(杭州新塘世纪联华店),上城区,餐饮服务;冷饮店;冷饮店,4.3,17,1.4876979019231324,0.7272727272727271,0.9931880108991825,0.5589979902931625,74.33
252,四季大树底衢州菜(四季青店),上城区,餐饮服务;餐饮相关场所;餐饮相关,4.7,68,1.1100334851985627,0.909090909090909,0.9584468664850136,0.31274666790450495,74.25
253,東大方(杭州奥体中心店),萧山区,餐饮服务;中餐厅;中餐厅,4.7,68,1.1100334851985627,0.909090909090909,0.9584468664850136,0.31274666790450495,74.25
254,東大方(杭州金沙湖店),钱塘区,餐饮服务;餐饮相关场所;餐饮相关,4.7,68,1.1100334851985627,0.909090909090909,0.9584468664850136,0.31274666790450495,74.25
255,東大方(杭州延安路店),拱墅区,餐饮服务;中餐厅;中餐厅,4.7,68,1.1100334851985627,0.909090909090909,0.9584468664850136,0.31274666790450495,74.25
256,一席地·本地鸡窝(邮电路店),上城区,餐饮服务;中餐厅;火锅店,4.7,68,1.1100334851985627,0.909090909090909,0.9584468664850136,0.31274666790450495,74.25
257,東大方(杭州西城新座店),西湖区,餐饮服务;中餐厅;浙江菜,4.7,68,1.1100334851985627,0.909090909090909,0.9584468664850136,0.31274666790450495,74.25
258,東大方(华瑞汇金中心店),萧山区,餐饮服务;中餐厅;浙江菜,4.7,68,1.1100334851985627,0.909090909090909,0.9584468664850136,0.31274666790450495,74.25
259,東大方(临平东湖路店),临平区,餐饮服务;餐饮相关场所;餐饮相关,4.7,68,1.1100334851985627,0.909090909090909,0.9584468664850136,0.31274666790450495,74.25
260,東大方(杭州紫金梦想店),西湖区,餐饮服务;中餐厅;中餐厅,4.7,68,1.1100334851985627,0.909090909090909,0.9584468664850136,0.31274666790450495,74.25
261,東大方(杭州世纪城开元店),萧山区,餐饮服务;中餐厅;中餐厅,4.7,68,1.1100334851985627,0.909090909090909,0.9584468664850136,0.31274666790450495,74.25
262,川霸川菜,钱塘区,餐饮服务;中餐厅;四川菜(川菜)|餐饮服务;中餐厅;火锅店,4.7,68,1.1100334851985627,0.909090909090909,0.9584468664850136,0.31274666790450495,74.25
263,朱欢喜老火锅(高沙店),钱塘区,餐饮服务;中餐厅;火锅店,4.7,68,1.1100334851985627,0.909090909090909,0.9584468664850136,0.31274666790450495,74.25
264,十昌老火锅,萧山区,餐饮服务;中餐厅;火锅店,4.7,68,1.1100334851985627,0.909090909090909,0.9584468664850136,0.31274666790450495,74.25
265,锅美丽水煮鱼(龙湖杭州滨江天街店),滨江区,餐饮服务;中餐厅;中餐厅,4.7,68,1.1100334851985627,0.909090909090909,0.9584468664850136,0.31274666790450495,74.25
266,湘辣湘食·湘菜馆(市心北路店),萧山区,餐饮服务;中餐厅;湖南菜(湘菜),4.7,68,1.1100334851985627,0.909090909090909,0.9584468664850136,0.31274666790450495,74.25
267,徽姐姐徽菜·臭鳜鱼(海蓝·天行国际店),拱墅区,餐饮服务;中餐厅;安徽菜(徽菜),4.7,68,1.1100334851985627,0.909090909090909,0.9584468664850136,0.31274666790450495,74.25
268,忆味东北美食体验基地,临平区,餐饮服务;中餐厅;中餐厅,4.7,68,1.1100334851985627,0.909090909090909,0.9584468664850136,0.31274666790450495,74.25
269,小牛滚滚贵州黄牛肉火锅(萧山博地中心店),萧山区,餐饮服务;中餐厅;火锅店,4.7,68,1.1100334851985627,0.909090909090909,0.9584468664850136,0.31274666790450495,74.25
270,星期八咖啡馆·日咖夜酒(之江店),上城区,餐饮服务;咖啡厅;咖啡厅|生活服务;生活服务场所;生活服务场所,4.7,68,1.1100334851985627,0.909090909090909,0.9584468664850136,0.31274666790450495,74.25
271,麦当劳(庆春路餐厅),上城区,餐饮服务;快餐厅;麦当劳,4.4,23,1.3844951139541495,0.7727272727272727,0.989100817438692,0.4917059132900687,74.25
272,椿芽·鲜牛肉杭州拌川(杭州万象城店),上城区,餐饮服务;餐饮相关场所;餐饮相关,4.6,46,1.194759389992449,0.8636363636363635,0.973433242506812,0.3679911261381383,74.24
273,食局东北菜,西湖区,餐饮服务;中餐厅;东北菜,4.6,46,1.194759389992449,0.8636363636363635,0.973433242506812,0.3679911261381383,74.24
274,麦当劳(悦坊商场店),上城区,餐饮服务;餐饮相关场所;餐饮相关,4.5,32,1.2869985037620346,0.8181818181818181,0.9829700272479565,0.428134477578853,74.24
275,麦当劳(杭州城投大厦店),上城区,餐饮服务;快餐厅;麦当劳,4.5,32,1.2869985037620346,0.8181818181818181,0.9829700272479565,0.428134477578853,74.24
276,麦当劳(西湖文化广场店),拱墅区,餐饮服务;快餐厅;麦当劳,4.5,32,1.2869985037620346,0.8181818181818181,0.9829700272479565,0.428134477578853,74.24
277,肯德基(中赢国际店),滨江区,餐饮服务;快餐厅;肯德基,4.5,32,1.2869985037620346,0.8181818181818181,0.9829700272479565,0.428134477578853,74.24
278,肯德基(杭州复兴店),上城区,餐饮服务;快餐厅;肯德基,4.5,32,1.2869985037620346,0.8181818181818181,0.9829700272479565,0.428134477578853,74.24
279,麦当劳(杭州拱墅区和平大厦),拱墅区,餐饮服务;快餐厅;麦当劳,4.5,32,1.2869985037620346,0.8181818181818181,0.9829700272479565,0.428134477578853,74.24
280,东北杨光?碳烤鲜牛肉(天虹店),上城区,餐饮服务;中餐厅;中餐厅,4.7,69,1.1062740410962182,0.909090909090909,0.9577656675749319,0.31029536976612687,74.16
281,川味泡菜馆(黄姑山路店),西湖区,餐饮服务;中餐厅;四川菜(川菜),4.7,69,1.1062740410962182,0.909090909090909,0.9577656675749319,0.31029536976612687,74.16
282,小湘厨滨康店,滨江区,餐饮服务;中餐厅;中餐厅,4.7,69,1.1062740410962182,0.909090909090909,0.9577656675749319,0.31029536976612687,74.16
283,郭包又东北菜(北软中天园店),拱墅区,餐饮服务;中餐厅;东北菜,4.7,69,1.1062740410962182,0.909090909090909,0.9577656675749319,0.31029536976612687,74.16
284,野火烧烤·东北菜,上城区,餐饮服务;中餐厅;中餐厅,4.7,69,1.1062740410962182,0.909090909090909,0.9577656675749319,0.31029536976612687,74.16
285,穆羊客清真火锅烤肉一体,上城区,餐饮服务;中餐厅;清真菜馆,4.7,69,1.1062740410962182,0.909090909090909,0.9577656675749319,0.31029536976612687,74.16
286,炉上牛肉档·牛肉粿条·牛腩饭·火锅(萧山嘉润公馆店),萧山区,餐饮服务;中餐厅;火锅店,4.6,47,1.1882617273137122,0.8636363636363635,0.9727520435967303,0.3637544070928244,74.1
287,粤蒸倌·瑶姐古法干蒸菜(滨江店),滨江区,餐饮服务;中餐厅;中餐厅,4.6,47,1.1882617273137122,0.8636363636363635,0.9727520435967303,0.3637544070928244,74.1
288,大俺徽地锅鸡(星荟广场店),滨江区,餐饮服务;中餐厅;中餐厅,4.6,47,1.1882617273137122,0.8636363636363635,0.9727520435967303,0.3637544070928244,74.1
289,南田云米·传统菊花过桥米线,西湖区,餐饮服务;快餐厅;快餐厅,4.6,47,1.1882617273137122,0.8636363636363635,0.9727520435967303,0.3637544070928244,74.1
290,靓靓蒸虾·鲜鱼杂王·鲜货烧烤(武林广场店),拱墅区,餐饮服务;中餐厅;海鲜酒楼,4.8,105,1.0292833042593719,0.9545454545454544,0.9332425068119891,0.26009453029551993,74.09
291,渝妹重庆火锅,余杭区,餐饮服务;中餐厅;火锅店,4.7,70,1.1025927668915698,0.909090909090909,0.9570844686648501,0.30789504132419415,74.07
292,piccolo披萨店,上城区,餐饮服务;快餐厅;快餐厅,4.7,70,1.1025927668915698,0.909090909090909,0.9570844686648501,0.30789504132419415,74.07
293,肯德基(庆春店),拱墅区,餐饮服务;快餐厅;肯德基,4.5,33,1.2761032142310003,0.8181818181818181,0.9822888283378747,0.42103034137747714,74.01
294,麦当劳(三花国际大厦店),上城区,餐饮服务;快餐厅;快餐厅,4.5,33,1.2761032142310003,0.8181818181818181,0.9822888283378747,0.42103034137747714,74.01
295,衢八鲜?开化山水菜,上城区,餐饮服务;中餐厅;浙江菜,4.7,71,1.0989868905364402,0.909090909090909,0.9564032697547684,0.30554387509963493,73.99
296,柴米夫妻四川自贡盐帮菜(新塘店),上城区,餐饮服务;中餐厅;四川菜(川菜),4.7,71,1.0989868905364402,0.909090909090909,0.9564032697547684,0.30554387509963493,73.99
297,857铁锅炖 东北饭儿,上城区,餐饮服务;中餐厅;中餐厅,4.7,71,1.0989868905364402,0.909090909090909,0.9564032697547684,0.30554387509963493,73.99
298,郭包又东北菜(西兴店),滨江区,餐饮服务;中餐厅;中餐厅,4.7,71,1.0989868905364402,0.909090909090909,0.9564032697547684,0.30554387509963493,73.99
299,锦遇·唐风宋韵灶台鱼里·正宗淳牌鱼,淳安县,餐饮服务;中餐厅;中餐厅,4.7,71,1.0989868905364402,0.909090909090909,0.9564032697547684,0.30554387509963493,73.99
300,超火锅(滨江店),滨江区,餐饮服务;餐饮相关场所;餐饮相关,4.8,107,1.0251741711537152,0.9545454545454544,0.9318801089918256,0.25741522185043303,73.97
301,粤蒸倌·瑶姐古法干蒸菜(钱塘高沙店),钱塘区,餐饮服务;中餐厅;中餐厅,4.6,48,1.1819661874504266,0.8636363636363635,0.9720708446866485,0.35964947968152633,73.95
302,小苏哥·湘菜(杭行荟店),余杭区,餐饮服务;中餐厅;湖南菜(湘菜),4.6,48,1.1819661874504266,0.8636363636363635,0.9720708446866485,0.35964947968152633,73.95
303,黄龙海鲜大排档(杭州总店),西湖区,餐饮服务;中餐厅;海鲜酒楼,4.9,160,0.964300348495289,1.0000000000000002,0.8957765667574932,0.2177232131128916,73.93
304,小树林老成都火锅串串香·盖碗茶(宠物友好店),滨江区,餐饮服务;中餐厅;火锅店,4.7,72,1.0954537770299935,0.909090909090909,0.9557220708446866,0.303240152973369,73.9
305,正哥点心专家(国大广场店),拱墅区,餐饮服务;餐饮相关场所;餐饮相关,4.7,72,1.0954537770299935,0.909090909090909,0.9557220708446866,0.303240152973369,73.9
306,东北一锅香(丰谭路城西店),西湖区,餐饮服务;中餐厅;东北菜,4.7,72,1.0954537770299935,0.909090909090909,0.9557220708446866,0.303240152973369,73.9
307,幸会东北烤肉,滨江区,餐饮服务;中餐厅;中餐厅,4.7,72,1.0954537770299935,0.909090909090909,0.9557220708446866,0.303240152973369,73.9
308,蜜雪冰城(观音塘店),上城区,餐饮服务;冷饮店;冷饮店,3.9,7,1.8755035531556525,0.5454545454545454,1.0,0.8118617768104106,73.9
309,蜜雪冰城(昆龙美食城店),上城区,餐饮服务;冷饮店;冷饮店,3.9,7,1.8755035531556525,0.5454545454545454,1.0,0.8118617768104106,73.9
310,麦当劳(四季青中国服装第一街店),上城区,餐饮服务;快餐厅;麦当劳,4.4,24,1.3669368560311461,0.7727272727272727,0.9884196185286104,0.4802572725367779,73.89
311,麦当劳(涌金餐厅),上城区,餐饮服务;快餐厅;麦当劳,4.4,24,1.3669368560311461,0.7727272727272727,0.9884196185286104,0.4802572725367779,73.89
312,老纪蚝宅(爱橙街店),余杭区,餐饮服务;中餐厅;海鲜酒楼,4.8,109,1.021172226339213,0.9545454545454544,0.9305177111716622,0.25480580417946314,73.86
313,元气考拉·湖南小炒,萧山区,餐饮服务;中餐厅;湖南菜(湘菜),4.6,49,1.1758622057225245,0.8636363636363635,0.9713896457765667,0.3556694553377759,73.82
314,喜贡·爆炒新桥三嫩(联合中心店),萧山区,餐饮服务;中餐厅;特色/地方风味餐厅,4.6,49,1.1758622057225245,0.8636363636363635,0.9713896457765667,0.3556694553377759,73.82
315,骨里香饺子居(萧清大道店),萧山区,餐饮服务;中餐厅;特色/地方风味餐厅,4.6,49,1.1758622057225245,0.8636363636363635,0.9713896457765667,0.3556694553377759,73.82
316,马丫·东北饭儿(中豪江河时代店),上城区,餐饮服务;中餐厅;中餐厅,4.7,73,1.0919909197983517,0.909090909090909,0.9550408719346049,0.300982240565495,73.81
317,川婆婆酸菜鱼(市心中路店),萧山区,餐饮服务;中餐厅;中餐厅,4.7,73,1.0919909197983517,0.909090909090909,0.9550408719346049,0.300982240565495,73.81
318,大俺徽地锅鸡(转塘象山国际店),西湖区,餐饮服务;中餐厅;中餐厅,4.7,73,1.0919909197983517,0.909090909090909,0.9550408719346049,0.300982240565495,73.81
319,tea'stone喝好茶的店(杭州万象城店),上城区,餐饮服务;冷饮店;冷饮店,4.7,73,1.0919909197983517,0.909090909090909,0.9550408719346049,0.300982240565495,73.81
320,肯德基(新塘世纪联华店),上城区,餐饮服务;快餐厅;肯德基,4.5,34,1.2656988632822777,0.8181818181818181,0.9816076294277929,0.41424631549031726,73.79
321,山崎家Curry咖喱食堂(奥体银泰店),滨江区,餐饮服务;外国餐厅;日本料理,4.5,34,1.2656988632822777,0.8181818181818181,0.9816076294277929,0.41424631549031726,73.79
322,陆八仙·药果制茶·养生特饮(高德置地店),上城区,餐饮服务;休闲餐饮场所;休闲餐饮场所,4.3,18,1.460380069148967,0.7272727272727271,0.9925068119891008,0.5411857417795927,73.78
323,树夏(天虹购物中心店),上城区,购物服务;服装鞋帽皮具店;品牌服装店|餐饮服务;冷饮店;冷饮店,4.3,18,1.460380069148967,0.7272727272727271,0.9925068119891008,0.5411857417795927,73.78
324,幸福侯彩擂(南肖埠社区店),上城区,餐饮服务;冷饮店;冷饮店,4.3,18,1.460380069148967,0.7272727272727271,0.9925068119891008,0.5411857417795927,73.78
325,东京烧肉Itimaru(屏风街店),拱墅区,餐饮服务;外国餐厅;日本料理,4.9,165,0.9585312412444758,1.0000000000000002,0.8923705722070845,0.2139615394507663,73.73
326,西北羊肉馆羊蝎子火锅烧烤(万邦大楼店),上城区,餐饮服务;中餐厅;火锅店|餐饮服务;中餐厅;西北菜,4.7,74,1.0885959327286687,0.909090909090909,0.9543596730245232,0.298768582041209,73.73
327,贰姐川菜,西湖区,餐饮服务;餐饮相关场所;餐饮相关,4.7,74,1.0885959327286687,0.909090909090909,0.9543596730245232,0.298768582041209,73.73
328,晚酒·阿英川菜馆(奥体金帝店),萧山区,餐饮服务;中餐厅;四川菜(川菜),4.7,74,1.0885959327286687,0.909090909090909,0.9543596730245232,0.298768582041209,73.73
329,大俺徽地锅鸡(绿都百瑞店),萧山区,餐饮服务;中餐厅;中餐厅,4.7,74,1.0885959327286687,0.909090909090909,0.9543596730245232,0.298768582041209,73.73
330,凯旋烧烤(凯旋路),上城区,餐饮服务;中餐厅;特色/地方风味餐厅,4.7,74,1.0885959327286687,0.909090909090909,0.9543596730245232,0.298768582041209,73.73
331,江南宴宴会中心,临平区,餐饮服务;中餐厅;中餐厅,4.7,74,1.0885959327286687,0.909090909090909,0.9543596730245232,0.298768582041209,73.73
332,李白图书馆餐厅?杭帮菜名店(西溪湿地店),余杭区,餐饮服务;中餐厅;中餐厅,4.8,112,1.0153598951624487,0.9545454545454544,0.9284741144414169,0.2510159469012678,73.7
333,老谢潮州菜(香积寺路店),拱墅区,餐饮服务;中餐厅;潮州菜,4.8,112,1.0153598951624487,0.9545454545454544,0.9284741144414169,0.2510159469012678,73.7
334,乔村二十八道(钱江世纪城店),萧山区,餐饮服务;中餐厅;中餐厅,4.9,166,0.9574063939100745,1.0000000000000002,0.8916893732970027,0.21322809692529882,73.69
335,椿芽·鲜牛肉杭州拌川(杭州鼓楼店),上城区,餐饮服务;中餐厅;浙江菜,4.6,50,1.1699399794625944,0.8636363636363635,0.970708446866485,0.35180794235585205,73.69
336,西月楼·杭帮菜(河坊街店),上城区,餐饮服务;中餐厅;浙江菜,4.6,50,1.1699399794625944,0.8636363636363635,0.970708446866485,0.35180794235585205,73.69
337,大苑丰炝锅鱼,滨江区,餐饮服务;中餐厅;中餐厅,4.6,50,1.1699399794625944,0.8636363636363635,0.970708446866485,0.35180794235585205,73.69
338,粤蒸倌瑶姐古法干蒸菜(德胜路店),拱墅区,餐饮服务;中餐厅;广东菜(粤菜),4.6,50,1.1699399794625944,0.8636363636363635,0.970708446866485,0.35180794235585205,73.69
339,妙手菜湘.长沙菜(杭州首店),拱墅区,餐饮服务;中餐厅;湖南菜(湘菜),4.6,50,1.1699399794625944,0.8636363636363635,0.970708446866485,0.35180794235585205,73.69
340,大嘴巴湘菜馆·干煸小龙虾(钱江世纪城店),萧山区,餐饮服务;中餐厅;湖南菜(湘菜),4.6,50,1.1699399794625944,0.8636363636363635,0.970708446866485,0.35180794235585205,73.69
341,大嘴巴湘菜馆·干煸小龙虾(杭州彩虹城店),滨江区,餐饮服务;中餐厅;湖南菜(湘菜),4.6,50,1.1699399794625944,0.8636363636363635,0.970708446866485,0.35180794235585205,73.69
342,梦幻烤房·BURGER·BBQ,上城区,餐饮服务;快餐厅;快餐厅,4.6,50,1.1699399794625944,0.8636363636363635,0.970708446866485,0.35180794235585205,73.69
343,麺屋猪一(左右世界店),萧山区,餐饮服务;餐饮相关场所;餐饮相关,4.6,50,1.1699399794625944,0.8636363636363635,0.970708446866485,0.35180794235585205,73.69
344,碳二鹤岗小串(景芳店),上城区,餐饮服务;中餐厅;中餐厅,4.7,75,1.0852665427997132,0.909090909090909,0.9536784741144414,0.2965976953056691,73.65
345,周姐焦烤鸡架·东北烧烤夜宵(朝龙汇店),萧山区,餐饮服务;餐饮相关场所;餐饮相关,4.7,75,1.0852665427997132,0.909090909090909,0.9536784741144414,0.2965976953056691,73.65
346,桐湾大院·桐庐菜·夜宵烧烤(滨康路店),萧山区,餐饮服务;餐饮相关场所;餐饮相关,4.7,75,1.0852665427997132,0.909090909090909,0.9536784741144414,0.2965976953056691,73.65
347,石灰石烧鸡公(嘉里中心店),拱墅区,餐饮服务;中餐厅;中餐厅,4.7,75,1.0852665427997132,0.909090909090909,0.9536784741144414,0.2965976953056691,73.65
348,垚合牛府黄牛肉火锅(合生国贸中心店),西湖区,餐饮服务;中餐厅;火锅店,4.7,75,1.0852665427997132,0.909090909090909,0.9536784741144414,0.2965976953056691,73.65
349,郭淑芬鲜切牛肉自助老火锅(钱江世纪城店),萧山区,餐饮服务;中餐厅;火锅店,4.7,75,1.0852665427997132,0.909090909090909,0.9536784741144414,0.2965976953056691,73.65
350,洪星渔庄·临平菜(星万里店),临平区,餐饮服务;中餐厅;浙江菜,4.7,75,1.0852665427997132,0.909090909090909,0.9536784741144414,0.2965976953056691,73.65
351,東大方(杭州潮王路店),拱墅区,餐饮服务;餐饮相关场所;餐饮相关,4.7,76,1.0820005832568607,0.909090909090909,0.9529972752043596,0.2944681675538348,73.57
352,摆笼酸菜鱼庄·精品川菜(拱秀路店),萧山区,餐饮服务;中餐厅;四川菜(川菜),4.7,76,1.0820005832568607,0.909090909090909,0.9529972752043596,0.2944681675538348,73.57
353,马丫东北饭儿(江南大道店),滨江区,餐饮服务;中餐厅;东北菜,4.7,76,1.0820005832568607,0.909090909090909,0.9529972752043596,0.2944681675538348,73.57
354,麦当劳(钱江新城迪凯银座),上城区,餐饮服务;快餐厅;麦当劳,4.5,35,1.2557489097403063,0.8181818181818181,0.9809264305177112,0.40775857370445795,73.57
355,酉今·台粤小食堂(RESIMPLE萧山万象汇店),萧山区,餐饮服务;中餐厅;中餐厅,4.5,35,1.2557489097403063,0.8181818181818181,0.9809264305177112,0.40775857370445795,73.57
356,原香木桶饭川湘菜馆(萧山万象汇店),萧山区,餐饮服务;中餐厅;中餐厅,4.5,35,1.2557489097403063,0.8181818181818181,0.9809264305177112,0.40775857370445795,73.57
357,舟山海鲜烧烤(杭州总店),上城区,餐饮服务;中餐厅;海鲜酒楼|餐饮服务;中餐厅;火锅店,4.5,35,1.2557489097403063,0.8181818181818181,0.9809264305177112,0.40775857370445795,73.57
358,肯德基(星光店),滨江区,餐饮服务;快餐厅;肯德基,4.5,35,1.2557489097403063,0.8181818181818181,0.9809264305177112,0.40775857370445795,73.57
359,肯德基(杭州武林服饰城店),拱墅区,餐饮服务;快餐厅;肯德基,4.5,35,1.2557489097403063,0.8181818181818181,0.9809264305177112,0.40775857370445795,73.57
360,沪上阿姨·精选茶饮(杭州四季青服饰城店),上城区,餐饮服务;冷饮店;冷饮店,4.2,14,1.5509313668891913,0.6818181818181819,0.9952316076294278,0.6002285740536257,73.57
361,陈文鼎(上城太平门直街店),上城区,餐饮服务;冷饮店;冷饮店,4.2,14,1.5509313668891913,0.6818181818181819,0.9952316076294278,0.6002285740536257,73.57
362,外婆家(杭州望江店),上城区,餐饮服务;中餐厅;浙江菜,4.6,51,1.1641903986756574,0.8636363636363635,0.9700272479564033,0.3480590006783622,73.56
363,川湘馆(邮电路店),上城区,餐饮服务;中餐厅;四川菜(川菜),4.6,51,1.1641903986756574,0.8636363636363635,0.9700272479564033,0.3480590006783622,73.56
364,湘小妹·湘菜馆(钱江世纪城店),萧山区,餐饮服务;中餐厅;湖南菜(湘菜),4.6,51,1.1641903986756574,0.8636363636363635,0.9700272479564033,0.3480590006783622,73.56
365,福锅记(铁锅炖&东北菜),滨江区,餐饮服务;中餐厅;中餐厅,4.6,51,1.1641903986756574,0.8636363636363635,0.9700272479564033,0.3480590006783622,73.56
366,咱家水饺(采荷店),上城区,餐饮服务;餐饮相关场所;餐饮相关,4.6,51,1.1641903986756574,0.8636363636363635,0.9700272479564033,0.3480590006783622,73.56
367,麦当劳(地铁沈塘桥A口餐厅),拱墅区,餐饮服务;快餐厅;麦当劳,4.4,25,1.3504817762925934,0.7727272727272727,0.9877384196185286,0.4695279452128733,73.55
368,兴玉·东北烧烤火锅(新塘店),上城区,餐饮服务;中餐厅;东北菜|餐饮服务;中餐厅;火锅店,4.7,77,1.0787959872845703,0.909090909090909,0.952316076294278,0.29237865114468525,73.49
369,费大厨辣椒炒肉(西溪天街店),西湖区,餐饮服务;中餐厅;中餐厅,4.7,77,1.0787959872845703,0.909090909090909,0.952316076294278,0.29237865114468525,73.49
370,小牛滚滚贵州黄牛肉火锅(通策广场店),滨江区,餐饮服务;中餐厅;火锅店,4.7,77,1.0787959872845703,0.909090909090909,0.952316076294278,0.29237865114468525,73.49
371,宴湖小馆,西湖区,餐饮服务;中餐厅;中餐厅,4.6,52,1.1586049842578183,0.8636363636363635,0.9693460490463215,0.3444171016124921,73.43
372,外屋地东北菜,拱墅区,餐饮服务;中餐厅;中餐厅,4.6,52,1.1586049842578183,0.8636363636363635,0.9693460490463215,0.3444171016124921,73.43
373,东北印象餐厅(莫干山路店),西湖区,餐饮服务;中餐厅;特色/地方风味餐厅|餐饮服务;中餐厅;东北菜,4.6,52,1.1586049842578183,0.8636363636363635,0.9693460490463215,0.3444171016124921,73.43
374,小巷酒家(云水苑店),钱塘区,餐饮服务;中餐厅;中餐厅,4.6,52,1.1586049842578183,0.8636363636363635,0.9693460490463215,0.3444171016124921,73.43
375,萨莉亚意式餐厅(龙湖杭州金沙天街店),钱塘区,餐饮服务;外国餐厅;意式菜品餐厅,4.6,52,1.1586049842578183,0.8636363636363635,0.9693460490463215,0.3444171016124921,73.43
376,王道小乐惠,滨江区,餐饮服务;中餐厅;中餐厅,4.7,78,1.075650782134028,0.909090909090909,0.9516348773841962,0.29032785977222325,73.41
377,城子岭铁锅炖,萧山区,餐饮服务;中餐厅;中餐厅,4.7,78,1.075650782134028,0.909090909090909,0.9516348773841962,0.29032785977222325,73.41
378,小牛滚滚贵州黄牛肉火锅(国芳天街店),上城区,餐饮服务;中餐厅;火锅店,4.7,78,1.075650782134028,0.909090909090909,0.9516348773841962,0.29032785977222325,73.41
379,今晚食乜餸海鲜大排档,拱墅区,餐饮服务;中餐厅;海鲜酒楼,4.8,118,1.0043682710686512,0.9545454545454544,0.9243869209809265,0.24384899696255896,73.38
380,肯德基(杭州湖滨店),上城区,餐饮服务;快餐厅;肯德基,4.5,36,1.2462205203398582,0.8181818181818181,0.9802452316076294,0.40154570750317736,73.37
381,瓷·忆赣菜中心(杭州),上城区,餐饮服务;中餐厅;中餐厅,4.8,119,1.0026126953089396,0.9545454545454544,0.9237057220708447,0.24270429591782766,73.33
382,开化食府(新塘路店)(暂停营业),上城区,餐饮服务;中餐厅;中餐厅,4.7,79,1.072563083667743,0.909090909090909,0.9509536784741145,0.28831456490834767,73.33
383,玖十八烤鱼酒馆·龙虾·烧烤(芳塘店),上城区,餐饮服务;餐饮相关场所;餐饮相关,4.7,79,1.072563083667743,0.909090909090909,0.9509536784741145,0.28831456490834767,73.33
384,四灶儿·地道杭帮菜(西湖景区·吴山广场店),上城区,餐饮服务;中餐厅;中餐厅,4.7,79,1.072563083667743,0.909090909090909,0.9509536784741145,0.28831456490834767,73.33
385,四灶儿·地道杭帮菜(和平德信店),拱墅区,餐饮服务;中餐厅;中餐厅,4.7,79,1.072563083667743,0.909090909090909,0.9509536784741145,0.28831456490834767,73.33
386,蔡奋斗·老火锅(杭州首店),上城区,餐饮服务;中餐厅;火锅店,4.7,79,1.072563083667743,0.909090909090909,0.9509536784741145,0.28831456490834767,73.33
387,幺妹鱼庄(元成时代广场店),钱塘区,餐饮服务;中餐厅;四川菜(川菜),4.7,79,1.072563083667743,0.909090909090909,0.9509536784741145,0.28831456490834767,73.33
388,渔你湘约(杭州粮贸大厦店),拱墅区,餐饮服务;中餐厅;湖南菜(湘菜),4.6,53,1.1531758328193855,0.8636363636363635,0.9686648501362398,0.34087709185261744,73.31
389,海底捞火锅(杭州天虹购物中心店),上城区,餐饮服务;中餐厅;火锅店,4.8,120,1.0008777394181911,0.9545454545454544,0.923024523160763,0.24157303979873607,73.28
390,藏鲜工坊(庆春店),上城区,餐饮服务;中餐厅;海鲜酒楼,4.8,120,1.0008777394181911,0.9545454545454544,0.923024523160763,0.24157303979873607,73.28
391,郑阿公顺德鸡煲饭双皮奶(萧山店),萧山区,餐饮服务;中餐厅;中餐厅,4.8,120,1.0008777394181911,0.9545454545454544,0.923024523160763,0.24157303979873607,73.28
392,海底捞火锅(杭州萧山归谷中心店),萧山区,餐饮服务;中餐厅;火锅店,4.8,120,1.0008777394181911,0.9545454545454544,0.923024523160763,0.24157303979873607,73.28
393,海底捞火锅(杭州萧山银隆百货店),萧山区,餐饮服务;中餐厅;火锅店,4.8,120,1.0008777394181911,0.9545454545454544,0.923024523160763,0.24157303979873607,73.28
394,海底捞火锅(杭州萧山金城路店),萧山区,餐饮服务;中餐厅;火锅店,4.8,120,1.0008777394181911,0.9545454545454544,0.923024523160763,0.24157303979873607,73.28
395,海底捞火锅(杭州滨江中南乐游城店),滨江区,餐饮服务;中餐厅;火锅店,4.8,120,1.0008777394181911,0.9545454545454544,0.923024523160763,0.24157303979873607,73.28
396,海底捞火锅(桐庐书香同城店),桐庐县,餐饮服务;中餐厅;火锅店,4.8,120,1.0008777394181911,0.9545454545454544,0.923024523160763,0.24157303979873607,73.28
397,海底捞火锅(下沙银泰百货店),钱塘区,餐饮服务;中餐厅;火锅店,4.8,120,1.0008777394181911,0.9545454545454544,0.923024523160763,0.24157303979873607,73.28
398,柒房里·鸡汤火锅·云南烤肉(滨江店),滨江区,餐饮服务;中餐厅;火锅店,4.8,120,1.0008777394181911,0.9545454545454544,0.923024523160763,0.24157303979873607,73.28
399,乔街深夜食堂(杭州总店),滨江区,餐饮服务;中餐厅;中餐厅,4.8,120,1.0008777394181911,0.9545454545454544,0.923024523160763,0.24157303979873607,73.28
400,乔街深夜食堂(滨江银泰店),滨江区,餐饮服务;餐饮相关场所;餐饮相关,4.8,120,1.0008777394181911,0.9545454545454544,0.923024523160763,0.24157303979873607,73.28
401,茶百道(太平门直街店),上城区,餐饮服务;冷饮店;冷饮店,4.3,19,1.4353752629899363,0.7272727272727271,0.9918256130790191,0.5248816731142516,73.27
402,躲姨家火锅,滨江区,餐饮服务;中餐厅;火锅店,4.7,80,1.069531091286534,0.909090909090909,0.9502724795640327,0.28633759249505947,73.26
403,摆笼酸菜鱼庄·精品川菜(荣星名座店),萧山区,餐饮服务;中餐厅;中餐厅,4.7,80,1.069531091286534,0.909090909090909,0.9502724795640327,0.28633759249505947,73.26
404,川味观(凤起店),拱墅区,餐饮服务;中餐厅;火锅店|餐饮服务;中餐厅;四川菜(川菜),4.7,80,1.069531091286534,0.909090909090909,0.9502724795640327,0.28633759249505947,73.26
405,巴渝川菜(秋涛路店),上城区,餐饮服务;中餐厅;中餐厅,4.7,80,1.069531091286534,0.909090909090909,0.9502724795640327,0.28633759249505947,73.26
406,付小姐在成都(滨江店),滨江区,餐饮服务;中餐厅;火锅店,4.7,80,1.069531091286534,0.909090909090909,0.9502724795640327,0.28633759249505947,73.26
407,吃饭皇帝大·土家民族菜(龙湖天街店),滨江区,餐饮服务;中餐厅;中餐厅,4.7,80,1.069531091286534,0.909090909090909,0.9502724795640327,0.28633759249505947,73.26
408,吃饭皇帝大·土家民族菜(城西银泰城店),拱墅区,餐饮服务;中餐厅;湖南菜(湘菜),4.7,80,1.069531091286534,0.909090909090909,0.9502724795640327,0.28633759249505947,73.26
409,吃饭皇帝大·土家民族菜(龙湖下沙天街店),钱塘区,餐饮服务;中餐厅;中餐厅,4.7,80,1.069531091286534,0.909090909090909,0.9502724795640327,0.28633759249505947,73.26
410,吃饭皇帝大·土家民族菜(西溪印象城A座店),余杭区,餐饮服务;中餐厅;中餐厅,4.7,80,1.069531091286534,0.909090909090909,0.9502724795640327,0.28633759249505947,73.26
411,兴玉东北烧烤东北菜(新时代陶瓷店),西湖区,餐饮服务;中餐厅;东北菜,4.7,80,1.069531091286534,0.909090909090909,0.9502724795640327,0.28633759249505947,73.26
412,宽马记·热鲜牛肉海鲜火锅(余杭店),余杭区,餐饮服务;餐饮相关场所;餐饮相关,4.7,80,1.069531091286534,0.909090909090909,0.9502724795640327,0.28633759249505947,73.26
413,小满烧鸟·居酒屋(杭州之翼店),上城区,餐饮服务;外国餐厅;日本料理,4.7,80,1.069531091286534,0.909090909090909,0.9502724795640327,0.28633759249505947,73.26
414,火柚星球·农场餐厅,西湖区,餐饮服务;外国餐厅;西餐厅(综合风味),4.7,80,1.069531091286534,0.909090909090909,0.9502724795640327,0.28633759249505947,73.26
415,麦当劳(杭州滨江星光大道二期),滨江区,餐饮服务;快餐厅;麦当劳,4.4,26,1.3350175323860283,0.7727272727272727,0.9870572207084469,0.4594446799035295,73.23
416,麦当劳(国大城市广场店),拱墅区,餐饮服务;快餐厅;麦当劳,4.4,26,1.3350175323860283,0.7727272727272727,0.9870572207084469,0.4594446799035295,73.23
417,库迪咖啡(杭州市民中心地铁站店),上城区,餐饮服务;咖啡厅;咖啡厅,4.0,9,1.737177927613007,0.5909090909090908,0.9986376021798365,0.7216682962979037,73.21
418,库迪咖啡(钱江国际时代广场店),上城区,餐饮服务;咖啡厅;咖啡厅,4.0,9,1.737177927613007,0.5909090909090908,0.9986376021798365,0.7216682962979037,73.21
419,库迪咖啡(杭州永盈大厦店),上城区,餐饮服务;咖啡厅;咖啡厅,4.0,9,1.737177927613007,0.5909090909090908,0.9986376021798365,0.7216682962979037,73.21
420,库迪咖啡(庆春广场地铁店),上城区,餐饮服务;咖啡厅;咖啡厅,4.0,9,1.737177927613007,0.5909090909090908,0.9986376021798365,0.7216682962979037,73.21
421,王胜利长沙家菜馆(杭州首店),上城区,餐饮服务;中餐厅;中餐厅,4.6,54,1.1478955672943743,0.8636363636363635,0.967983651226158,0.3374341612758521,73.19
422,湘绯·杭城拾佳湘菜(滨江宝龙店),滨江区,餐饮服务;中餐厅;湖南菜(湘菜),4.6,54,1.1478955672943743,0.8636363636363635,0.967983651226158,0.3374341612758521,73.19
423,泉市鲜活牛肉店(太合C区店),拱墅区,餐饮服务;中餐厅;中餐厅,4.8,122,0.9974680198278741,0.9545454545454544,0.9216621253405994,0.2393497751200772,73.18
424,带你去趟佳木斯·非遗烧烤(杭州首店),萧山区,餐饮服务;中餐厅;特色/地方风味餐厅,4.7,81,1.0665530832076082,0.909090909090909,0.9495912806539509,0.284395819865592,73.18
425,永梅衢州菜(刀茅巷店),拱墅区,餐饮服务;中餐厅;中餐厅,4.7,81,1.0665530832076082,0.909090909090909,0.9495912806539509,0.284395819865592,73.18
426,大陈小院,西湖区,餐饮服务;中餐厅;中餐厅|体育休闲服务;体育休闲服务场所;体育休闲服务场所,4.7,81,1.0665530832076082,0.909090909090909,0.9495912806539509,0.284395819865592,73.18
427,舒家大院老火锅(杭州市滨江区宝龙城店),滨江区,餐饮服务;中餐厅;火锅店,4.7,81,1.0665530832076082,0.909090909090909,0.9495912806539509,0.284395819865592,73.18
428,皖北囍阿婆地锅鸡,临安区,餐饮服务;中餐厅;中餐厅,4.5,37,1.2370840998412211,0.8181818181818181,0.9795640326975477,0.3955884196834752,73.17
429,光头龙虾烧烤(信义坊步行街店),拱墅区,餐饮服务;中餐厅;特色/地方风味餐厅,4.8,123,0.9957924520945507,0.9545454545454544,0.9209809264305178,0.23825724230043482,73.13
430,张功馆·地道桐庐菜(钱潮店),上城区,餐饮服务;中餐厅;中餐厅,4.7,82,1.063627412065356,0.909090909090909,0.9489100817438693,0.2824881728759648,73.11
431,旷野听风不想上班(奥体店),萧山区,餐饮服务;餐饮相关场所;餐饮相关,4.7,82,1.063627412065356,0.909090909090909,0.9489100817438693,0.2824881728759648,73.11
432,陈记饭店(八卦新村店),上城区,餐饮服务;中餐厅;浙江菜,4.7,82,1.063627412065356,0.909090909090909,0.9489100817438693,0.2824881728759648,73.11
433,府上家宴·百年浙菜(美上店),西湖区,餐饮服务;中餐厅;中餐厅,4.7,82,1.063627412065356,0.909090909090909,0.9489100817438693,0.2824881728759648,73.11
434,晚酒·阿英川菜馆(一店),拱墅区,餐饮服务;中餐厅;四川菜(川菜),4.7,82,1.063627412065356,0.909090909090909,0.9489100817438693,0.2824881728759648,73.11
435,宴三衢·初味·衢州菜(西湖店),西湖区,餐饮服务;中餐厅;中餐厅,4.7,82,1.063627412065356,0.909090909090909,0.9489100817438693,0.2824881728759648,73.11
436,小牛家村·贵州黄牛肉火锅(梦想小镇店),余杭区,餐饮服务;中餐厅;火锅店,4.7,82,1.063627412065356,0.909090909090909,0.9489100817438693,0.2824881728759648,73.11
437,玖十八烤鱼酒馆·龙虾·烧烤(奥莱金街店),西湖区,餐饮服务;中餐厅;中餐厅,4.7,82,1.063627412065356,0.909090909090909,0.9489100817438693,0.2824881728759648,73.11
438,外婆家(杭州金沙印象城店),钱塘区,餐饮服务;中餐厅;浙江菜|餐饮服务;中餐厅;江苏菜,4.6,55,1.1427572926329579,0.8636363636363635,0.9673024523160763,0.3340838140518702,73.07
439,椿湘现炒下饭菜(紫荆天街店),西湖区,餐饮服务;中餐厅;湖南菜(湘菜),4.6,55,1.1427572926329579,0.8636363636363635,0.9673024523160763,0.3340838140518702,73.07
440,盖饭邦·长沙菜馆(宝港生活广场店),西湖区,餐饮服务;中餐厅;中餐厅,4.6,55,1.1427572926329579,0.8636363636363635,0.9673024523160763,0.3340838140518702,73.07
441,小菜园新徽菜(杭州西湖银泰店),上城区,餐饮服务;中餐厅;中餐厅,4.6,55,1.1427572926329579,0.8636363636363635,0.9673024523160763,0.3340838140518702,73.07
442,小菜园新徽菜(杭州拱墅万达店),拱墅区,餐饮服务;外国餐厅;韩国料理,4.6,55,1.1427572926329579,0.8636363636363635,0.9673024523160763,0.3340838140518702,73.07
443,大俺徽地锅鸡(拱墅宝龙店),拱墅区,餐饮服务;中餐厅;中餐厅,4.6,55,1.1427572926329579,0.8636363636363635,0.9673024523160763,0.3340838140518702,73.07
444,臻艾东北烧烤铁锅炖(九堡家苑店),上城区,餐饮服务;中餐厅;东北菜,4.6,55,1.1427572926329579,0.8636363636363635,0.9673024523160763,0.3340838140518702,73.07
445,18号酒馆(天目里店),西湖区,餐饮服务;外国餐厅;美式风味,4.8,125,0.9924979751698659,0.9545454545454544,0.9196185286103542,0.23610912014924418,73.03
446,成都遇见你·串串吧(萧山店),萧山区,餐饮服务;中餐厅;火锅店,4.7,83,1.0607525008090966,0.909090909090909,0.9482288828337875,0.28061362323016054,73.03
447,赵九记呱呱老火锅(EFC欧美广场店),余杭区,餐饮服务;中餐厅;火锅店,4.7,83,1.0607525008090966,0.909090909090909,0.9482288828337875,0.28061362323016054,73.03
448,马丫东北饭儿(滨江文苑大厦店),滨江区,餐饮服务;中餐厅;中餐厅,4.7,83,1.0607525008090966,0.909090909090909,0.9482288828337875,0.28061362323016054,73.03
449,小杨小黄鱼烧烤.龙虾(中赢康康谷店),滨江区,餐饮服务;中餐厅;中餐厅,4.7,83,1.0607525008090966,0.909090909090909,0.9482288828337875,0.28061362323016054,73.03
450,王繁星面馆(杭州万象城店),上城区,餐饮服务;中餐厅;中餐厅,4.5,38,1.2283128918422883,0.8181818181818181,0.978882833787466,0.38986926407062744,72.99
451,顺德干蒸菜砂锅粥,萧山区,餐饮服务;中餐厅;中餐厅,4.5,38,1.2283128918422883,0.8181818181818181,0.978882833787466,0.38986926407062744,72.99
452,肯德基(杭州断桥店),西湖区,餐饮服务;快餐厅;肯德基,4.5,38,1.2283128918422883,0.8181818181818181,0.978882833787466,0.38986926407062744,72.99
453,广东脆皮鸡煲(滨盛路店),滨江区,餐饮服务;中餐厅;中餐厅,4.7,84,1.057926838874359,0.909090909090909,0.9475476839237057,0.27877118598365686,72.96
454,吃饭皇帝大·土家民族菜(印力汇德隆杭州奥体印象城店),萧山区,餐饮服务;中餐厅;湖南菜(湘菜)|餐饮服务;冷饮店;冷饮店,4.7,84,1.057926838874359,0.909090909090909,0.9475476839237057,0.27877118598365686,72.96
455,潘家东北烧烤火锅,拱墅区,餐饮服务;中餐厅;火锅店,4.7,84,1.057926838874359,0.909090909090909,0.9475476839237057,0.27877118598365686,72.96
456,寿司郎(萧山万象汇店),萧山区,餐饮服务;外国餐厅;日本料理,4.7,84,1.057926838874359,0.909090909090909,0.9475476839237057,0.27877118598365686,72.96
457,NDORA恩哚啦西餐厅,萧山区,餐饮服务;外国餐厅;外国餐厅,4.7,84,1.057926838874359,0.909090909090909,0.9475476839237057,0.27877118598365686,72.96
458,文利小吃店(大学路店),上城区,餐饮服务;中餐厅;中餐厅,4.6,56,1.1377545559702362,0.8636363636363635,0.9666212534059946,0.33082184267145315,72.95
459,大俺徽柴火鸡(江和美海洋生活广场店),上城区,餐饮服务;中餐厅;中餐厅,4.6,56,1.1377545559702362,0.8636363636363635,0.9666212534059946,0.33082184267145315,72.95
460,印象坊餐厅(金街美地店),西湖区,餐饮服务;中餐厅;中餐厅,4.6,56,1.1377545559702362,0.8636363636363635,0.9666212534059946,0.33082184267145315,72.95
461,湘先生米小姐(众安广场店),萧山区,餐饮服务;中餐厅;湖南菜(湘菜),4.6,56,1.1377545559702362,0.8636363636363635,0.9666212534059946,0.33082184267145315,72.95
462,皖北小厨房(滨兴小区西区店),滨江区,餐饮服务;中餐厅;中餐厅,4.6,56,1.1377545559702362,0.8636363636363635,0.9666212534059946,0.33082184267145315,72.95
463,正月初二·哈尔滨铁锅炖(星光国际广场店),滨江区,餐饮服务;餐饮相关场所;餐饮相关,4.6,56,1.1377545559702362,0.8636363636363635,0.9666212534059946,0.33082184267145315,72.95
464,表妹烧烤·东北菜铁锅炖(九堡店),上城区,餐饮服务;餐饮相关场所;餐饮相关,4.6,56,1.1377545559702362,0.8636363636363635,0.9666212534059946,0.33082184267145315,72.95
465,麦当劳(华都大厦店),上城区,餐饮服务;快餐厅;麦当劳,4.4,27,1.3204471654018177,0.7727272727272727,0.9863760217983651,0.4499442557739071,72.93
466,汉堡王(杭州延安路中信),上城区,餐饮服务;快餐厅;快餐厅,4.4,27,1.3204471654018177,0.7727272727272727,0.9863760217983651,0.4499442557739071,72.93
467,汉堡王(杭州港龙城购物中心),上城区,餐饮服务;快餐厅;快餐厅,4.4,27,1.3204471654018177,0.7727272727272727,0.9863760217983651,0.4499442557739071,72.93
468,李若桃·手作酸奶铺(杭州来福士中心店),上城区,餐饮服务;冷饮店;冷饮店,4.2,15,1.5148297929334118,0.6818181818181819,0.9945504087193461,0.5766889978234242,72.85
469,李若桃·手作酸奶铺(杭州501大厦店),上城区,餐饮服务;冷饮店;冷饮店,4.2,15,1.5148297929334118,0.6818181818181819,0.9945504087193461,0.5766889978234242,72.85
470,古茗(杭州上城四季青二店),上城区,餐饮服务;冷饮店;冷饮店,4.2,15,1.5148297929334118,0.6818181818181819,0.9945504087193461,0.5766889978234242,72.85
471,古茗(杭州上城双菱路店),上城区,餐饮服务;冷饮店;冷饮店,4.2,15,1.5148297929334118,0.6818181818181819,0.9945504087193461,0.5766889978234242,72.85
472,古茗(杭州上城来福士店)(暂停营业),上城区,餐饮服务;冷饮店;冷饮店,4.2,15,1.5148297929334118,0.6818181818181819,0.9945504087193461,0.5766889978234242,72.85
473,阿姨很芒,上城区,餐饮服务;冷饮店;冷饮店,4.2,15,1.5148297929334118,0.6818181818181819,0.9945504087193461,0.5766889978234242,72.85
474,马丫东北饭儿(印悦里丰庆店),拱墅区,餐饮服务;中餐厅;中餐厅,4.6,57,1.1328813107466744,0.8636363636363635,0.9659400544959128,0.32764430455167454,72.84
475,食三嫂·齐齐哈尔烤肉·烧烤东北菜(胜利河美食街店),拱墅区,餐饮服务;餐饮相关场所;餐饮相关,4.6,57,1.1328813107466744,0.8636363636363635,0.9659400544959128,0.32764430455167454,72.84
476,萨莉亚意式餐厅(远洋乐堤港A区店),拱墅区,餐饮服务;外国餐厅;意式菜品餐厅,4.6,57,1.1328813107466744,0.8636363636363635,0.9659400544959128,0.32764430455167454,72.84
477,陈先进鱼馆(凤起店),上城区,餐饮服务;中餐厅;中餐厅,4.7,86,1.052417531916429,0.909090909090909,0.9461852861035422,0.2751789118276707,72.82
478,白乐天毛肚火锅店,萧山区,餐饮服务;中餐厅;火锅店,4.7,86,1.052417531916429,0.909090909090909,0.9461852861035422,0.2751789118276707,72.82
479,点都德(杭州中心店),拱墅区,餐饮服务;中餐厅;广东菜(粤菜),4.7,86,1.052417531916429,0.909090909090909,0.9461852861035422,0.2751789118276707,72.82
480,点都德(滨江银泰店),滨江区,餐饮服务;快餐厅;快餐厅,4.7,86,1.052417531916429,0.909090909090909,0.9461852861035422,0.2751789118276707,72.82
481,点都德(城西银泰城店),拱墅区,餐饮服务;快餐厅;快餐厅,4.7,86,1.052417531916429,0.909090909090909,0.9461852861035422,0.2751789118276707,72.82
482,点都德(奥体印象城店),萧山区,餐饮服务;中餐厅;广东菜(粤菜),4.7,86,1.052417531916429,0.909090909090909,0.9461852861035422,0.2751789118276707,72.82
483,故里百味药膳鸡(杭州总店),上城区,餐饮服务;中餐厅;中餐厅,4.5,39,1.2198826380681755,0.8181818181818181,0.9782016348773842,0.38437242336227656,72.8
484,STAY COFFEE(月季公寓店),上城区,餐饮服务;咖啡厅;咖啡厅,4.5,39,1.2198826380681755,0.8181818181818181,0.9782016348773842,0.38437242336227656,72.8
485,安徽饭店,临平区,餐饮服务;中餐厅;安徽菜(徽菜),4.3,20,1.4123725766381197,0.7272727272727271,0.9911444141689373,0.5098830614320782,72.8
486,喜茶(杭州万象城gelato lab+店),上城区,餐饮服务;冷饮店;冷饮店,4.3,20,1.4123725766381197,0.7272727272727271,0.9911444141689373,0.5098830614320782,72.8
487,霸王茶姬(浙江杭州上城四季青佳宝店),上城区,餐饮服务;休闲餐饮场所;休闲餐饮场所,4.3,20,1.4123725766381197,0.7272727272727271,0.9911444141689373,0.5098830614320782,72.8
488,KOI Thé(501城市广场店),上城区,餐饮服务;冷饮店;冷饮店,4.3,20,1.4123725766381197,0.7272727272727271,0.9911444141689373,0.5098830614320782,72.8
489,霸王茶姬(浙江杭州上城四季青常青店),上城区,餐饮服务;冷饮店;冷饮店,4.3,20,1.4123725766381197,0.7272727272727271,0.9911444141689373,0.5098830614320782,72.8
490,CHAGEE霸王茶姬(浙江杭州上城江河时代店),上城区,餐饮服务;餐饮相关场所;餐饮相关,4.3,20,1.4123725766381197,0.7272727272727271,0.9911444141689373,0.5098830614320782,72.8
491,塔斯汀中国汉堡(杭州市萧山望京店),萧山区,餐饮服务;快餐厅;快餐厅,4.3,20,1.4123725766381197,0.7272727272727271,0.9911444141689373,0.5098830614320782,72.8
492,塔斯汀中国汉堡(杭州市拱墅凤起路店),拱墅区,餐饮服务;快餐厅;快餐厅,4.3,20,1.4123725766381197,0.7272727272727271,0.9911444141689373,0.5098830614320782,72.8
493,红钳侠小龙虾·活鱼火锅·香辣蟹(钱江世纪城店),萧山区,餐饮服务;中餐厅;中餐厅,4.8,130,0.9845755323905997,0.9545454545454544,0.9162125340599455,0.23094339119902224,72.79
494,四灶儿·地道杭帮菜(望江店),上城区,餐饮服务;中餐厅;中餐厅,4.7,87,1.0497311671531557,0.909090909090909,0.9455040871934605,0.27342730154595124,72.75
495,山城兄弟·重庆江湖菜·黑金店,拱墅区,购物服务;购物相关场所;购物相关场所|餐饮服务;餐饮相关场所;餐饮相关,4.7,87,1.0497311671531557,0.909090909090909,0.9455040871934605,0.27342730154595124,72.75
496,虾儿清清小龙虾烧烤(星澜里店),滨江区,餐饮服务;中餐厅;特色/地方风味餐厅,4.7,87,1.0497311671531557,0.909090909090909,0.9455040871934605,0.27342730154595124,72.75
497,赵姑娘海鲜大排档·梭子蟹·烧烤(杭州总店),滨江区,餐饮服务;中餐厅;中餐厅,4.7,87,1.0497311671531557,0.909090909090909,0.9455040871934605,0.27342730154595124,72.75
498,娃哈哈同乐舫(庆春店),上城区,餐饮服务;中餐厅;广东菜(粤菜),4.8,131,0.9830421295192512,0.9545454545454544,0.9155313351498637,0.22994355518561377,72.74
499,东坡文人面馆,上城区,餐饮服务;中餐厅;浙江菜,4.6,58,1.1281318843252197,0.8636363636363635,0.965258855585831,0.3245475009210486,72.73
500,喜贡·爆炒川菜(保利·时光里店),滨江区,餐饮服务;餐饮相关场所;餐饮相关,4.6,58,1.1281318843252197,0.8636363636363635,0.965258855585831,0.3245475009210486,72.73
501,粤甲壹方·壹粥壹面·潮汕菜(东站店),上城区,餐饮服务;中餐厅;中餐厅,4.6,58,1.1281318843252197,0.8636363636363635,0.965258855585831,0.3245475009210486,72.73
502,湘江春·精致湘菜,萧山区,餐饮服务;中餐厅;中餐厅,4.6,58,1.1281318843252197,0.8636363636363635,0.965258855585831,0.3245475009210486,72.73
503,味道野的很·湖南山里菜(象山国际店),西湖区,餐饮服务;中餐厅;中餐厅,4.6,58,1.1281318843252197,0.8636363636363635,0.965258855585831,0.3245475009210486,72.73
504,老善溜肉段·非遗东北菜(新天地店),拱墅区,餐饮服务;中餐厅;东北菜,4.6,58,1.1281318843252197,0.8636363636363635,0.965258855585831,0.3245475009210486,72.73
505,依兰老味?烧烤?东北菜(九堡店),上城区,餐饮服务;中餐厅;东北菜,4.6,58,1.1281318843252197,0.8636363636363635,0.965258855585831,0.3245475009210486,72.73
506,龍歌自助小火锅(上城龙湖店),上城区,餐饮服务;中餐厅;火锅店,4.6,58,1.1281318843252197,0.8636363636363635,0.965258855585831,0.3245475009210486,72.73
507,长风源·寻衢味(20年老店),上城区,餐饮服务;中餐厅;海鲜酒楼,4.7,88,1.0470886061729419,0.909090909090909,0.9448228882833788,0.27170425296882,72.68
508,新周记·巷子里的江南味(金龙财富店),拱墅区,餐饮服务;中餐厅;中餐厅,4.7,88,1.0470886061729419,0.909090909090909,0.9448228882833788,0.27170425296882,72.68
509,自贡盐帮菜,拱墅区,餐饮服务;餐饮相关场所;餐饮相关,4.7,88,1.0470886061729419,0.909090909090909,0.9448228882833788,0.27170425296882,72.68
510,点都德(杭州湖滨in77店),上城区,餐饮服务;中餐厅;广东菜(粤菜),4.7,88,1.0470886061729419,0.909090909090909,0.9448228882833788,0.27170425296882,72.68
511,大鱼徽州·皖南家宴(东站德信店),上城区,餐饮服务;中餐厅;安徽菜(徽菜),4.7,88,1.0470886061729419,0.909090909090909,0.9448228882833788,0.27170425296882,72.68
512,卢家·皖掌柜(杭州首店),拱墅区,餐饮服务;中餐厅;安徽菜(徽菜),4.7,88,1.0470886061729419,0.909090909090909,0.9448228882833788,0.27170425296882,72.68
513,大鱼徽州·皖南家宴(星光总店),滨江区,餐饮服务;中餐厅;中餐厅,4.7,88,1.0470886061729419,0.909090909090909,0.9448228882833788,0.27170425296882,72.68
514,肯德基(杭州滨江宝龙店),滨江区,餐饮服务;快餐厅;肯德基,4.4,28,1.3066864992428284,0.7727272727272727,0.9856948228882834,0.44097178686092703,72.64
515,高粱屯东北铁锅炖,余杭区,餐饮服务;中餐厅;东北菜,4.5,40,1.2117712862897596,0.8181818181818181,0.9775204359673024,0.3790835186803953,72.63
516,印湖·老底子杭帮菜(河坊街店),上城区,餐饮服务;中餐厅;中餐厅,4.6,59,1.1235009487094725,0.8636363636363635,0.9645776566757494,0.3215279577266837,72.62
517,杭小厨·地道杭帮菜(河坊街店),上城区,餐饮服务;中餐厅;中餐厅,4.6,59,1.1235009487094725,0.8636363636363635,0.9645776566757494,0.3215279577266837,72.62
518,西湖人家·地道杭帮味(寻味杭州·南山路店),上城区,餐饮服务;中餐厅;中餐厅,4.6,59,1.1235009487094725,0.8636363636363635,0.9645776566757494,0.3215279577266837,72.62
519,渝满堂川菜馆(百井坊巷店),拱墅区,餐饮服务;中餐厅;中餐厅,4.6,59,1.1235009487094725,0.8636363636363635,0.9645776566757494,0.3215279577266837,72.62
520,马丫东北饭儿(德胜总店),拱墅区,餐饮服务;中餐厅;中餐厅,4.6,59,1.1235009487094725,0.8636363636363635,0.9645776566757494,0.3215279577266837,72.62
521,大年初一东北菜馆(禹航路店),余杭区,餐饮服务;中餐厅;中餐厅,4.6,59,1.1235009487094725,0.8636363636363635,0.9645776566757494,0.3215279577266837,72.62
522,大塘集美蛙鱼头·冷锅鱼(钱江世纪城店),萧山区,餐饮服务;中餐厅;中餐厅,4.7,89,1.044488621594309,0.909090909090909,0.944141689373297,0.2700089657976556,72.61
523,刘老根·东北烧烤酒场(子夜广场店),萧山区,餐饮服务;中餐厅;中餐厅,4.7,89,1.044488621594309,0.909090909090909,0.944141689373297,0.2700089657976556,72.61
524,戒指龙虾(余杭店),余杭区,餐饮服务;餐饮相关场所;餐饮相关,4.7,89,1.044488621594309,0.909090909090909,0.944141689373297,0.2700089657976556,72.61
525,黄龙海鲜大排档(庆春店),上城区,餐饮服务;中餐厅;中餐厅,4.8,134,0.9785384543795234,0.9545454545454544,0.9134877384196185,0.22700699058049317,72.6
526,啫卤爷,上城区,餐饮服务;快餐厅;快餐厅,4.8,134,0.9785384543795234,0.9545454545454544,0.9134877384196185,0.22700699058049317,72.6
527,潮来福潮汕牛肉店(元华旺座中心店),上城区,餐饮服务;中餐厅;潮州菜,4.7,90,1.0419300342229454,0.909090909090909,0.9434604904632152,0.26834067115367094,72.55
528,张功馆·地道桐庐菜(景芳店),上城区,餐饮服务;中餐厅;特色/地方风味餐厅,4.7,90,1.0419300342229454,0.909090909090909,0.9434604904632152,0.26834067115367094,72.55
529,风炉故事·遂昌山野土菜(凯旋路店),上城区,餐饮服务;中餐厅;中餐厅,4.7,90,1.0419300342229454,0.909090909090909,0.9434604904632152,0.26834067115367094,72.55
530,风炉故事·遂昌山野土菜(杭州首店),上城区,餐饮服务;中餐厅;中餐厅,4.7,90,1.0419300342229454,0.909090909090909,0.9434604904632152,0.26834067115367094,72.55
531,杭州酒家(庆春路店),上城区,餐饮服务;中餐厅;中餐厅,4.7,90,1.0419300342229454,0.909090909090909,0.9434604904632152,0.26834067115367094,72.55
532,晚酒·阿英川菜馆(解百店),上城区,餐饮服务;中餐厅;四川菜(川菜),4.7,90,1.0419300342229454,0.909090909090909,0.9434604904632152,0.26834067115367094,72.55
533,齐庆·美蛙鱼头(EFC欧美广场店),余杭区,餐饮服务;中餐厅;火锅店,4.7,90,1.0419300342229454,0.909090909090909,0.9434604904632152,0.26834067115367094,72.55
534,赵美丽.重庆社区火锅(EFC欧美广场店),余杭区,餐饮服务;中餐厅;火锅店,4.7,90,1.0419300342229454,0.909090909090909,0.9434604904632152,0.26834067115367094,72.55
535,大川先生·龙虾·川菜(石灰坝店),拱墅区,餐饮服务;中餐厅;四川菜(川菜),4.7,90,1.0419300342229454,0.909090909090909,0.9434604904632152,0.26834067115367094,72.55
536,岳无鸡·鲜切广东脆皮鸡煲(中南未来里店),余杭区,餐饮服务;餐饮相关场所;餐饮相关,4.7,90,1.0419300342229454,0.909090909090909,0.9434604904632152,0.26834067115367094,72.55
537,十八道东北菜?芳达烧烤东北菜 (中赢康康谷店),滨江区,餐饮服务;中餐厅;东北菜,4.7,90,1.0419300342229454,0.909090909090909,0.9434604904632152,0.26834067115367094,72.55
538,叶老头碳炉草本鸡煲(杭州萧山店),萧山区,餐饮服务;餐饮相关场所;餐饮相关,4.7,90,1.0419300342229454,0.909090909090909,0.9434604904632152,0.26834067115367094,72.55
539,宽马记大排档·热鲜牛肉海鲜火锅(临安店),临安区,餐饮服务;中餐厅;火锅店,4.7,90,1.0419300342229454,0.909090909090909,0.9434604904632152,0.26834067115367094,72.55
540,RayPub暗光(中河店),上城区,体育休闲服务;娱乐场所;酒吧|餐饮服务;咖啡厅;咖啡厅,4.7,90,1.0419300342229454,0.909090909090909,0.9434604904632152,0.26834067115367094,72.55
541,赵府私厨·老杭帮菜(西湖老店),上城区,餐饮服务;中餐厅;浙江菜,4.6,60,1.1189834940180172,0.8636363636363635,0.9638964577656676,0.31858240833855317,72.52
542,外婆烧.杭帮菜(西湖店),上城区,餐饮服务;中餐厅;浙江菜,4.6,60,1.1189834940180172,0.8636363636363635,0.9638964577656676,0.31858240833855317,72.52
543,杭三姐妹(西湖·D11食尚城店),拱墅区,餐饮服务;中餐厅;中餐厅,4.6,60,1.1189834940180172,0.8636363636363635,0.9638964577656676,0.31858240833855317,72.52
544,徽灶头·安徽土菜(三墩店),西湖区,餐饮服务;中餐厅;安徽菜(徽菜),4.6,60,1.1189834940180172,0.8636363636363635,0.9638964577656676,0.31858240833855317,72.52
545,何府茶油现炒鸡小龙虾,西湖区,餐饮服务;中餐厅;中餐厅,4.6,60,1.1189834940180172,0.8636363636363635,0.9638964577656676,0.31858240833855317,72.52
546,三虾客小龙虾临沂炒鸡(迎春东苑店),滨江区,餐饮服务;餐饮相关场所;餐饮相关,4.6,60,1.1189834940180172,0.8636363636363635,0.9638964577656676,0.31858240833855317,72.52
547,鄰居咖啡neighborhood,上城区,餐饮服务;咖啡厅;咖啡厅,4.6,60,1.1189834940180172,0.8636363636363635,0.9638964577656676,0.31858240833855317,72.52
548,CoCo都可(近江天阳店),上城区,餐饮服务;冷饮店;冷饮店,4.1,12,1.5984721055302482,0.636363636363636,0.9965940054495913,0.6312269134238706,72.49
549,滋味渊·匠心桐庐菜(景芳店),上城区,餐饮服务;中餐厅;浙江菜,4.7,91,1.0394117106349237,0.909090909090909,0.9427792915531336,0.2666986300020811,72.48
550,杭州宴·杭州菜(火车东站店),上城区,餐饮服务;中餐厅;中餐厅,4.7,91,1.0394117106349237,0.909090909090909,0.9427792915531336,0.2666986300020811,72.48
551,伊家鲜?宴请?小宴席(湖州街总店),拱墅区,餐饮服务;中餐厅;中餐厅,4.7,91,1.0394117106349237,0.909090909090909,0.9427792915531336,0.2666986300020811,72.48
552,李白图书馆餐厅?杭帮菜名店(九堡店),上城区,餐饮服务;中餐厅;中餐厅,4.7,91,1.0394117106349237,0.909090909090909,0.9427792915531336,0.2666986300020811,72.48
553,三登客江鲜(永福店),余杭区,餐饮服务;中餐厅;海鲜酒楼,4.7,91,1.0394117106349237,0.909090909090909,0.9427792915531336,0.2666986300020811,72.48
554,胖子烧烤(长明寺巷店),上城区,餐饮服务;中餐厅;特色/地方风味餐厅,4.5,41,1.203958738885743,0.8181818181818181,0.9768392370572208,0.3739894456243514,72.46
555,大俺徽柴火鸡·地锅鸡(鑫都汇店),滨江区,餐饮服务;中餐厅;中餐厅,4.6,61,1.1145748044135328,0.8636363636363635,0.9632152588555858,0.31570777785437615,72.42
556,雅轩居东北菜,钱塘区,餐饮服务;中餐厅;东北菜,4.6,61,1.1145748044135328,0.8636363636363635,0.9632152588555858,0.31570777785437615,72.42
557,东北特色铁锅炖(孙权路店),富阳区,餐饮服务;中餐厅;中餐厅,4.6,61,1.1145748044135328,0.8636363636363635,0.9632152588555858,0.31570777785437615,72.42
558,虾锅·小龙虾·烧烤(沈家路店),拱墅区,餐饮服务;中餐厅;中餐厅,4.6,61,1.1145748044135328,0.8636363636363635,0.9632152588555858,0.31570777785437615,72.42
559,六丁火烤肉(杭州首店),萧山区,餐饮服务;中餐厅;中餐厅,4.7,92,1.0369325609067406,0.909090909090909,0.9420980926430518,0.2650821316720046,72.41
560,大宅院(西溪路),西湖区,餐饮服务;中餐厅;中餐厅,4.7,92,1.0369325609067406,0.909090909090909,0.9420980926430518,0.2650821316720046,72.41
561,肯德基(杭州来福士店),上城区,餐饮服务;快餐厅;肯德基,4.4,29,1.2936620566989068,0.7727272727272727,0.9850136239782017,0.4324793632759037,72.37
562,OT另茶(杭州万象城店),上城区,餐饮服务;休闲餐饮场所;休闲餐饮场所,4.4,29,1.2936620566989068,0.7727272727272727,0.9850136239782017,0.4324793632759037,72.37
563,麦当劳(杭州拱墅区茶叶大厦餐厅),拱墅区,餐饮服务;快餐厅;麦当劳,4.4,29,1.2936620566989068,0.7727272727272727,0.9850136239782017,0.4324793632759037,72.37
564,新周记·巷子里的江南味(庆春店),上城区,餐饮服务;中餐厅;浙江菜,4.7,93,1.0344915364817469,0.909090909090909,0.94141689373297,0.2634904924652956,72.35
565,重庆正宗万州烤鱼(萧山006成智店),萧山区,餐饮服务;中餐厅;中餐厅,4.7,93,1.0344915364817469,0.909090909090909,0.94141689373297,0.2634904924652956,72.35
566,COMMUNE幻师(远洋乐堤港B区店),拱墅区,体育休闲服务;娱乐场所;酒吧|餐饮服务;外国餐厅;西餐厅(综合风味),4.7,93,1.0344915364817469,0.909090909090909,0.94141689373297,0.2634904924652956,72.35
567,COMMUNE幻师(EFC欧美广场店),余杭区,餐饮服务;餐饮相关场所;餐饮相关,4.7,93,1.0344915364817469,0.909090909090909,0.94141689373297,0.2634904924652956,72.35
568,湖畔·私房菜·杭帮菜(湖滨店),上城区,餐饮服务;中餐厅;中餐厅,4.6,62,1.1102704362226652,0.8636363636363635,0.9625340599455041,0.3129011688329552,72.31
569,食三嫂·齐齐哈尔烤肉·烧烤东北菜(新天地店),拱墅区,餐饮服务;中餐厅;中餐厅,4.6,62,1.1102704362226652,0.8636363636363635,0.9625340599455041,0.3129011688329552,72.31
570,厨创东北大厨(黄龙国际中心店),西湖区,餐饮服务;中餐厅;中餐厅,4.6,62,1.1102704362226652,0.8636363636363635,0.9625340599455041,0.3129011688329552,72.31
571,幸福小串·地摊小炉子(钱江世纪公园店),萧山区,餐饮服务;中餐厅;中餐厅,4.7,94,1.032087628163374,0.909090909090909,0.9407356948228883,0.2619230543480527,72.29
572,英子小海鲜(下沙新视界未来中心店),钱塘区,餐饮服务;中餐厅;海鲜酒楼,4.7,94,1.032087628163374,0.909090909090909,0.9407356948228883,0.2619230543480527,72.29
573,born.coffee(三堡家园南区店),上城区,餐饮服务;咖啡厅;咖啡厅,4.5,42,1.196426635536834,0.8181818181818181,0.976158038147139,0.36907823257938627,72.29
574,爱人再见小酒馆(奥体店),萧山区,餐饮服务;餐饮相关场所;餐饮相关,4.7,95,1.0297198642263399,0.909090909090909,0.9400544959128065,0.2603791837190545,72.22
575,绿茶餐厅(灵隐路店·品牌旗舰店),西湖区,餐饮服务;中餐厅;中餐厅,4.7,95,1.0297198642263399,0.909090909090909,0.9400544959128065,0.2603791837190545,72.22
576,晚酒·阿英川菜馆(上塘路三店),拱墅区,餐饮服务;中餐厅;四川菜(川菜),4.7,95,1.0297198642263399,0.909090909090909,0.9400544959128065,0.2603791837190545,72.22
577,馬鸿興·川小馆(杭州中心店),拱墅区,餐饮服务;中餐厅;四川菜(川菜),4.7,95,1.0297198642263399,0.909090909090909,0.9400544959128065,0.2603791837190545,72.22
578,潮中人潮汕大排档,上城区,餐饮服务;中餐厅;中餐厅,4.7,95,1.0297198642263399,0.909090909090909,0.9400544959128065,0.2603791837190545,72.22
579,陆幺陆家常菜古墩路店,西湖区,餐饮服务;中餐厅;中餐厅,4.7,95,1.0297198642263399,0.909090909090909,0.9400544959128065,0.2603791837190545,72.22
580,破店肥哈·海鲜·烧烤(杭州滨江店),滨江区,餐饮服务;餐饮相关场所;餐饮相关,4.7,95,1.0297198642263399,0.909090909090909,0.9400544959128065,0.2603791837190545,72.22
581,宽窄巷子成都串串香(邮电路杭州店),上城区,餐饮服务;中餐厅;火锅店,4.6,63,1.106066198014872,0.8636363636363635,0.9618528610354223,0.3101598483048394,72.21
582,忆湘味-鲜炒·湖南菜(EFC店),余杭区,餐饮服务;中餐厅;湖南菜(湘菜),4.6,63,1.106066198014872,0.8636363636363635,0.9618528610354223,0.3101598483048394,72.21
583,幸福年铁锅炖熏酱小酒馆(九堡店),上城区,餐饮服务;中餐厅;中餐厅,4.6,63,1.106066198014872,0.8636363636363635,0.9618528610354223,0.3101598483048394,72.21
584,辽A迷糊小串儿·东北烧烤·东北菜(蓝钻天城店),拱墅区,餐饮服务;餐饮相关场所;餐饮相关,4.6,63,1.106066198014872,0.8636363636363635,0.9618528610354223,0.3101598483048394,72.21
585,東小鲜.舟山小海鲜(钱江世纪城店),萧山区,餐饮服务;中餐厅;海鲜酒楼,4.8,143,0.9658310505164271,0.9545454545454544,0.9073569482288828,0.2187212880709652,72.2
586,1点点(砂之船国际生活广场店),上城区,餐饮服务;冷饮店;冷饮店,4.2,16,1.482415720231997,0.6818181818181819,0.9938692098092643,0.5555538103044295,72.2
587,茶理宜世(杭州银泰奥体莲荷里店),滨江区,餐饮服务;冷饮店;冷饮店,4.2,16,1.482415720231997,0.6818181818181819,0.9938692098092643,0.5555538103044295,72.2
588,马路边边火锅串串香(杭州总店),上城区,餐饮服务;中餐厅;火锅店,4.7,96,1.0273873086377154,0.909090909090909,0.9393732970027248,0.2588582702498284,72.16
589,LuLuoBo绿萝卜(中山北路店),拱墅区,餐饮服务;中餐厅;中餐厅,4.7,96,1.0273873086377154,0.909090909090909,0.9393732970027248,0.2588582702498284,72.16
590,老阚东北铁锅炖(中茵大厦店),西湖区,餐饮服务;中餐厅;中餐厅,4.5,43,1.1891581647140046,0.8181818181818181,0.9754768392370572,0.36433891779990973,72.14
591,荷韵西子·老底子杭帮菜(西湖音乐喷泉店),上城区,餐饮服务;中餐厅;中餐厅,4.6,64,1.1019581324362853,0.8636363636363635,0.9611716621253406,0.30748123592732196,72.12
592,芳达烧烤·东北菜(武林旗舰店),拱墅区,餐饮服务;中餐厅;东北菜|餐饮服务;中餐厅;特色/地方风味餐厅|住宿服务;宾馆酒店;宾馆酒店,4.6,64,1.1019581324362853,0.8636363636363635,0.9611716621253406,0.30748123592732196,72.12
593,串掌门烧烤东北菜,萧山区,餐饮服务;中餐厅;中餐厅,4.6,64,1.1019581324362853,0.8636363636363635,0.9611716621253406,0.30748123592732196,72.12
594,马丫东北饭儿(萧山店),萧山区,餐饮服务;中餐厅;中餐厅,4.6,64,1.1019581324362853,0.8636363636363635,0.9611716621253406,0.30748123592732196,72.12
595,马丫东北饭儿(九堡店),上城区,餐饮服务;中餐厅;湖南菜(湘菜),4.6,64,1.1019581324362853,0.8636363636363635,0.9611716621253406,0.30748123592732196,72.12
596,松花江上·东北小馆(三深国际中心店),西湖区,餐饮服务;中餐厅;综合酒楼,4.6,64,1.1019581324362853,0.8636363636363635,0.9611716621253406,0.30748123592732196,72.12
597,夜八两·老舅烧烤(滨江店),滨江区,餐饮服务;中餐厅;中餐厅,4.6,64,1.1019581324362853,0.8636363636363635,0.9611716621253406,0.30748123592732196,72.12
598,星巴克(杭州市民中心店),上城区,餐饮服务;咖啡厅;星巴克咖啡,4.4,30,1.2813093753678348,0.7727272727272727,0.9843324250681199,0.4244249531220327,72.11
599,星巴克咖啡(杭州万象城2F店),上城区,餐饮服务;咖啡厅;星巴克咖啡,4.4,30,1.2813093753678348,0.7727272727272727,0.9843324250681199,0.4244249531220327,72.11
600,星巴克(钱江国际时代广场店),上城区,餐饮服务;咖啡厅;星巴克咖啡,4.4,30,1.2813093753678348,0.7727272727272727,0.9843324250681199,0.4244249531220327,72.11
601,麦当劳(杭州世贸丽晶城餐厅),西湖区,餐饮服务;快餐厅;快餐厅,4.4,30,1.2813093753678348,0.7727272727272727,0.9843324250681199,0.4244249531220327,72.11
602,印象临安(城东店),临安区,餐饮服务;中餐厅;中餐厅|商务住宅;商务住宅相关;商务住宅相关,4.7,97,1.0250890593803692,0.909090909090909,0.9386920980926431,0.25735972579147387,72.1
603,新周记·巷子里的江南味(鼓楼店),上城区,餐饮服务;中餐厅;中餐厅,4.7,98,1.0228242468718935,0.909090909090909,0.9380108991825613,0.25588298334374354,72.04
604,三两好友深夜食堂·焗海鲜·烤乳猪·脆皮烤鸡(西溪八方城店),余杭区,餐饮服务;中餐厅;中餐厅,4.7,98,1.0228242468718935,0.909090909090909,0.9380108991825613,0.25588298334374354,72.04
605,猪笼城寨·鲜货烧烤龙虾·怀旧包厢·大排档(萧山店),萧山区,餐饮服务;中餐厅;中餐厅,4.7,98,1.0228242468718935,0.909090909090909,0.9380108991825613,0.25588298334374354,72.04
606,马大虾小龙虾·盆盆蟹·杭城地标十星大排档,滨江区,餐饮服务;餐饮相关场所;餐饮相关,4.7,98,1.0228242468718935,0.909090909090909,0.9380108991825613,0.25588298334374354,72.04
607,蝴蝶里(杭州来福士店),上城区,餐饮服务;中餐厅;火锅店,4.6,65,1.0979424996187397,0.8636363636363635,0.9604904632152589,0.3048628931665078,72.02
608,一席地·本地鸡窝(庆春银泰店),上城区,餐饮服务;中餐厅;中餐厅,4.6,65,1.0979424996187397,0.8636363636363635,0.9604904632152589,0.3048628931665078,72.02
609,新白鹿餐厅(庆春银泰店),上城区,餐饮服务;中餐厅;中餐厅,4.6,65,1.0979424996187397,0.8636363636363635,0.9604904632152589,0.3048628931665078,72.02
610,新白鹿(杭州新塘店),上城区,餐饮服务;中餐厅;浙江菜,4.6,65,1.0979424996187397,0.8636363636363635,0.9604904632152589,0.3048628931665078,72.02
611,正大酒家(杭州上城区),上城区,餐饮服务;中餐厅;中餐厅,4.6,65,1.0979424996187397,0.8636363636363635,0.9604904632152589,0.3048628931665078,72.02
612,烤匠麻辣烤鱼(in77店),上城区,餐饮服务;中餐厅;特色/地方风味餐厅|餐饮服务;中餐厅;四川菜(川菜),4.6,65,1.0979424996187397,0.8636363636363635,0.9604904632152589,0.3048628931665078,72.02
613,烤匠麻辣烤鱼(滨江天街店),滨江区,餐饮服务;中餐厅;特色/地方风味餐厅,4.6,65,1.0979424996187397,0.8636363636363635,0.9604904632152589,0.3048628931665078,72.02
614,蝴蝶里(滨江龙湖天街店),滨江区,餐饮服务;中餐厅;中餐厅,4.6,65,1.0979424996187397,0.8636363636363635,0.9604904632152589,0.3048628931665078,72.02
615,蝴蝶里(西溪天街店),西湖区,餐饮服务;中餐厅;广东菜(粤菜),4.6,65,1.0979424996187397,0.8636363636363635,0.9604904632152589,0.3048628931665078,72.02
616,蝴蝶里(下沙龙湖天街店),钱塘区,餐饮服务;中餐厅;广东菜(粤菜),4.6,65,1.0979424996187397,0.8636363636363635,0.9604904632152589,0.3048628931665078,72.02
617,蝴蝶里(滨江宝龙广场店),滨江区,餐饮服务;中餐厅;广东菜(粤菜),4.6,65,1.0979424996187397,0.8636363636363635,0.9604904632152589,0.3048628931665078,72.02
618,蝴蝶里(丁桥店),上城区,餐饮服务;中餐厅;广东菜(粤菜),4.6,65,1.0979424996187397,0.8636363636363635,0.9604904632152589,0.3048628931665078,72.02
619,小湘厨(迎春东苑店),滨江区,餐饮服务;中餐厅;中餐厅,4.6,65,1.0979424996187397,0.8636363636363635,0.9604904632152589,0.3048628931665078,72.02
620,二丫家东北铁锅炖大鹅(联胜路店),余杭区,餐饮服务;中餐厅;中餐厅,4.6,65,1.0979424996187397,0.8636363636363635,0.9604904632152589,0.3048628931665078,72.02
621,庆哥东北油边王,上城区,餐饮服务;中餐厅;特色/地方风味餐厅,4.6,65,1.0979424996187397,0.8636363636363635,0.9604904632152589,0.3048628931665078,72.02
622,MAMA精致川菜(保利天汇店),滨江区,餐饮服务;中餐厅;四川菜(川菜),4.7,99,1.0205920324726416,0.909090909090909,0.9373297002724795,0.25442749608222676,71.98
623,山河屯铁锅炖·东北菜(杭州一店),上城区,餐饮服务;中餐厅;东北菜,4.7,99,1.0205920324726416,0.909090909090909,0.9373297002724795,0.25442749608222676,71.98
624,大川日本料理·深夜居酒屋(解放路店),上城区,餐饮服务;外国餐厅;日本料理,4.7,99,1.0205920324726416,0.909090909090909,0.9373297002724795,0.25442749608222676,71.98
625,大川日本料理·深夜居酒屋(火车东站店),上城区,餐饮服务;外国餐厅;日本料理,4.7,99,1.0205920324726416,0.909090909090909,0.9373297002724795,0.25442749608222676,71.98
626,小林刺身(朝晖店),拱墅区,餐饮服务;外国餐厅;日本料理|生活服务;生活服务场所;生活服务场所,4.7,99,1.0205920324726416,0.909090909090909,0.9373297002724795,0.25442749608222676,71.98
627,兰湘子·湘菜小炒(杭州萧山银泰店),萧山区,餐饮服务;中餐厅;湖南菜(湘菜),4.5,44,1.182137899562384,0.8181818181818181,0.9747956403269755,0.35976144239966207,71.98
628,乾堂里·杭州老八鲜(吴山广场店),上城区,餐饮服务;中餐厅;中餐厅,4.6,66,1.094015762005046,0.8636363636363635,0.9598092643051771,0.30230251340282305,71.93
629,喜靓·老广排档(钱江世纪城店),萧山区,餐饮服务;中餐厅;中餐厅,4.6,66,1.094015762005046,0.8636363636363635,0.9598092643051771,0.30230251340282305,71.93
630,湘绯·锦(天目山路店),西湖区,餐饮服务;中餐厅;湖南菜(湘菜),4.6,66,1.094015762005046,0.8636363636363635,0.9598092643051771,0.30230251340282305,71.93
631,小渔村全湖景餐厅(湖光里店),淳安县,餐饮服务;中餐厅;中餐厅,4.6,66,1.094015762005046,0.8636363636363635,0.9598092643051771,0.30230251340282305,71.93
632,垚森居东北菜?烧烤(杭州宸创大厦店),拱墅区,餐饮服务;中餐厅;东北菜,4.6,66,1.094015762005046,0.8636363636363635,0.9598092643051771,0.30230251340282305,71.93
633,哈尔滨涮肚·地摊烤肉(辣么刘萧山热榜店),萧山区,餐饮服务;中餐厅;火锅店,4.6,66,1.094015762005046,0.8636363636363635,0.9598092643051771,0.30230251340282305,71.93
634,二丫家东北铁锅炖大鹅(晴川街店),西湖区,餐饮服务;中餐厅;东北菜,4.6,66,1.094015762005046,0.8636363636363635,0.9598092643051771,0.30230251340282305,71.93
635,滇牛老杨潮汕鲜牛肉火锅,拱墅区,餐饮服务;中餐厅;火锅店,4.6,66,1.094015762005046,0.8636363636363635,0.9598092643051771,0.30230251340282305,71.93
636,天香楼(延安路店),拱墅区,餐饮服务;中餐厅;综合酒楼,4.7,100,1.018391607076999,0.909090909090909,0.9366485013623979,0.2529927364398065,71.92
637,马灯部落-杭帮创意菜(杭州西湖虎跑店),西湖区,餐饮服务;中餐厅;浙江菜,4.7,100,1.018391607076999,0.909090909090909,0.9366485013623979,0.2529927364398065,71.92
638,川塘风乐山冷锅鱼美蛙鱼头,西湖区,餐饮服务;中餐厅;中餐厅,4.7,100,1.018391607076999,0.909090909090909,0.9366485013623979,0.2529927364398065,71.92
639,那些年·花园西餐·窑炉披萨(新天地店),临平区,餐饮服务;咖啡厅;咖啡厅,4.7,100,1.018391607076999,0.909090909090909,0.9366485013623979,0.2529927364398065,71.92
640,喀摩尔土耳其餐厅,上城区,餐饮服务;外国餐厅;西餐厅(综合风味),4.7,100,1.018391607076999,0.909090909090909,0.9366485013623979,0.2529927364398065,71.92
641,武林虾客·小龙虾·江南生腌(凤起路店),拱墅区,餐饮服务;中餐厅;海鲜酒楼,4.7,100,1.018391607076999,0.909090909090909,0.9366485013623979,0.2529927364398065,71.92
642,森林子 · 果蔬茶(杭州来福士店),上城区,餐饮服务;冷饮店;冷饮店,3.9,8,1.7749664919223327,0.5454545454545454,0.9993188010899182,0.7463078533232794,71.92
643,吾庐有闲,余杭区,餐饮服务;中餐厅;广东菜(粤菜),4.8,150,0.956693697804016,0.9545454545454544,0.9025885558583107,0.2127633924130224,71.9
644,东庭会·宴,上城区,餐饮服务;中餐厅;中餐厅,4.8,150,0.956693697804016,0.9545454545454544,0.9025885558583107,0.2127633924130224,71.9
645,活蹦乱跳海鲜餐厅(丁桥店),上城区,餐饮服务;中餐厅;海鲜酒楼|餐饮服务;中餐厅;广东菜(粤菜),4.8,150,0.956693697804016,0.9545454545454544,0.9025885558583107,0.2127633924130224,71.9
646,麦当劳(杭州麦当劳江干区尊宝大厦餐厅),上城区,餐饮服务;快餐厅;麦当劳,4.4,31,1.269571635982288,0.7727272727272727,0.9836512261580381,0.4167715081122733,71.87
647,M Stand (杭州平安悦坊店),上城区,餐饮服务;餐饮相关场所;餐饮相关,4.4,31,1.269571635982288,0.7727272727272727,0.9836512261580381,0.4167715081122733,71.87
648,JKTAO咖啡,上城区,餐饮服务;咖啡厅;咖啡厅,4.4,31,1.269571635982288,0.7727272727272727,0.9836512261580381,0.4167715081122733,71.87
649,德悦东海怡品海鲜姿造(萧山金城路店),萧山区,餐饮服务;中餐厅;海鲜酒楼,4.8,151,0.9554367346282822,0.9545454545454544,0.9019073569482289,0.211943805418561,71.86
650,旷野听风 不想上班(芳塘店),上城区,餐饮服务;中餐厅;中餐厅,4.7,101,1.0162221897824415,0.909090909090909,0.9359673024523161,0.25157819523883546,71.86
651,杭小馆杭帮菜私房菜(河坊街店),上城区,餐饮服务;中餐厅;中餐厅,4.6,67,1.0901745704498038,0.8636363636363635,0.9591280653950953,0.2997979128682264,71.84
652,湘绯·杭城拾佳湘菜(三深国际店),西湖区,餐饮服务;中餐厅;湖南菜(湘菜),4.6,67,1.0901745704498038,0.8636363636363635,0.9591280653950953,0.2997979128682264,71.84
653,李百蟹·园林湖景蟹黄面(雷峰塔店),西湖区,餐饮服务;中餐厅;海鲜酒楼,4.6,67,1.0901745704498038,0.8636363636363635,0.9591280653950953,0.2997979128682264,71.84
654,滋啦灶东北菜,萧山区,餐饮服务;中餐厅;中餐厅,4.5,45,1.175351654539009,0.8181818181818181,0.9741144414168937,0.35533655687416593,71.83
655,四灶儿·地道杭帮菜(湖墅南路店),拱墅区,餐饮服务;中餐厅;浙江菜,4.7,102,1.0140830266313579,0.909090909090909,0.9352861035422343,0.2501833808707569,71.8
656,梅溪徐记·鲜牛肉火锅(余杭鼎创杭州首店),余杭区,餐饮服务;中餐厅;火锅店,4.7,102,1.0140830266313579,0.909090909090909,0.9352861035422343,0.2501833808707569,71.8
657,東大方(杭州大厦501店),上城区,餐饮服务;中餐厅;中餐厅,4.6,68,1.0864157514709336,0.8636363636363635,0.9584468664850136,0.29734702233372995,71.75
658,仙鱼石缘蒸汽石锅鱼,上城区,餐饮服务;中餐厅;火锅店,4.6,68,1.0864157514709336,0.8636363636363635,0.9584468664850136,0.29734702233372995,71.75
659,新刘记·杭帮菜·私房菜,上城区,餐饮服务;中餐厅;中餐厅,4.6,68,1.0864157514709336,0.8636363636363635,0.9584468664850136,0.29734702233372995,71.75
660,東大方(杭州三维大厦店),滨江区,餐饮服务;中餐厅;中餐厅,4.6,68,1.0864157514709336,0.8636363636363635,0.9584468664850136,0.29734702233372995,71.75
661,東大方(莫干山路店),西湖区,餐饮服务;餐饮相关场所;餐饮相关,4.6,68,1.0864157514709336,0.8636363636363635,0.9584468664850136,0.29734702233372995,71.75
662,东大方(杭州云澜谷店),西湖区,餐饮服务;中餐厅;浙江菜,4.6,68,1.0864157514709336,0.8636363636363635,0.9584468664850136,0.29734702233372995,71.75
663,東大方(杭州万达店),拱墅区,餐饮服务;中餐厅;中餐厅,4.6,68,1.0864157514709336,0.8636363636363635,0.9584468664850136,0.29734702233372995,71.75
664,東大方(杭州苏泊尔大厦店),滨江区,餐饮服务;餐饮相关场所;餐饮相关,4.6,68,1.0864157514709336,0.8636363636363635,0.9584468664850136,0.29734702233372995,71.75
665,東大方(杭州八方城店),余杭区,餐饮服务;中餐厅;中餐厅,4.6,68,1.0864157514709336,0.8636363636363635,0.9584468664850136,0.29734702233372995,71.75
666,東大方(祥生中心店),上城区,餐饮服务;餐饮相关场所;餐饮相关,4.6,68,1.0864157514709336,0.8636363636363635,0.9584468664850136,0.29734702233372995,71.75
667,钟华平潮汕鲜活牛肉铺,钱塘区,餐饮服务;中餐厅;中餐厅,4.6,68,1.0864157514709336,0.8636363636363635,0.9584468664850136,0.29734702233372995,71.75
668,湘绯(华夏之心店),余杭区,餐饮服务;中餐厅;湖南菜(湘菜),4.6,68,1.0864157514709336,0.8636363636363635,0.9584468664850136,0.29734702233372995,71.75
669,湘粤江南(西子国际店),临平区,餐饮服务;餐饮相关场所;餐饮相关,4.6,68,1.0864157514709336,0.8636363636363635,0.9584468664850136,0.29734702233372995,71.75
670,厨创东北大厨(东站万象汇店),上城区,餐饮服务;中餐厅;中餐厅,4.6,68,1.0864157514709336,0.8636363636363635,0.9584468664850136,0.29734702233372995,71.75
671,辽A特色烧烤东北菜舟山东路店(辽A特色烧烤东北菜),拱墅区,餐饮服务;餐饮相关场所;餐饮相关,4.6,68,1.0864157514709336,0.8636363636363635,0.9584468664850136,0.29734702233372995,71.75
672,博多天一天婦羅牛排飯(杭州首店),上城区,餐饮服务;外国餐厅;日本料理,4.6,68,1.0864157514709336,0.8636363636363635,0.9584468664850136,0.29734702233372995,71.75
673,菲滋意式餐厅(富阳物美店),富阳区,餐饮服务;外国餐厅;意式菜品餐厅,4.6,68,1.0864157514709336,0.8636363636363635,0.9584468664850136,0.29734702233372995,71.75
674,菲滋意式餐厅(萧山临浦店),萧山区,餐饮服务;外国餐厅;西餐厅(综合风味),4.6,68,1.0864157514709336,0.8636363636363635,0.9584468664850136,0.29734702233372995,71.75
675,新周记·巷子里的江南味(平海路店),上城区,餐饮服务;中餐厅;中餐厅,4.7,103,1.0119733894209697,0.909090909090909,0.9346049046321526,0.2488078185201284,71.74
676,潮根夜档.潮汕菜.大排档(杭州总店),滨江区,餐饮服务;中餐厅;中餐厅,4.7,103,1.0119733894209697,0.909090909090909,0.9346049046321526,0.2488078185201284,71.74
677,泉市鲜活牛肉店(东站万象汇店),上城区,餐饮服务;中餐厅;中餐厅,4.7,103,1.0119733894209697,0.909090909090909,0.9346049046321526,0.2488078185201284,71.74
678,泉市鲜活牛肉店(太合B区店),拱墅区,餐饮服务;中餐厅;中餐厅,4.7,103,1.0119733894209697,0.909090909090909,0.9346049046321526,0.2488078185201284,71.74
679,泉市鲜活牛肉店(中南乐游城店),滨江区,餐饮服务;中餐厅;火锅店,4.7,103,1.0119733894209697,0.909090909090909,0.9346049046321526,0.2488078185201284,71.74
680,永遇乐海鲜自助餐厅·火锅烤肉蒸锅,临平区,餐饮服务;中餐厅;中餐厅,4.7,103,1.0119733894209697,0.909090909090909,0.9346049046321526,0.2488078185201284,71.74
681,锅武林·地锅鸡·东北烧烤小酒馆(长龙路乐创城店),萧山区,餐饮服务;餐饮相关场所;餐饮相关,4.5,46,1.168786359775222,0.8181818181818181,0.973433242506812,0.351055739180311,71.69
682,萨莉亚意式餐厅(龙湖杭州西溪天街店),西湖区,餐饮服务;外国餐厅;意式菜品餐厅,4.5,46,1.168786359775222,0.8181818181818181,0.973433242506812,0.351055739180311,71.69
683,阿炳爆鳝面(清河坊历史文化特色街区店),上城区,餐饮服务;快餐厅;快餐厅,4.5,46,1.168786359775222,0.8181818181818181,0.973433242506812,0.351055739180311,71.69
684,必胜客(杭州解百店),上城区,餐饮服务;快餐厅;必胜客,4.5,46,1.168786359775222,0.8181818181818181,0.973433242506812,0.351055739180311,71.69
685,阿毛饭店·传统宁波菜(杭州来福士中心店),上城区,餐饮服务;餐饮相关场所;餐饮相关,4.7,104,1.0098925745770306,0.909090909090909,0.9339237057220708,0.24745104943023116,71.68
686,海底捞火锅(杭州庆春路夜宵主题店),上城区,餐饮服务;中餐厅;火锅店,4.7,104,1.0098925745770306,0.909090909090909,0.9339237057220708,0.24745104943023116,71.68
687,粤见粤发(拱墅店),拱墅区,餐饮服务;中餐厅;广东菜(粤菜),4.7,104,1.0098925745770306,0.909090909090909,0.9339237057220708,0.24745104943023116,71.68
688,杭小厨·地道杭帮菜(湖滨店),上城区,餐饮服务;中餐厅;中餐厅,4.6,69,1.0827362955409794,0.8636363636363635,0.9577656675749319,0.2949478794748918,71.66
689,辣得香湘菜馆(益乐路店),西湖区,餐饮服务;中餐厅;湖南菜(湘菜),4.6,69,1.0827362955409794,0.8636363636363635,0.9577656675749319,0.2949478794748918,71.66
690,東禧张大厨老坛柠檬鱼(首尔印象店),西湖区,餐饮服务;中餐厅;中餐厅,4.6,69,1.0827362955409794,0.8636363636363635,0.9577656675749319,0.2949478794748918,71.66
691,小损样烧烤(恒祺中心店),上城区,餐饮服务;中餐厅;中餐厅,4.6,69,1.0827362955409794,0.8636363636363635,0.9577656675749319,0.2949478794748918,71.66
692,二丫家东北铁锅炖大鹅(龙章路店),西湖区,餐饮服务;中餐厅;中餐厅,4.6,69,1.0827362955409794,0.8636363636363635,0.9577656675749319,0.2949478794748918,71.66
693,东北老菜馆,上城区,餐饮服务;中餐厅;东北菜,4.6,69,1.0827362955409794,0.8636363636363635,0.9577656675749319,0.2949478794748918,71.66
694,王大力·活龙虾江湖菜大排档(夜宵·拱墅万达店),拱墅区,餐饮服务;中餐厅;中餐厅,4.6,69,1.0827362955409794,0.8636363636363635,0.9577656675749319,0.2949478794748918,71.66
695,肯德基(杭州东站万象汇店),上城区,餐饮服务;快餐厅;肯德基,4.4,32,1.2583985370117672,0.7727272727272727,0.9829700272479565,0.4094862297677247,71.63
696,麦当劳(杭州黄龙世纪广场餐厅),西湖区,餐饮服务;快餐厅;麦当劳,4.4,32,1.2583985370117672,0.7727272727272727,0.9829700272479565,0.4094862297677247,71.63
697,钱塘宴(江河汇店),上城区,餐饮服务;中餐厅;中餐厅,4.8,157,0.9481303498869907,0.9545454545454544,0.8978201634877384,0.20717976934646404,71.62
698,你又瘦了小酒馆(奥体店),萧山区,餐饮服务;餐饮相关场所;餐饮相关,4.7,105,1.0078399020873017,0.909090909090909,0.9332425068119891,0.24611263020765667,71.62
699,麻爪·大连特色海鲜烧烤(杭州大悦城店),拱墅区,餐饮服务;餐饮相关场所;餐饮相关,4.7,105,1.0078399020873017,0.909090909090909,0.9332425068119891,0.24611263020765667,71.62
700,烟火神炭·炭火砂锅·烧烤小海鲜大排档·小龙虾,西湖区,餐饮服务;餐饮相关场所;餐饮相关,4.7,105,1.0078399020873017,0.909090909090909,0.9332425068119891,0.24611263020765667,71.62
701,茉莉奶白(杭州四季青店),上城区,餐饮服务;冷饮店;冷饮店,4.2,17,1.453100276297013,0.6818181818181819,0.9931880108991825,0.5364390446137421,71.6
702,1点点(双菱店),上城区,餐饮服务;冷饮店;冷饮店,4.2,17,1.453100276297013,0.6818181818181819,0.9931880108991825,0.5364390446137421,71.6
703,瑞幸咖啡(高德置地广场店),上城区,餐饮服务;咖啡厅;咖啡厅,4.1,13,1.5535850449287998,0.636363636363636,0.9959128065395095,0.6019588713692023,71.59
704,瑞幸咖啡(杭州来福士中心店),上城区,餐饮服务;咖啡厅;咖啡厅,4.1,13,1.5535850449287998,0.636363636363636,0.9959128065395095,0.6019588713692023,71.59
705,瑞幸咖啡(平安金融中心店),上城区,餐饮服务;餐饮相关场所;餐饮相关,4.1,13,1.5535850449287998,0.636363636363636,0.9959128065395095,0.6019588713692023,71.59
706,瑞幸咖啡(杭州华成国际发展大厦店),上城区,餐饮服务;咖啡厅;咖啡厅,4.1,13,1.5535850449287998,0.636363636363636,0.9959128065395095,0.6019588713692023,71.59
707,瑞幸咖啡(圣奥中央商务大厦店),上城区,餐饮服务;咖啡厅;咖啡厅,4.1,13,1.5535850449287998,0.636363636363636,0.9959128065395095,0.6019588713692023,71.59
708,瑞幸咖啡(钱江国际时代广场店),上城区,餐饮服务;咖啡厅;咖啡厅,4.1,13,1.5535850449287998,0.636363636363636,0.9959128065395095,0.6019588713692023,71.59
709,瑞幸咖啡(森禾广场店),上城区,餐饮服务;咖啡厅;咖啡厅,4.1,13,1.5535850449287998,0.636363636363636,0.9959128065395095,0.6019588713692023,71.59
710,瑞幸咖啡(钱江路地铁站店),上城区,餐饮服务;咖啡厅;咖啡厅,4.1,13,1.5535850449287998,0.636363636363636,0.9959128065395095,0.6019588713692023,71.59
711,瑞幸咖啡(万银国际大厦店),上城区,餐饮服务;咖啡厅;咖啡厅,4.1,13,1.5535850449287998,0.636363636363636,0.9959128065395095,0.6019588713692023,71.59
712,瑞幸咖啡(钱塘航空大厦店),上城区,餐饮服务;咖啡厅;咖啡厅,4.1,13,1.5535850449287998,0.636363636363636,0.9959128065395095,0.6019588713692023,71.59
713,瑞幸咖啡(太平门直街店),上城区,餐饮服务;咖啡厅;咖啡厅,4.1,13,1.5535850449287998,0.636363636363636,0.9959128065395095,0.6019588713692023,71.59
714,瑞幸咖啡(双菱路沿街店),上城区,餐饮服务;咖啡厅;咖啡厅,4.1,13,1.5535850449287998,0.636363636363636,0.9959128065395095,0.6019588713692023,71.59
715,瑞幸咖啡(蕙沣大厦店),上城区,餐饮服务;餐饮相关场所;餐饮相关,4.1,13,1.5535850449287998,0.636363636363636,0.9959128065395095,0.6019588713692023,71.59
716,爷爷不泡茶NOYEYENOTEA(杭州上城钱江路店),上城区,餐饮服务;休闲餐饮场所;休闲餐饮场所,4.1,13,1.5535850449287998,0.636363636363636,0.9959128065395095,0.6019588713692023,71.59
717,AJIYA味屋日式烤肉(开元路店),上城区,餐饮服务;外国餐厅;日本料理,4.8,158,0.9469502299722987,0.9545454545454544,0.8971389645776566,0.20641028703173997,71.58
718,3号仓库·创意中国菜(钱江新城店),上城区,餐饮服务;中餐厅;中餐厅,4.7,106,1.0058147144910827,0.909090909090909,0.9325613079019074,0.2447921321634426,71.57
719,伊家鲜·经典杭帮菜(黄龙店),西湖区,餐饮服务;中餐厅;中餐厅,4.7,106,1.0058147144910827,0.909090909090909,0.9325613079019074,0.2447921321634426,71.57
720,禄德林川味黑鱼花(萧山店),萧山区,餐饮服务;餐饮相关场所;餐饮相关,4.7,106,1.0058147144910827,0.909090909090909,0.9325613079019074,0.2447921321634426,71.57
721,赵美丽·重庆社区火锅·直营店(火车东站·中豪国际店),上城区,餐饮服务;中餐厅;火锅店,4.7,106,1.0058147144910827,0.909090909090909,0.9325613079019074,0.2447921321634426,71.57
722,宽马记大排档·热鲜牛肉海鲜火锅(临平店),临平区,餐饮服务;中餐厅;中餐厅,4.7,106,1.0058147144910827,0.909090909090909,0.9325613079019074,0.2447921321634426,71.57
723,矮子餐厅(紫晶商务城店),上城区,餐饮服务;中餐厅;中餐厅,4.6,70,1.0791333463194086,0.8636363636363635,0.9570844686648501,0.29259862185087254,71.57
724,成渝老妈川菜(双菱路店),上城区,餐饮服务;中餐厅;四川菜(川菜),4.6,70,1.0791333463194086,0.8636363636363635,0.9570844686648501,0.29259862185087254,71.57
725,老弄堂菜馆(鼓楼店),上城区,餐饮服务;中餐厅;中餐厅,4.6,70,1.0791333463194086,0.8636363636363635,0.9570844686648501,0.29259862185087254,71.57
726,幺妹鱼庄(华丰分店),拱墅区,餐饮服务;中餐厅;海鲜酒楼,4.6,70,1.0791333463194086,0.8636363636363635,0.9570844686648501,0.29259862185087254,71.57
727,盱眙杨姐龙虾馆·仓前羊肉馆(明珠街店),上城区,餐饮服务;中餐厅;海鲜酒楼,4.6,70,1.0791333463194086,0.8636363636363635,0.9570844686648501,0.29259862185087254,71.57
728,孔岳冒菜(高德置地店),上城区,餐饮服务;中餐厅;中餐厅,4.5,47,1.1624299506329794,0.8181818181818181,0.9727520435967303,0.3469111227229387,71.54
729,湘先生米小姐(EFC LIVE欧美广场店),余杭区,餐饮服务;中餐厅;湖南菜(湘菜),4.5,47,1.1624299506329794,0.8181818181818181,0.9727520435967303,0.3469111227229387,71.54
730,举炊·寻湘记·湖南菜(大象城店),西湖区,餐饮服务;中餐厅;中餐厅,4.5,47,1.1624299506329794,0.8181818181818181,0.9727520435967303,0.3469111227229387,71.54
731,湘先生米小姐(杭州七堡花园城店),上城区,餐饮服务;中餐厅;湖南菜(湘菜),4.5,47,1.1624299506329794,0.8181818181818181,0.9727520435967303,0.3469111227229387,71.54
732,如意餐馆(万向路店货真价实店),萧山区,餐饮服务;中餐厅;中餐厅,4.5,47,1.1624299506329794,0.8181818181818181,0.9727520435967303,0.3469111227229387,71.54
733,小拜年锅包肉,上城区,餐饮服务;中餐厅;中餐厅,4.5,47,1.1624299506329794,0.8181818181818181,0.9727520435967303,0.3469111227229387,71.54
734,彭兜兜.地道湖南土菜.烧烤.小龙虾(仓南里MEET636店),余杭区,餐饮服务;中餐厅;中餐厅,4.5,47,1.1624299506329794,0.8181818181818181,0.9727520435967303,0.3469111227229387,71.54
735,三个蒙古大叔(朝龙汇D+PARK店),萧山区,餐饮服务;中餐厅;综合酒楼,4.7,107,1.0038163759213463,0.909090909090909,0.9318801089918256,0.24348914068850908,71.51
736,城东海鲜大排档(中豪五星国际店),上城区,餐饮服务;中餐厅;海鲜酒楼,4.7,107,1.0038163759213463,0.909090909090909,0.9318801089918256,0.24348914068850908,71.51
737,渝签斤串串自助火锅(武林夜市店),拱墅区,餐饮服务;中餐厅;火锅店,4.6,71,1.0756041907377925,0.8636363636363635,0.9564032697547684,0.29029748043960185,71.48
738,湘遇·湖南私房菜(西湖店),上城区,餐饮服务;中餐厅;湖南菜(湘菜),4.6,71,1.0756041907377925,0.8636363636363635,0.9564032697547684,0.29029748043960185,71.48
739,大俺徽地锅鸡(庆春店),上城区,餐饮服务;中餐厅;中餐厅,4.6,71,1.0756041907377925,0.8636363636363635,0.9564032697547684,0.29029748043960185,71.48
740,比格比萨自助(杭州金沙印象城店),钱塘区,餐饮服务;快餐厅;快餐厅,4.6,71,1.0756041907377925,0.8636363636363635,0.9564032697547684,0.29029748043960185,71.48
741,大禹龙虾烧烤,滨江区,餐饮服务;餐饮相关场所;餐饮相关,4.6,71,1.0756041907377925,0.8636363636363635,0.9564032697547684,0.29029748043960185,71.48
742,Shake Shack(杭州嘉里中心店),拱墅区,餐饮服务;快餐厅;快餐厅,4.6,71,1.0756041907377925,0.8636363636363635,0.9564032697547684,0.29029748043960185,71.48
743,瀛海牛·鲜切牛肉海鲜火锅,上城区,餐饮服务;中餐厅;火锅店,4.7,108,1.0018442711962656,0.909090909090909,0.9311989100817438,0.24220325466130038,71.46
744,望江门小龙虾·虾王大排挡(杭州总店),滨江区,餐饮服务;中餐厅;海鲜酒楼,4.7,108,1.0018442711962656,0.909090909090909,0.9311989100817438,0.24220325466130038,71.46
745,% Arabica阿拉比卡咖啡(万象城店),上城区,餐饮服务;咖啡厅;咖啡厅,4.5,48,1.156271270331939,0.8181818181818181,0.9720708446866485,0.34289543286406016,71.41
746,海丰西餐社,上城区,餐饮服务;外国餐厅;外国餐厅,4.4,33,1.247745365025867,0.7727272727272727,0.9822888283378747,0.4025399632597128,71.41
747,蜀谭记·盐帮川菜(杭州首店),滨江区,餐饮服务;中餐厅;四川菜(川菜),4.7,109,0.9998978049571461,0.909090909090909,0.9305177111716622,0.24093408588568438,71.4
748,8+1广式大排档·海肠捞饭·夜宵食堂,滨江区,餐饮服务;餐饮相关场所;餐饮相关,4.7,109,0.9998978049571461,0.909090909090909,0.9305177111716622,0.24093408588568438,71.4
749,313羊庄(萧山总店),萧山区,餐饮服务;中餐厅;中餐厅,4.7,109,0.9998978049571461,0.909090909090909,0.9305177111716622,0.24093408588568438,71.4
750,昊来了寿司,萧山区,餐饮服务;外国餐厅;日本料理,4.7,109,0.9998978049571461,0.909090909090909,0.9305177111716622,0.24093408588568438,71.4
751,虾不打烊小龙虾馆,临平区,餐饮服务;中餐厅;中餐厅,4.7,109,0.9998978049571461,0.909090909090909,0.9305177111716622,0.24093408588568438,71.4
752,吴记餐厅·杭帮菜·私房菜(西湖湖滨店),上城区,餐饮服务;中餐厅;浙江菜|餐饮服务;中餐厅;特色/地方风味餐厅,4.6,72,1.0721462498591425,0.8636363636363635,0.9557220708446866,0.2880427736777245,71.4
753,渝少卿重庆飘香鱼正宗川菜(华夏之心店),余杭区,餐饮服务;中餐厅;四川菜(川菜),4.6,72,1.0721462498591425,0.8636363636363635,0.9557220708446866,0.2880427736777245,71.4
754,费大厨辣椒炒肉(奥体印象城店),萧山区,餐饮服务;中餐厅;中餐厅,4.6,72,1.0721462498591425,0.8636363636363635,0.9557220708446866,0.2880427736777245,71.4
755,只有板凳长·湖南山里菜,滨江区,餐饮服务;餐饮相关场所;餐饮相关,4.6,72,1.0721462498591425,0.8636363636363635,0.9557220708446866,0.2880427736777245,71.4
756,芳达烧烤(亚琪大厦店),滨江区,餐饮服务;中餐厅;特色/地方风味餐厅,4.6,72,1.0721462498591425,0.8636363636363635,0.9557220708446866,0.2880427736777245,71.4
757,帕米尔餐厅·新疆烧烤·羊肉串(杭州华景宾馆店),上城区,餐饮服务;中餐厅;中餐厅,4.6,72,1.0721462498591425,0.8636363636363635,0.9557220708446866,0.2880427736777245,71.4
758,东京烧肉Itimaru(杭州解百A座店),上城区,餐饮服务;外国餐厅;日本料理,4.8,163,0.941201121231692,0.9545454545454544,0.8937329700272479,0.20266165314610946,71.38
759,汝拉?西溪哩(西溪湿地福堤慢生活街区店),西湖区,餐饮服务;中餐厅;特色/地方风味餐厅,4.7,110,0.9979764008499875,0.909090909090909,0.9298365122615804,0.23968125855730021,71.35
760,水墨徽I新安·徽菜(钱江世纪城店),萧山区,餐饮服务;中餐厅;中餐厅,4.7,110,0.9979764008499875,0.909090909090909,0.9298365122615804,0.23968125855730021,71.35
761,佬太公海鲜·象山大排档(杭州首店),滨江区,餐饮服务;中餐厅;中餐厅,4.7,110,0.9979764008499875,0.909090909090909,0.9298365122615804,0.23968125855730021,71.35
762,川娃子菜馆.烤鱼小龙虾(景芳店),上城区,餐饮服务;中餐厅;四川菜(川菜),4.6,73,1.06875707044094,0.8636363636363635,0.9550408719346049,0.28583290195937966,71.31
763,绿茶餐厅(杭州东站万象汇店),上城区,餐饮服务;中餐厅;中餐厅,4.6,73,1.06875707044094,0.8636363636363635,0.9550408719346049,0.28583290195937966,71.31
764,春江酸菜鱼馆(春江西路总店),桐庐县,餐饮服务;中餐厅;四川菜(川菜),4.6,73,1.06875707044094,0.8636363636363635,0.9550408719346049,0.28583290195937966,71.31
765,红星路·成都街头烤鱼·川菜·夜宵团建(钱江世纪城店),萧山区,餐饮服务;中餐厅;四川菜(川菜),4.6,73,1.06875707044094,0.8636363636363635,0.9550408719346049,0.28583290195937966,71.31
766,泉市鲜活牛肉店(钱江新城店),上城区,餐饮服务;中餐厅;中餐厅,4.7,111,0.9960795007480808,0.909090909090909,0.9291553133514987,0.23844440875666267,71.29
767,你今天真好看(芳塘店),上城区,餐饮服务;餐饮相关场所;餐饮相关,4.7,111,0.9960795007480808,0.909090909090909,0.9291553133514987,0.23844440875666267,71.29
768,糊妞靓姐顺德干蒸菜(美塘店),余杭区,餐饮服务;餐饮相关场所;餐饮相关,4.5,49,1.1502999838589916,0.8181818181818181,0.9713896457765667,0.3390019307886522,71.27
769,李白图书馆餐厅?杭帮菜名店(西湖大学店),西湖区,餐饮服务;中餐厅;中餐厅,4.7,112,0.9942065640132312,0.909090909090909,0.9284741144414169,0.2372231839674515,71.24
770,胡建小馆·地道客家菜,西湖区,餐饮服务;中餐厅;中餐厅,4.7,112,0.9942065640132312,0.909090909090909,0.9284741144414169,0.2372231839674515,71.24
771,佳友记·潮汕海鲜砂锅粥,萧山区,餐饮服务;中餐厅;潮州菜|餐饮服务;中餐厅;海鲜酒楼,4.7,112,0.9942065640132312,0.909090909090909,0.9284741144414169,0.2372231839674515,71.24
772,肯德基(杭州砂之船奥莱店),上城区,餐饮服务;快餐厅;快餐厅,4.3,24,1.3358701093031655,0.7272727272727271,0.9884196185286104,0.4600005919354438,71.24
773,头牌鹤岗小串(天虹店),上城区,餐饮服务;中餐厅;特色/地方风味餐厅,4.6,74,1.065434317138697,0.8636363636363635,0.9543596730245232,0.28366634255263184,71.23
774,印湖杭味·创意杭帮菜(西湖店),拱墅区,餐饮服务;中餐厅;中餐厅,4.6,74,1.065434317138697,0.8636363636363635,0.9543596730245232,0.28366634255263184,71.23
775,冯三孃川菜馆(湖滨直营店),上城区,餐饮服务;中餐厅;中餐厅,4.6,74,1.065434317138697,0.8636363636363635,0.9543596730245232,0.28366634255263184,71.23
776,江南公社(桐庐店),桐庐县,餐饮服务;中餐厅;湖南菜(湘菜),4.6,74,1.065434317138697,0.8636363636363635,0.9543596730245232,0.28366634255263184,71.23
777,厨创东北大厨(滨江宝龙店),滨江区,餐饮服务;餐饮相关场所;餐饮相关,4.6,74,1.065434317138697,0.8636363636363635,0.9543596730245232,0.28366634255263184,71.23
778,黑淀儿烧烤(奥体店),萧山区,餐饮服务;餐饮相关场所;餐饮相关,4.6,74,1.065434317138697,0.8636363636363635,0.9543596730245232,0.28366634255263184,71.23
779,天天有鹅肉·小南门龙虾,萧山区,餐饮服务;中餐厅;中餐厅,4.6,74,1.065434317138697,0.8636363636363635,0.9543596730245232,0.28366634255263184,71.23
780,兰湘子·湘菜小炒(杭州西溪龙湖天街店),西湖区,餐饮服务;中餐厅;湖南菜(湘菜),4.4,34,1.2375722218760048,0.7727272727272727,0.9816076294277929,0.39590669350337865,71.19
781,邵医咖啡(杭州江干区),上城区,餐饮服务;咖啡厅;咖啡厅,4.4,34,1.2375722218760048,0.7727272727272727,0.9816076294277929,0.39590669350337865,71.19
782,德悦悦品海鲜姿造·海鲜和牛火锅·商务宴·家宴(滨江长河店),滨江区,餐饮服务;中餐厅;海鲜酒楼,4.8,168,0.9356909886030721,0.9545454545454544,0.8903269754768393,0.19906884062195768,71.18
783,嘻嘻哇噻老火锅,临平区,餐饮服务;中餐厅;火锅店,4.7,113,0.9923570667933549,0.909090909090909,0.9277929155313351,0.2360172426185188,71.18
784,何记潮汕鱼生大排档,上城区,餐饮服务;中餐厅;中餐厅,4.7,113,0.9923570667933549,0.909090909090909,0.9277929155313351,0.2360172426185188,71.18
785,拙大师·龙虾四季排档(杭州北景园店),拱墅区,餐饮服务;中餐厅;海鲜酒楼|餐饮服务;中餐厅;火锅店,4.7,113,0.9923570667933549,0.909090909090909,0.9277929155313351,0.2360172426185188,71.18
786,老头儿油爆虾·巷子里的烟火味(采荷店),上城区,餐饮服务;中餐厅;中餐厅,4.6,75,1.0621757652933361,0.8636363636363635,0.9536784741144414,0.28154164489657135,71.15
787,印湖饭店·传承经典杭帮菜(西湖断桥店),西湖区,餐饮服务;中餐厅;中餐厅,4.6,75,1.0621757652933361,0.8636363636363635,0.9536784741144414,0.28154164489657135,71.15
788,烤匠麻辣烤鱼(亚奥万象天地店),萧山区,餐饮服务;中餐厅;特色/地方风味餐厅,4.6,75,1.0621757652933361,0.8636363636363635,0.9536784741144414,0.28154164489657135,71.15
789,不忘湘·精致湘菜·小龙虾(闻堰老街店),萧山区,餐饮服务;中餐厅;湖南菜(湘菜),4.6,75,1.0621757652933361,0.8636363636363635,0.9536784741144414,0.28154164489657135,71.15
790,大俺徽柴火鸡·地锅鸡(加州阳光店),萧山区,餐饮服务;中餐厅;中餐厅,4.6,75,1.0621757652933361,0.8636363636363635,0.9536784741144414,0.28154164489657135,71.15
791,金玉东北烧烤·东北菜,余杭区,餐饮服务;中餐厅;特色/地方风味餐厅,4.6,75,1.0621757652933361,0.8636363636363635,0.9536784741144414,0.28154164489657135,71.15
792,郭淑芬鲜切牛肉自助老火锅(延安路店),拱墅区,餐饮服务;餐饮相关场所;餐饮相关,4.6,75,1.0621757652933361,0.8636363636363635,0.9536784741144414,0.28154164489657135,71.15
793,达美乐比萨(惠兴路店),上城区,餐饮服务;快餐厅;快餐厅,4.6,75,1.0621757652933361,0.8636363636363635,0.9536784741144414,0.28154164489657135,71.15
794,达美乐比萨(鸿泰路店),上城区,餐饮服务;快餐厅;快餐厅,4.6,75,1.0621757652933361,0.8636363636363635,0.9536784741144414,0.28154164489657135,71.15
795,达美乐比萨(山阴路店),萧山区,餐饮服务;快餐厅;快餐厅,4.6,75,1.0621757652933361,0.8636363636363635,0.9536784741144414,0.28154164489657135,71.15
796,达美乐比萨(仓前万达广场店),余杭区,餐饮服务;快餐厅;快餐厅,4.6,75,1.0621757652933361,0.8636363636363635,0.9536784741144414,0.28154164489657135,71.15
797,达美乐比萨(滨文路店),滨江区,餐饮服务;快餐厅;快餐厅,4.6,75,1.0621757652933361,0.8636363636363635,0.9536784741144414,0.28154164489657135,71.15
798,达美乐比萨(利一路店),萧山区,餐饮服务;快餐厅;快餐厅,4.6,75,1.0621757652933361,0.8636363636363635,0.9536784741144414,0.28154164489657135,71.15
799,湘先生米小姐湖南小炒(古墩路印象城店),西湖区,餐饮服务;中餐厅;湖南菜(湘菜),4.5,50,1.1445065016481901,0.8181818181818181,0.970708446866485,0.3352243637411178,71.14
800,年年不忘下饭菜(滨江宝龙店),滨江区,餐饮服务;中餐厅;中餐厅,4.5,50,1.1445065016481901,0.8181818181818181,0.970708446866485,0.3352243637411178,71.14
801,厨创东北大厨(杭州大厦501店),上城区,餐饮服务;中餐厅;中餐厅,4.5,50,1.1445065016481901,0.8181818181818181,0.970708446866485,0.3352243637411178,71.14
802,鱼生有饭·生鱼饭(杭州首店),拱墅区,餐饮服务;中餐厅;中餐厅,4.5,50,1.1445065016481901,0.8181818181818181,0.970708446866485,0.3352243637411178,71.14
803,T-yoogee,上城区,餐饮服务;餐饮相关场所;餐饮相关,4.7,114,0.9905305013543473,0.909090909090909,0.9271117166212535,0.2348262536482419,71.13
804,云上膈膜烧肉·酒场(星光大道店),滨江区,餐饮服务;外国餐厅;日本料理,4.7,114,0.9905305013543473,0.909090909090909,0.9271117166212535,0.2348262536482419,71.13
805,梅溪徐记鲜牛肉火锅·烧烤(西溪天街外街店),西湖区,餐饮服务;中餐厅;火锅店,4.7,114,0.9905305013543473,0.909090909090909,0.9271117166212535,0.2348262536482419,71.13
806,泉市鲜活牛肉店(百井坊店),拱墅区,餐饮服务;中餐厅;中餐厅,4.7,115,0.9887263754442637,0.909090909090909,0.9264305177111717,0.23364989608994507,71.08
807,浙C老邻舍海鲜餐厅(西城海错店),拱墅区,餐饮服务;中餐厅;海鲜酒楼,4.7,115,0.9887263754442637,0.909090909090909,0.9264305177111717,0.23364989608994507,71.08
808,谢大牛馆·中式卤牛排(景芳店),上城区,餐饮服务;中餐厅;中餐厅,4.6,76,1.0589792942513956,0.8636363636363635,0.9529972752043596,0.2794574262458401,71.07
809,辛香汇·四川饭馆(工联CC店),上城区,餐饮服务;中餐厅;中餐厅,4.6,76,1.0589792942513956,0.8636363636363635,0.9529972752043596,0.2794574262458401,71.07
810,齐庆·美蛙鱼头火锅(滨江宝龙店),滨江区,餐饮服务;中餐厅;火锅店,4.6,76,1.0589792942513956,0.8636363636363635,0.9529972752043596,0.2794574262458401,71.07
811,付小姐在成都(杭州总店),拱墅区,餐饮服务;中餐厅;火锅店,4.6,76,1.0589792942513956,0.8636363636363635,0.9529972752043596,0.2794574262458401,71.07
812,和为贵·路哥东北烧烤,上城区,餐饮服务;中餐厅;特色/地方风味餐厅,4.6,76,1.0589792942513956,0.8636363636363635,0.9529972752043596,0.2794574262458401,71.07
813,蟹满皇·蟹黄面(西湖湖滨店),上城区,餐饮服务;餐饮相关场所;餐饮相关,4.6,76,1.0589792942513956,0.8636363636363635,0.9529972752043596,0.2794574262458401,71.07
814,活虾堂龙虾(文一西路店),西湖区,餐饮服务;中餐厅;特色/地方风味餐厅,4.6,76,1.0589792942513956,0.8636363636363635,0.9529972752043596,0.2794574262458401,71.07
815,活虾堂·羊肉煲小龙虾烧烤(高沙店),钱塘区,餐饮服务;中餐厅;中餐厅,4.6,76,1.0589792942513956,0.8636363636363635,0.9529972752043596,0.2794574262458401,71.07
816,LELECHA乐乐茶(杭州天虹购物中心店),上城区,餐饮服务;冷饮店;冷饮店,4.2,18,1.4264177419594564,0.6818181818181819,0.9925068119891008,0.5190410344376972,71.07
817,江粤宴?江粤臻宴·品鲜融合,上城区,餐饮服务;中餐厅;广东菜(粤菜),4.7,116,0.9869442116879764,0.909090909090909,0.9257493188010899,0.23248785867719363,71.03
818,龙井茂居·西餐厅·下午茶,西湖区,餐饮服务;中餐厅;中餐厅,4.7,116,0.9869442116879764,0.909090909090909,0.9257493188010899,0.23248785867719363,71.03
819,李馆长深夜食堂(西湖店),西湖区,餐饮服务;中餐厅;中餐厅,4.7,116,0.9869442116879764,0.909090909090909,0.9257493188010899,0.23248785867719363,71.03
820,友·小海鲜bistro,拱墅区,餐饮服务;中餐厅;海鲜酒楼,4.7,116,0.9869442116879764,0.909090909090909,0.9257493188010899,0.23248785867719363,71.03
821,皖宴地锅鸡·地锅鱼,临平区,餐饮服务;中餐厅;中餐厅,4.5,51,1.1388819117479259,0.8181818181818181,0.9700272479564033,0.33155692079574745,71.02
822,裕莲茶楼(杭州万象城店),上城区,餐饮服务;餐饮相关场所;餐饮相关,4.5,51,1.1388819117479259,0.8181818181818181,0.9700272479564033,0.33155692079574745,71.02
823,潇阳居·寻味广粤(东站东广场店),上城区,餐饮服务;中餐厅;中餐厅,4.6,77,1.0558428811721325,0.8636363636363635,0.952316076294278,0.27741236763262983,70.99
824,彭兜兜鲜货烧烤·小龙虾湘菜大排档(未来科技城店),余杭区,餐饮服务;中餐厅;中餐厅,4.6,77,1.0558428811721325,0.8636363636363635,0.952316076294278,0.27741236763262983,70.99
825,厨创东北大厨(湖滨In77 C区店),上城区,餐饮服务;中餐厅;中餐厅,4.6,77,1.0558428811721325,0.8636363636363635,0.952316076294278,0.27741236763262983,70.99
826,豪客来牛排(杭州文三颐高数码城餐厅),西湖区,餐饮服务;外国餐厅;西餐厅(综合风味)|餐饮服务;外国餐厅;牛扒店(扒房),4.6,77,1.0558428811721325,0.8636363636363635,0.952316076294278,0.27741236763262983,70.99
827,串小二鲜货烧烤.龙虾风暴,萧山区,餐饮服务;中餐厅;中餐厅,4.6,77,1.0558428811721325,0.8636363636363635,0.952316076294278,0.27741236763262983,70.99
828,粤顺·顺德菜(迪凯?城星国际店),上城区,餐饮服务;中餐厅;广东菜(粤菜),4.7,117,0.9851835470105966,0.909090909090909,0.9250681198910082,0.2313398394678436,70.98
829,徽商故里(杭州店),西湖区,餐饮服务;中餐厅;安徽菜(徽菜),4.7,117,0.9851835470105966,0.909090909090909,0.9250681198910082,0.2313398394678436,70.98
830,Funloop芳麓·湖畔南欧餐厅(西湖天地店),上城区,餐饮服务;餐饮相关场所;餐饮相关,4.7,117,0.9851835470105966,0.909090909090909,0.9250681198910082,0.2313398394678436,70.98
831,徽府地锅鸡(临浦店),萧山区,餐饮服务;中餐厅;安徽菜(徽菜),4.4,35,1.227843378412744,0.7727272727272727,0.9809264305177112,0.3895631237572052,70.98
832,肯德基(西湖文化广场店),拱墅区,餐饮服务;快餐厅;肯德基,4.4,35,1.227843378412744,0.7727272727272727,0.9809264305177112,0.3895631237572052,70.98
833,入江南·金奖杭帮菜·浙江菜(虎跑店),西湖区,餐饮服务;餐饮相关场所;餐饮相关,4.7,118,0.9834439320880544,0.909090909090909,0.9243869209809265,0.23020554548579902,70.92
834,湘之荷·品质湘菜,拱墅区,餐饮服务;中餐厅;湖南菜(湘菜),4.7,118,0.9834439320880544,0.909090909090909,0.9243869209809265,0.23020554548579902,70.92
835,鸟剑居酒屋(中山北路店),拱墅区,餐饮服务;外国餐厅;日本料理,4.7,118,0.9834439320880544,0.909090909090909,0.9243869209809265,0.23020554548579902,70.92
836,鸟剑居酒屋(钱江世纪城店),萧山区,餐饮服务;外国餐厅;日本料理,4.7,118,0.9834439320880544,0.909090909090909,0.9243869209809265,0.23020554548579902,70.92
837,钱江渔村·渔浦佳宴(湘湖店),萧山区,餐饮服务;中餐厅;海鲜酒楼,4.7,118,0.9834439320880544,0.909090909090909,0.9243869209809265,0.23020554548579902,70.92
838,费大厨辣椒炒肉(龙湖杭州上城天街店),上城区,餐饮服务;中餐厅;中餐厅,4.6,78,1.0527645952801123,0.8636363636363635,0.9516348773841962,0.27540521011915625,70.92
839,整点东北菜儿,萧山区,餐饮服务;中餐厅;东北菜,4.6,78,1.0527645952801123,0.8636363636363635,0.9516348773841962,0.27540521011915625,70.92
840,不万能先生·市井牛肉火锅(武林总店),拱墅区,餐饮服务;中餐厅;火锅店,4.6,78,1.0527645952801123,0.8636363636363635,0.9516348773841962,0.27540521011915625,70.92
841,汕心·潮汕甜汤(杭州湖滨in77店),上城区,餐饮服务;甜品店;甜品店,4.3,25,1.3197890086495798,0.7272727272727271,0.9877384196185286,0.4495151129598098,70.91
842,小菜园新徽菜(良安路店),余杭区,餐饮服务;餐饮相关场所;餐饮相关,4.3,25,1.3197890086495798,0.7272727272727271,0.9877384196185286,0.4495151129598098,70.91
843,绿茶餐厅(杭州西湖文化广场店),拱墅区,餐饮服务;中餐厅;中餐厅,4.5,52,1.1334179193826484,0.8181818181818181,0.9693460490463215,0.32799419344870057,70.89
844,湘先生米小姐(亲橙里购物中心店),余杭区,餐饮服务;中餐厅;湖南菜(湘菜),4.5,52,1.1334179193826484,0.8181818181818181,0.9693460490463215,0.32799419344870057,70.89
845,老六小炒肉(杭州大悦城店),拱墅区,餐饮服务;餐饮相关场所;餐饮相关,4.5,52,1.1334179193826484,0.8181818181818181,0.9693460490463215,0.32799419344870057,70.89
846,聚福阁东北铁锅炖(滨江开元广场店),滨江区,餐饮服务;中餐厅;东北菜,4.5,52,1.1334179193826484,0.8181818181818181,0.9693460490463215,0.32799419344870057,70.89
847,海鲨岛海鲜豆捞餐厅,上城区,餐饮服务;中餐厅;火锅店,4.8,176,0.9273302064260824,0.9545454545454544,0.8848773841961853,0.1936172979928072,70.88
848,张大厨老坛柠檬鱼,上城区,餐饮服务;中餐厅;中餐厅,4.6,79,1.0497425925258759,0.8636363636363635,0.9509536784741145,0.27343475131621425,70.84
849,忆浙西·浙西农家菜(龙岗店),临安区,餐饮服务;中餐厅;安徽菜(徽菜),4.6,79,1.0497425925258759,0.8636363636363635,0.9509536784741145,0.27343475131621425,70.84
850,名人名家·浙菜(秋涛北路店),上城区,餐饮服务;中餐厅;综合酒楼|餐饮服务;中餐厅;浙江菜,4.7,120,0.9800261198469788,0.909090909090909,0.923024523160763,0.2279770040962225,70.82
851,海底捞火锅(金帝T-ONE MO店),萧山区,餐饮服务;中餐厅;火锅店,4.7,120,0.9800261198469788,0.909090909090909,0.923024523160763,0.2279770040962225,70.82
852,马厂老火锅(杭州东站店),上城区,餐饮服务;中餐厅;火锅店,4.7,120,0.9800261198469788,0.909090909090909,0.923024523160763,0.2279770040962225,70.82
853,郑阿公顺德鸡煲饭双皮奶(文一路店),西湖区,餐饮服务;中餐厅;中餐厅,4.7,120,0.9800261198469788,0.909090909090909,0.923024523160763,0.2279770040962225,70.82
854,海底捞火锅(杭州三花国际店),上城区,餐饮服务;中餐厅;火锅店,4.7,120,0.9800261198469788,0.909090909090909,0.923024523160763,0.2279770040962225,70.82
855,海底捞火锅(杭州湖滨in77D区店),上城区,餐饮服务;中餐厅;火锅店,4.7,120,0.9800261198469788,0.909090909090909,0.923024523160763,0.2279770040962225,70.82
856,海底捞火锅(杭州西湖夜宵主题店),上城区,餐饮服务;中餐厅;火锅店,4.7,120,0.9800261198469788,0.909090909090909,0.923024523160763,0.2279770040962225,70.82
857,海底捞火锅(杭州滨江九宜城店),滨江区,餐饮服务;中餐厅;火锅店,4.7,120,0.9800261198469788,0.909090909090909,0.923024523160763,0.2279770040962225,70.82
858,海底捞火锅(西溪银泰店),西湖区,餐饮服务;中餐厅;火锅店,4.7,120,0.9800261198469788,0.909090909090909,0.923024523160763,0.2279770040962225,70.82
859,海底捞火锅(杭州未来科技城万达店),余杭区,餐饮服务;中餐厅;火锅店,4.7,120,0.9800261198469788,0.909090909090909,0.923024523160763,0.2279770040962225,70.82
860,海底捞火锅(绍兴路店),拱墅区,餐饮服务;中餐厅;火锅店,4.7,120,0.9800261198469788,0.909090909090909,0.923024523160763,0.2279770040962225,70.82
861,海底捞火锅(杭州工联cc店),上城区,餐饮服务;中餐厅;火锅店,4.7,120,0.9800261198469788,0.909090909090909,0.923024523160763,0.2279770040962225,70.82
862,海底捞火锅(杭州中大银泰城店),拱墅区,餐饮服务;中餐厅;火锅店,4.7,120,0.9800261198469788,0.909090909090909,0.923024523160763,0.2279770040962225,70.82
863,海底捞火锅之江里店,西湖区,餐饮服务;中餐厅;火锅店,4.7,120,0.9800261198469788,0.909090909090909,0.923024523160763,0.2279770040962225,70.82
864,海底捞火锅(杭州金沙印象城店),钱塘区,餐饮服务;中餐厅;火锅店,4.7,120,0.9800261198469788,0.909090909090909,0.923024523160763,0.2279770040962225,70.82
865,海底捞火锅(杭州西田城店),余杭区,餐饮服务;中餐厅;火锅店,4.7,120,0.9800261198469788,0.909090909090909,0.923024523160763,0.2279770040962225,70.82
866,海底捞火锅(杭州西溪印象城店),余杭区,餐饮服务;中餐厅;火锅店,4.7,120,0.9800261198469788,0.909090909090909,0.923024523160763,0.2279770040962225,70.82
867,海底捞火锅(杭州城西银泰城店),拱墅区,餐饮服务;中餐厅;火锅店,4.7,120,0.9800261198469788,0.909090909090909,0.923024523160763,0.2279770040962225,70.82
868,海底捞火锅(杭州萧山众安广场店),萧山区,餐饮服务;中餐厅;火锅店,4.7,120,0.9800261198469788,0.909090909090909,0.923024523160763,0.2279770040962225,70.82
869,海底捞火锅(杭州大悦城店),拱墅区,餐饮服务;中餐厅;火锅店,4.7,120,0.9800261198469788,0.909090909090909,0.923024523160763,0.2279770040962225,70.82
870,海底捞火锅(大江东宝龙广场夜宵主题店),钱塘区,餐饮服务;中餐厅;火锅店,4.7,120,0.9800261198469788,0.909090909090909,0.923024523160763,0.2279770040962225,70.82
871,海底捞火锅(杭州临平银泰城店),临平区,餐饮服务;中餐厅;火锅店,4.7,120,0.9800261198469788,0.909090909090909,0.923024523160763,0.2279770040962225,70.82
872,海底捞火锅(杭州东城购物中心店),上城区,餐饮服务;中餐厅;火锅店,4.7,120,0.9800261198469788,0.909090909090909,0.923024523160763,0.2279770040962225,70.82
873,海底捞火锅(杭州西子丁兰广场店),上城区,餐饮服务;中餐厅;火锅店,4.7,120,0.9800261198469788,0.909090909090909,0.923024523160763,0.2279770040962225,70.82
874,海底捞火锅(杭州临平欢乐城店),临平区,餐饮服务;中餐厅;火锅店,4.7,120,0.9800261198469788,0.909090909090909,0.923024523160763,0.2279770040962225,70.82
875,海底捞大排档火锅(杭州吾角天街店),钱塘区,餐饮服务;中餐厅;火锅店,4.7,120,0.9800261198469788,0.909090909090909,0.923024523160763,0.2279770040962225,70.82
876,海底捞火锅(铂澜大象城店),西湖区,餐饮服务;中餐厅;火锅店|体育休闲服务;体育休闲服务场所;体育休闲服务场所,4.7,120,0.9800261198469788,0.909090909090909,0.923024523160763,0.2279770040962225,70.82
877,海底捞火锅(杭州之江银泰百货店),西湖区,餐饮服务;中餐厅;火锅店,4.7,120,0.9800261198469788,0.909090909090909,0.923024523160763,0.2279770040962225,70.82
878,海底捞火锅(杭州古墩路印象城店),西湖区,餐饮服务;中餐厅;火锅店,4.7,120,0.9800261198469788,0.909090909090909,0.923024523160763,0.2279770040962225,70.82
879,海底捞火锅(拱墅万达店),拱墅区,餐饮服务;中餐厅;火锅店,4.7,120,0.9800261198469788,0.909090909090909,0.923024523160763,0.2279770040962225,70.82
880,海底捞火锅(杭州滨江开元广场店),滨江区,餐饮服务;中餐厅;火锅店,4.7,120,0.9800261198469788,0.909090909090909,0.923024523160763,0.2279770040962225,70.82
881,海底捞火锅(杭州余杭万达广场店),余杭区,餐饮服务;中餐厅;火锅店,4.7,120,0.9800261198469788,0.909090909090909,0.923024523160763,0.2279770040962225,70.82
882,海底捞火锅(临安苕溪商业广场店),临安区,餐饮服务;中餐厅;火锅店,4.7,120,0.9800261198469788,0.909090909090909,0.923024523160763,0.2279770040962225,70.82
883,海底捞火锅(上亿广场店),临平区,餐饮服务;中餐厅;火锅店,4.7,120,0.9800261198469788,0.909090909090909,0.923024523160763,0.2279770040962225,70.82
884,海底捞大排档火锅(杭州水晶城购物中心店),拱墅区,餐饮服务;中餐厅;火锅店,4.7,120,0.9800261198469788,0.909090909090909,0.923024523160763,0.2279770040962225,70.82
885,苍蝇酒肉馆(国都公寓店),拱墅区,餐饮服务;外国餐厅;日本料理|体育休闲服务;娱乐场所;酒吧,4.7,120,0.9800261198469788,0.909090909090909,0.923024523160763,0.2279770040962225,70.82
886,藏鲜工坊(莲花店),西湖区,餐饮服务;中餐厅;海鲜酒楼,4.7,120,0.9800261198469788,0.909090909090909,0.923024523160763,0.2279770040962225,70.82
887,乔街深夜食堂(凤起路店),拱墅区,餐饮服务;餐饮相关场所;餐饮相关,4.7,120,0.9800261198469788,0.909090909090909,0.923024523160763,0.2279770040962225,70.82
888,小家居·台州小馆(杭州首店),上城区,餐饮服务;中餐厅;中餐厅,4.7,120,0.9800261198469788,0.909090909090909,0.923024523160763,0.2279770040962225,70.82
889,藏鲜工坊(朝晖店),拱墅区,餐饮服务;中餐厅;海鲜酒楼|餐饮服务;中餐厅;综合酒楼,4.7,120,0.9800261198469788,0.909090909090909,0.923024523160763,0.2279770040962225,70.82
890,乔街深夜食堂(紫金港店),西湖区,餐饮服务;中餐厅;中餐厅,4.7,120,0.9800261198469788,0.909090909090909,0.923024523160763,0.2279770040962225,70.82
891,藏鲜工坊·西悦餐厅(西溪店),西湖区,餐饮服务;中餐厅;中餐厅,4.7,120,0.9800261198469788,0.909090909090909,0.923024523160763,0.2279770040962225,70.82
892,厨禾海鲜·精致浙菜(临平店),临平区,餐饮服务;中餐厅;浙江菜|餐饮服务;中餐厅;海鲜酒楼,4.7,120,0.9800261198469788,0.909090909090909,0.923024523160763,0.2279770040962225,70.82
893,三立方咖啡(杭州高德置地店),上城区,餐饮服务;咖啡厅;咖啡厅,4.1,14,1.5140044295823056,0.636363636363636,0.9952316076294278,0.576150830054208,70.8
894,肯德基(杭州万象店),拱墅区,餐饮服务;快餐厅;肯德基,4.4,36,1.2185267309989727,0.7727272727272727,0.9802452316076294,0.3834883212492865,70.78
895,楼凤楼·香港大排档·宵夜饭店(杭州首店),滨江区,餐饮服务;中餐厅;火锅店,4.7,121,0.9783470880404871,0.909090909090909,0.9223433242506812,0.22688221257133606,70.77
896,寿司郎(印力汇德隆杭州奥体印象城店),萧山区,餐饮服务;外国餐厅;日本料理,4.7,121,0.9783470880404871,0.909090909090909,0.9223433242506812,0.22688221257133606,70.77
897,HEYUMMY好时镇,上城区,餐饮服务;外国餐厅;西餐厅(综合风味),4.7,121,0.9783470880404871,0.909090909090909,0.9223433242506812,0.22688221257133606,70.77
898,山海盟海鲜烤肉自助餐厅(萧山银泰店),萧山区,餐饮服务;中餐厅;海鲜酒楼,4.7,121,0.9783470880404871,0.909090909090909,0.9223433242506812,0.22688221257133606,70.77
899,红星路·成都烤鱼(万达步行街店),拱墅区,餐饮服务;中餐厅;特色/地方风味餐厅,4.6,80,1.046775110620863,0.8636363636363635,0.9502724795640327,0.271499842145762,70.77
900,新太二·鲜料川菜(杭州大悦城分店),拱墅区,餐饮服务;中餐厅;中餐厅,4.6,80,1.046775110620863,0.8636363636363635,0.9502724795640327,0.271499842145762,70.77
901,壹只鸡煲馆(杭州首店),西湖区,餐饮服务;中餐厅;中餐厅,4.6,80,1.046775110620863,0.8636363636363635,0.9502724795640327,0.271499842145762,70.77
902,侯师傅热炒店(杭州湖滨in77店),上城区,餐饮服务;中餐厅;中餐厅,4.6,80,1.046775110620863,0.8636363636363635,0.9502724795640327,0.271499842145762,70.77
903,碧湖小馆(象山国际店),西湖区,餐饮服务;中餐厅;中餐厅,4.6,80,1.046775110620863,0.8636363636363635,0.9502724795640327,0.271499842145762,70.77
904,马丫东北饭儿(浙商财富中心店),西湖区,餐饮服务;中餐厅;东北菜,4.6,80,1.046775110620863,0.8636363636363635,0.9502724795640327,0.271499842145762,70.77
905,马丫东北饭儿(临平店),临平区,餐饮服务;中餐厅;中餐厅,4.6,80,1.046775110620863,0.8636363636363635,0.9502724795640327,0.271499842145762,70.77
906,蘭记牛府贵州黄牛肉火锅(中山中路店),上城区,餐饮服务;中餐厅;火锅店,4.6,80,1.046775110620863,0.8636363636363635,0.9502724795640327,0.271499842145762,70.77
907,一个串说(万泰城店),上城区,餐饮服务;中餐厅;中餐厅,4.6,80,1.046775110620863,0.8636363636363635,0.9502724795640327,0.271499842145762,70.77
908,赶海去·海鲜烧烤小酒馆·团建·露营(萧山店),萧山区,餐饮服务;中餐厅;中餐厅,4.6,80,1.046775110620863,0.8636363636363635,0.9502724795640327,0.271499842145762,70.77
909,戒指龙虾.小龙虾.烧烤(下沙一店),钱塘区,餐饮服务;中餐厅;中餐厅,4.6,80,1.046775110620863,0.8636363636363635,0.9502724795640327,0.271499842145762,70.77
910,戒指龙虾·小龙虾·烧烤(九堡格畈店),上城区,餐饮服务;中餐厅;中餐厅,4.6,80,1.046775110620863,0.8636363636363635,0.9502724795640327,0.271499842145762,70.77
911,朱小喜龙虾馆(金莱店),萧山区,餐饮服务;中餐厅;海鲜酒楼,4.6,80,1.046775110620863,0.8636363636363635,0.9502724795640327,0.271499842145762,70.77
912,皖宴地锅鸡(瑞聚大厦店),临平区,餐饮服务;中餐厅;中餐厅,4.5,53,1.128106792975486,0.8181818181818181,0.9686648501362398,0.3245311404227363,70.77
913,萨莉亚意式餐厅(国大城市广场店),拱墅区,餐饮服务;外国餐厅;意式菜品餐厅,4.5,53,1.128106792975486,0.8181818181818181,0.9686648501362398,0.3245311404227363,70.77
914,兄弟龙虾(广苑小区店),临安区,餐饮服务;中餐厅;中餐厅,4.5,53,1.128106792975486,0.8181818181818181,0.9686648501362398,0.3245311404227363,70.77
915,堂前屋后·开化山里菜(凯旋店),上城区,餐饮服务;中餐厅;中餐厅,4.6,81,1.043860464415957,0.8636363636363635,0.9495912806539509,0.26959938382755994,70.69
916,吴记·寻味江南,上城区,餐饮服务;中餐厅;中餐厅,4.6,81,1.043860464415957,0.8636363636363635,0.9495912806539509,0.26959938382755994,70.69
917,小红砂锅(三根桥店),富阳区,餐饮服务;中餐厅;中餐厅,4.6,81,1.043860464415957,0.8636363636363635,0.9495912806539509,0.26959938382755994,70.69
918,蚂蚁洞烤肉料理(杭州亚奥万象天地店),萧山区,餐饮服务;中餐厅;中餐厅,4.6,81,1.043860464415957,0.8636363636363635,0.9495912806539509,0.26959938382755994,70.69
919,黄龙海鲜大排档(滨江店),滨江区,餐饮服务;中餐厅;中餐厅,4.7,123,0.9750467760092476,0.909090909090909,0.9209809264305178,0.22473028571246917,70.68
920,拉哥烧烤龙虾馆(沈塘桥店),拱墅区,餐饮服务;中餐厅;中餐厅,4.5,54,1.1229413158314532,0.8181818181818181,0.967983651226158,0.3211630561628572,70.65
921,粤顺餐厅(EFC LIVE欧美广场店),余杭区,餐饮服务;中餐厅;中餐厅,4.7,124,0.9734247308100584,0.909090909090909,0.920299727520436,0.22367265158654664,70.63
922,木屋烧烤(江干天虹店),上城区,餐饮服务;中餐厅;特色/地方风味餐厅,4.6,82,1.04099704159588,0.8636363636363635,0.9489100817438693,0.2677323250717543,70.62
923,蚝当家·海鲜龙虾烧烤(文二路店),西湖区,餐饮服务;中餐厅;中餐厅,4.6,82,1.04099704159588,0.8636363636363635,0.9489100817438693,0.2677323250717543,70.62
924,瑔记·台州小馆·小龙虾(杭州首店),余杭区,餐饮服务;中餐厅;中餐厅,4.6,82,1.04099704159588,0.8636363636363635,0.9489100817438693,0.2677323250717543,70.62
925,元气考拉·湖南小炒(滨江宝龙城店),滨江区,餐饮服务;中餐厅;中餐厅,4.4,37,1.2095933420669718,0.7727272727272727,0.9795640326975477,0.37766341760335537,70.59
926,麦当劳(工联大厦店)餐厅,上城区,餐饮服务;快餐厅;麦当劳,4.4,37,1.2095933420669718,0.7727272727272727,0.9795640326975477,0.37766341760335537,70.59
927,麦当劳(华侨饭店店),上城区,餐饮服务;快餐厅;麦当劳,4.4,37,1.2095933420669718,0.7727272727272727,0.9795640326975477,0.37766341760335537,70.59
928,李白图书馆餐厅(秋涛北路店),上城区,餐饮服务;中餐厅;浙江菜,4.7,125,0.9718209340204937,0.909090909090909,0.9196185286103542,0.22262691610609492,70.58
929,京東盛·老北京铜锅涮肉·烤串(钱江世纪城店),萧山区,餐饮服务;中餐厅;火锅店,4.7,125,0.9718209340204937,0.909090909090909,0.9196185286103542,0.22262691610609492,70.58
930,觅香老火锅(杭州首店),拱墅区,餐饮服务;中餐厅;火锅店,4.7,125,0.9718209340204937,0.909090909090909,0.9196185286103542,0.22262691610609492,70.58
931,茉莉奶白(杭州万象城店),上城区,餐饮服务;冷饮店;冷饮店,4.2,19,1.4019944429204032,0.6818181818181819,0.9918256130790191,0.5031161301599223,70.57
932,胖哥俩肉蟹煲(杭州天虹店),上城区,餐饮服务;快餐厅;肯德基,4.6,83,1.038183298664222,0.8636363636363635,0.9482288828337875,0.2658976594609673,70.55
933,匠小灶·江浙菜(西湖·定安路店),上城区,餐饮服务;中餐厅;中餐厅,4.6,83,1.038183298664222,0.8636363636363635,0.9482288828337875,0.2658976594609673,70.55
934,小舅妈社区老火锅(滨江天街店),滨江区,餐饮服务;中餐厅;火锅店,4.6,83,1.038183298664222,0.8636363636363635,0.9482288828337875,0.2658976594609673,70.55
935,柴米夫妻老川菜·小龙虾(华中路店),拱墅区,餐饮服务;中餐厅;中餐厅,4.6,83,1.038183298664222,0.8636363636363635,0.9482288828337875,0.2658976594609673,70.55
936,小菜园新徽菜(杭州江干天虹店),上城区,餐饮服务;中餐厅;安徽菜(徽菜),4.5,55,1.117914742793111,0.8181818181818181,0.9673024523160763,0.31788554257417917,70.54
937,湘先生米小姐(EAC世贸丽晶城店),西湖区,餐饮服务;中餐厅;湖南菜(湘菜),4.5,55,1.117914742793111,0.8181818181818181,0.9673024523160763,0.31788554257417917,70.54
938,湘先生米小姐(临安人民广场店),临安区,餐饮服务;中餐厅;湖南菜(湘菜),4.5,55,1.117914742793111,0.8181818181818181,0.9673024523160763,0.31788554257417917,70.54
939,小菜园新徽菜(杭州上城龙湖店),上城区,餐饮服务;中餐厅;安徽菜(徽菜),4.5,55,1.117914742793111,0.8181818181818181,0.9673024523160763,0.31788554257417917,70.54
940,小菜园新徽菜(杭州滨江宝龙店),滨江区,餐饮服务;中餐厅;安徽菜(徽菜),4.5,55,1.117914742793111,0.8181818181818181,0.9673024523160763,0.31788554257417917,70.54
941,小菜园新徽菜(杭州余杭万达店),余杭区,餐饮服务;中餐厅;安徽菜(徽菜),4.5,55,1.117914742793111,0.8181818181818181,0.9673024523160763,0.31788554257417917,70.54
942,小菜园新徽菜(杭州萧山银隆百货店),萧山区,餐饮服务;中餐厅;中餐厅,4.5,55,1.117914742793111,0.8181818181818181,0.9673024523160763,0.31788554257417917,70.54
943,小菜园新徽菜(杭州钱塘永旺店),钱塘区,餐饮服务;中餐厅;中餐厅,4.5,55,1.117914742793111,0.8181818181818181,0.9673024523160763,0.31788554257417917,70.54
944,小菜园新徽菜(杭州滨江开元店),滨江区,餐饮服务;中餐厅;安徽菜(徽菜),4.5,55,1.117914742793111,0.8181818181818181,0.9673024523160763,0.31788554257417917,70.54
945,宝中宝食府,上城区,餐饮服务;中餐厅;综合酒楼,4.7,127,0.9686666703111613,0.909090909090909,0.9182561307901907,0.22057021821455874,70.48
946,慢野·自由餐厅·私房菜(馒头山店),上城区,餐饮服务;中餐厅;中餐厅,4.7,127,0.9686666703111613,0.909090909090909,0.9182561307901907,0.22057021821455874,70.48
947,肉肉大米(杭州万象城店),上城区,餐饮服务;外国餐厅;日本料理,4.6,84,1.0354177571961811,0.8636363636363635,0.9475476839237057,0.26409442300694247,70.48
948,狐狸爱上椰子鸡(上城天虹店),上城区,餐饮服务;中餐厅;火锅店,4.6,84,1.0354177571961811,0.8636363636363635,0.9475476839237057,0.26409442300694247,70.48
949,一峤·Singapore浓汤蝦面,萧山区,餐饮服务;中餐厅;中餐厅,4.6,84,1.0354177571961811,0.8636363636363635,0.9475476839237057,0.26409442300694247,70.48
950,牛小花秘制炭火烤牛肉(新塘路景芳店),上城区,餐饮服务;餐饮相关场所;餐饮相关,4.6,84,1.0354177571961811,0.8636363636363635,0.9475476839237057,0.26409442300694247,70.48
951,厨创东北小酒馆(EFC新店),余杭区,餐饮服务;中餐厅;东北菜,4.6,84,1.0354177571961811,0.8636363636363635,0.9475476839237057,0.26409442300694247,70.48
952,红盔甲.小龙虾(杭州首店),萧山区,餐饮服务;中餐厅;中餐厅,4.8,188,0.9157252317232223,0.9545454545454544,0.8767029972752044,0.186050420520868,70.45
953,菲乐餐厅(望江城投店),上城区,餐饮服务;中餐厅;中餐厅,4.7,128,0.9671155198875083,0.909090909090909,0.917574931880109,0.2195588101333817,70.44
954,東喜記·杭帮菜·西湖醋鱼(拱墅店),拱墅区,餐饮服务;餐饮相关场所;餐饮相关,4.7,128,0.9671155198875083,0.909090909090909,0.917574931880109,0.2195588101333817,70.44
955,哥老官重庆美蛙鱼头(杭州大厦购物城·中央商城店),拱墅区,餐饮服务;中餐厅;火锅店,4.7,128,0.9671155198875083,0.909090909090909,0.917574931880109,0.2195588101333817,70.44
956,暮光里烧鸟·摩登居酒屋·CHIRPY BIRD,萧山区,餐饮服务;外国餐厅;日本料理,4.7,128,0.9671155198875083,0.909090909090909,0.917574931880109,0.2195588101333817,70.44
957,小厨师沈家门海鲜(胜利河店),拱墅区,餐饮服务;中餐厅;海鲜酒楼,4.7,128,0.9671155198875083,0.909090909090909,0.917574931880109,0.2195588101333817,70.44
958,湘先生米小姐(滨江宝龙店),滨江区,餐饮服务;中餐厅;中餐厅,4.5,56,1.1130207612752312,0.8181818181818181,0.9666212534059946,0.3146944836150756,70.42
959,湖南人家私房菜馆(上尚城店),余杭区,餐饮服务;中餐厅;湖南菜(湘菜),4.5,56,1.1130207612752312,0.8181818181818181,0.9666212534059946,0.3146944836150756,70.42
960,东北大院(空港新天地店),萧山区,餐饮服务;中餐厅;中餐厅,4.5,56,1.1130207612752312,0.8181818181818181,0.9666212534059946,0.3146944836150756,70.42
961,厨创东北老家(新天地购物中心店),拱墅区,餐饮服务;中餐厅;东北菜,4.5,56,1.1130207612752312,0.8181818181818181,0.9666212534059946,0.3146944836150756,70.42
962,兰湘子·湘菜小炒(杭州钱塘永旺梦乐城店),钱塘区,餐饮服务;中餐厅;湖南菜(湘菜),4.4,38,1.2010170498013486,0.7727272727272727,0.978882833787466,0.3720713543374598,70.41
963,寄畅興·百年蟹黄面·非遗杭帮菜(西湖庭院景观店),上城区,餐饮服务;中餐厅;中餐厅,4.6,85,1.0326990003381638,0.8636363636363635,0.946866485013624,0.26232169186815407,70.4
964,王翁记石锅翅·乳鸽专门店,上城区,餐饮服务;快餐厅;快餐厅,4.6,85,1.0326990003381638,0.8636363636363635,0.946866485013624,0.26232169186815407,70.4
965,徽姐姐徽菜·臭鳜鱼(潮王路店),拱墅区,餐饮服务;中餐厅;中餐厅,4.6,85,1.0326990003381638,0.8636363636363635,0.946866485013624,0.26232169186815407,70.4
966,焰请烤肉铺子(杭州天虹购物中心店),上城区,餐饮服务;中餐厅;中餐厅,4.6,85,1.0326990003381638,0.8636363636363635,0.946866485013624,0.26232169186815407,70.4
967,三两好友深夜食堂小龙虾·烤乳猪·罗氏虾(滨江店),滨江区,餐饮服务;中餐厅;中餐厅,4.6,85,1.0326990003381638,0.8636363636363635,0.946866485013624,0.26232169186815407,70.4
968,山葵村烤肉(滨江星光大道店),滨江区,餐饮服务;外国餐厅;外国餐厅,4.6,85,1.0326990003381638,0.8636363636363635,0.946866485013624,0.26232169186815407,70.4
969,李氏龙虾烧烤烤鱼(缔逸城商业街店),余杭区,餐饮服务;中餐厅;特色/地方风味餐厅,4.6,85,1.0326990003381638,0.8636363636363635,0.946866485013624,0.26232169186815407,70.4
970,德悦海鲜·包厢宴会(杭州滨江店),滨江区,餐饮服务;中餐厅;海鲜酒楼|住宿服务;宾馆酒店;宾馆酒店,4.7,129,0.9655812501871658,0.909090909090909,0.9168937329700273,0.21855840891505413,70.39
971,二火锅(杭州店),上城区,餐饮服务;餐饮相关场所;餐饮相关,4.7,129,0.9655812501871658,0.909090909090909,0.9168937329700273,0.21855840891505413,70.39
972,七欣天(临平星火南路店),临平区,餐饮服务;中餐厅;火锅店|餐饮服务;中餐厅;海鲜酒楼,4.7,129,0.9655812501871658,0.909090909090909,0.9168937329700273,0.21855840891505413,70.39
973,東盛炭烤自助料理(奥体印象城店),萧山区,餐饮服务;中餐厅;中餐厅,4.7,129,0.9655812501871658,0.909090909090909,0.9168937329700273,0.21855840891505413,70.39
974,東盛炭烤自助料理(临平招商花园城店),临平区,餐饮服务;中餐厅;中餐厅,4.7,129,0.9655812501871658,0.909090909090909,0.9168937329700273,0.21855840891505413,70.39
975,江浙荟(杭州湖滨in77店),上城区,餐饮服务;中餐厅;中餐厅,4.6,86,1.0300256695352283,0.8636363636363635,0.9461852861035422,0.2605785802159772,70.34
976,洞庭3000里·乡野湖南菜(杭州中心店),拱墅区,餐饮服务;中餐厅;中餐厅,4.6,86,1.0300256695352283,0.8636363636363635,0.9461852861035422,0.2605785802159772,70.34
977,凯旋烧烤(建国北路),拱墅区,餐饮服务;中餐厅;中餐厅,4.6,86,1.0300256695352283,0.8636363636363635,0.9461852861035422,0.2605785802159772,70.34
978,蛮涮自助小火锅·糖水铺子集合店(滨江银泰店),滨江区,餐饮服务;中餐厅;火锅店,4.5,57,1.108253456165225,0.8181818181818181,0.9659400544959128,0.3115860224109443,70.31
979,蛮涮自助小火锅·糖水铺子集合店(金沙印象城店),钱塘区,餐饮服务;中餐厅;火锅店,4.5,57,1.108253456165225,0.8181818181818181,0.9659400544959128,0.3115860224109443,70.31
980,蛮涮自助小火锅·糖水铺子集合店(杭州滨江天街店),滨江区,餐饮服务;中餐厅;火锅店,4.5,57,1.108253456165225,0.8181818181818181,0.9659400544959128,0.3115860224109443,70.31
981,蛮涮自助小火锅·糖水铺子集合店(滨江宝龙店),滨江区,餐饮服务;中餐厅;火锅店,4.5,57,1.108253456165225,0.8181818181818181,0.9659400544959128,0.3115860224109443,70.31
982,蛮涮自助小火锅·糖水铺子集合店(七堡花园城店),上城区,餐饮服务;中餐厅;火锅店,4.5,57,1.108253456165225,0.8181818181818181,0.9659400544959128,0.3115860224109443,70.31
983,蛮涮自助小火锅·糖水铺子集合店(杭州上城天街店),上城区,餐饮服务;中餐厅;火锅店,4.5,57,1.108253456165225,0.8181818181818181,0.9659400544959128,0.3115860224109443,70.31
984,徽州小馆,桐庐县,餐饮服务;餐饮相关场所;餐饮相关,3.9,9,1.693748479422682,0.5454545454545454,0.9986376021798365,0.6933506720424083,70.31
985,库迪咖啡(高德置地中心店),上城区,餐饮服务;咖啡厅;咖啡厅,3.9,9,1.693748479422682,0.5454545454545454,0.9986376021798365,0.6933506720424083,70.31
986,库迪咖啡(杭州爵优科技大厦店),上城区,餐饮服务;咖啡厅;咖啡厅,3.9,9,1.693748479422682,0.5454545454545454,0.9986376021798365,0.6933506720424083,70.31
987,老弄堂·老底子杭帮味(西溪店),西湖区,餐饮服务;中餐厅;中餐厅,4.7,131,0.9625620851542669,0.909090909090909,0.9155313351498637,0.21658980041254022,70.3
988,粤顺餐馆(赞成中心店),上城区,餐饮服务;中餐厅;广东菜(粤菜),4.7,131,0.9625620851542669,0.909090909090909,0.9155313351498637,0.21658980041254022,70.3
989,酉串·食聚屋炭火烧鸟酒场(杭州本店),拱墅区,餐饮服务;外国餐厅;日本料理,4.7,131,0.9625620851542669,0.909090909090909,0.9155313351498637,0.21658980041254022,70.3
990,汉堡王(庆春广场地铁站),上城区,餐饮服务;快餐厅;快餐厅,4.3,27,1.2904370025517762,0.7272727272727271,0.9863760217983651,0.430376507371729,70.3
991,很久以前羊肉串(杭州来福士店),上城区,餐饮服务;中餐厅;特色/地方风味餐厅,4.6,87,1.0273964614690458,0.8636363636363635,0.9455040871934605,0.25886423823812404,70.27
992,苏小蟹·蟹黄面(西溪湿地博物馆店),西湖区,餐饮服务;中餐厅;中餐厅,4.6,87,1.0273964614690458,0.8636363636363635,0.9455040871934605,0.25886423823812404,70.27
993,小杨小黄鱼超人龙虾(景芳店),上城区,餐饮服务;中餐厅;特色/地方风味餐厅,4.6,87,1.0273964614690458,0.8636363636363635,0.9455040871934605,0.25886423823812404,70.27
994,三个蒙古大叔烤羊肉串(五福天虹购物中心B座店),上城区,餐饮服务;中餐厅;特色/地方风味餐厅,4.7,132,0.9610765769005598,0.909090909090909,0.9148501362397821,0.21562119348084346,70.25
995,德悦悦品海鲜姿造(未来科技城宝龙广场店),余杭区,餐饮服务;中餐厅;海鲜酒楼,4.7,132,0.9610765769005598,0.909090909090909,0.9148501362397821,0.21562119348084346,70.25
996,Peet's皮爷咖啡(杭州来福士店),上城区,餐饮服务;咖啡厅;咖啡厅,4.4,39,1.192774134999994,0.7727272727272727,0.9782016348773842,0.3666966656448501,70.23
997,Peet's皮爷咖啡(杭州大厦501店),上城区,餐饮服务;咖啡厅;咖啡厅,4.4,39,1.192774134999994,0.7727272727272727,0.9782016348773842,0.3666966656448501,70.23
998,星平鸡饭·粤菜小炒(来福士店),上城区,餐饮服务;中餐厅;中餐厅,4.5,58,1.1036072781442368,0.8181818181818181,0.965258855585831,0.3085565405983755,70.21
999,举炊·寻湘记·湖南菜(西子丁兰广场店),上城区,餐饮服务;中餐厅;湖南菜(湘菜),4.5,58,1.1036072781442368,0.8181818181818181,0.965258855585831,0.3085565405983755,70.21
1000,叭嘴湘·湖南下饭菜(乐创城店),萧山区,餐饮服务;中餐厅;湖南菜(湘菜),4.5,58,1.1036072781442368,0.8181818181818181,0.965258855585831,0.3085565405983755,70.21
1001,吉豚屋(杭州湖滨in77C3区店),上城区,餐饮服务;外国餐厅;日本料理,4.5,58,1.1036072781442368,0.8181818181818181,0.965258855585831,0.3085565405983755,70.21
1002,必胜客(杭州转塘华润店),西湖区,餐饮服务;快餐厅;必胜客,4.5,58,1.1036072781442368,0.8181818181818181,0.965258855585831,0.3085565405983755,70.21
1003,火龙堂·龙虾羊排烧烤精酿(文一路店),西湖区,餐饮服务;中餐厅;中餐厅,4.5,58,1.1036072781442368,0.8181818181818181,0.965258855585831,0.3085565405983755,70.21
1004,知味观味庄(杭州钱江世纪城店),萧山区,餐饮服务;中餐厅;中餐厅,4.7,133,0.9596067229571507,0.909090909090909,0.9141689373297003,0.2146627937448507,70.2
1005,潮三爷.生腌熟醉潮汕菜(朝晖店),拱墅区,餐饮服务;中餐厅;中餐厅,4.7,133,0.9596067229571507,0.909090909090909,0.9141689373297003,0.2146627937448507,70.2
1006,18号酒馆(滨江山泽里店),滨江区,餐饮服务;外国餐厅;西餐厅(综合风味),4.7,133,0.9596067229571507,0.909090909090909,0.9141689373297003,0.2146627937448507,70.2
1007,久米半岛(新台州菜),上城区,餐饮服务;餐饮相关场所;餐饮相关,4.7,133,0.9596067229571507,0.909090909090909,0.9141689373297003,0.2146627937448507,70.2
1008,蛙小侠(银隆B座店),萧山区,餐饮服务;中餐厅;中餐厅,4.6,88,1.0248101251905388,0.8636363636363635,0.9448228882833788,0.257177850269017,70.2
1009,大鱼徽州·皖南家宴(文二店),西湖区,餐饮服务;中餐厅;中餐厅,4.6,88,1.0248101251905388,0.8636363636363635,0.9448228882833788,0.257177850269017,70.2
1010,马氏脉舟东北清真菜(文一路店),西湖区,餐饮服务;餐饮相关场所;餐饮相关,4.6,88,1.0248101251905388,0.8636363636363635,0.9448228882833788,0.257177850269017,70.2
1011,李百蟹·湖景蟹黄面·望湖楼(西湖断桥店),西湖区,餐饮服务;中餐厅;海鲜酒楼,4.6,88,1.0248101251905388,0.8636363636363635,0.9448228882833788,0.257177850269017,70.2
1012,凹凹板正一把串·深夜食堂,拱墅区,餐饮服务;中餐厅;中餐厅,4.6,88,1.0248101251905388,0.8636363636363635,0.9448228882833788,0.257177850269017,70.2
1013,品蝦居小龙虾大闸蟹,拱墅区,餐饮服务;餐饮相关场所;餐饮相关,4.6,88,1.0248101251905388,0.8636363636363635,0.9448228882833788,0.257177850269017,70.2
1014,富贵椰Thai Bistro泰式料理(万象城店),上城区,餐饮服务;外国餐厅;外国餐厅,4.7,134,0.9581522365799501,0.909090909090909,0.9134877384196185,0.21371441423669296,70.16
1015,宋宴(之江店),上城区,餐饮服务;中餐厅;中餐厅,4.7,134,0.9581522365799501,0.909090909090909,0.9134877384196185,0.21371441423669296,70.16
1016,黄龙海鲜大排档(钱江世纪城店),萧山区,餐饮服务;中餐厅;海鲜酒楼,4.7,134,0.9581522365799501,0.909090909090909,0.9134877384196185,0.21371441423669296,70.16
1017,强子海鲜(建设一路店),萧山区,餐饮服务;中餐厅;海鲜酒楼,4.7,134,0.9581522365799501,0.909090909090909,0.9134877384196185,0.21371441423669296,70.16
1018,象山石浦海鲜城(杭大路店),西湖区,餐饮服务;中餐厅;海鲜酒楼,4.7,134,0.9581522365799501,0.909090909090909,0.9134877384196185,0.21371441423669296,70.16
1019,德悦悦品海鲜姿造(星光店),滨江区,餐饮服务;中餐厅;中餐厅,4.7,134,0.9581522365799501,0.909090909090909,0.9134877384196185,0.21371441423669296,70.16
1020,东海渔宫·海鲜姿造(滨江店),滨江区,餐饮服务;中餐厅;海鲜酒楼,4.7,134,0.9581522365799501,0.909090909090909,0.9134877384196185,0.21371441423669296,70.16
1021,小马烧烤,上城区,餐饮服务;中餐厅;中餐厅,4.6,89,1.0222654594327278,0.8636363636363635,0.944141689373297,0.2555186330376646,70.13
1022,福临潮汕牛档·鲜烤牛肉·沙茶火锅·牛腩饭·烧烤,萧山区,餐饮服务;中餐厅;中餐厅,4.6,89,1.0222654594327278,0.8636363636363635,0.944141689373297,0.2555186330376646,70.13
1023,光头龙虾(丁桥店),上城区,餐饮服务;中餐厅;海鲜酒楼,4.6,89,1.0222654594327278,0.8636363636363635,0.944141689373297,0.2555186330376646,70.13
1024,小南门龙虾(天润店),萧山区,餐饮服务;餐饮相关场所;餐饮相关,4.6,89,1.0222654594327278,0.8636363636363635,0.944141689373297,0.2555186330376646,70.13
1025,中国杭帮菜博物馆(虎玉路店),上城区,餐饮服务;中餐厅;中餐厅,4.7,135,0.9567128384382347,0.909090909090909,0.9128065395095368,0.2127758728222931,70.11
1026,新沸腾鱼乡(黄姑山路店),西湖区,餐饮服务;中餐厅;四川菜(川菜),4.7,135,0.9567128384382347,0.909090909090909,0.9128065395095368,0.2127758728222931,70.11
1027,潮东东(九鼎·名仕顿商务楼店),拱墅区,餐饮服务;中餐厅;潮州菜,4.7,135,0.9567128384382347,0.909090909090909,0.9128065395095368,0.2127758728222931,70.11
1028,山缓缓火锅(杭州中心店),拱墅区,餐饮服务;中餐厅;火锅店,4.7,135,0.9567128384382347,0.909090909090909,0.9128065395095368,0.2127758728222931,70.11
1029,和炙烧鸟(庆春店),上城区,餐饮服务;外国餐厅;日本料理,4.7,135,0.9567128384382347,0.909090909090909,0.9128065395095368,0.2127758728222931,70.11
1030,LINLEE·手打柠檬茶(太平门直街店),上城区,餐饮服务;冷饮店;冷饮店,4.2,20,1.3795267027628146,0.6818181818181819,0.9911444141689373,0.4884663234005899,70.11
1031,LINLEE林里·手打柠檬茶(五福天虹购物中心店),上城区,餐饮服务;冷饮店;冷饮店,4.2,20,1.3795267027628146,0.6818181818181819,0.9911444141689373,0.4884663234005899,70.11
1032,塔斯汀中国汉堡(杭州市河坊街店),上城区,餐饮服务;快餐厅;快餐厅,4.2,20,1.3795267027628146,0.6818181818181819,0.9911444141689373,0.4884663234005899,70.11
1033,星平鸡饭·粤菜小炒(杭州东站万象汇店),上城区,餐饮服务;中餐厅;广东菜(粤菜),4.5,59,1.0990770150418754,0.8181818181818181,0.9645776566757494,0.3056026396473663,70.1
1034,费大厨辣椒炒肉(杭州大悦城店),拱墅区,餐饮服务;中餐厅;中餐厅,4.5,59,1.0990770150418754,0.8181818181818181,0.9645776566757494,0.3056026396473663,70.1
1035,湘先生米小姐(金沙印象城店),钱塘区,餐饮服务;中餐厅;湖南菜(湘菜),4.5,59,1.0990770150418754,0.8181818181818181,0.9645776566757494,0.3056026396473663,70.1
1036,古茗(上城市民中心店),上城区,餐饮服务;餐饮相关场所;餐饮相关,4.1,15,1.4787624169111875,0.636363636363636,0.9945504087193461,0.5531717199247255,70.1
1037,古茗(江干城星路店),上城区,餐饮服务;休闲餐饮场所;休闲餐饮场所,4.1,15,1.4787624169111875,0.636363636363636,0.9945504087193461,0.5531717199247255,70.1
1038,古茗(杭州上城景芳站店),上城区,餐饮服务;餐饮相关场所;餐饮相关,4.1,15,1.4787624169111875,0.636363636363636,0.9945504087193461,0.5531717199247255,70.1
1039,巴奴毛肚火锅(龙湖杭州西溪天街店),西湖区,餐饮服务;中餐厅;火锅店,4.7,136,0.9552882563683724,0.909090909090909,0.912125340599455,0.21184699204078544,70.07
1040,WADE'S Bar &Grill 味德(武林店),拱墅区,餐饮服务;外国餐厅;西餐厅(综合风味),4.7,136,0.9552882563683724,0.909090909090909,0.912125340599455,0.21184699204078544,70.07
1041,渔歌和宴.原烹平价海鲜餐厅(西溪堂店),余杭区,餐饮服务;中餐厅;海鲜酒楼,4.7,136,0.9552882563683724,0.909090909090909,0.912125340599455,0.21184699204078544,70.07
1042,味舵主重庆火锅(明星路店),萧山区,餐饮服务;中餐厅;火锅店,4.6,90,1.0197613100905423,0.8636363636363635,0.9434604904632152,0.25388583402440296,70.07
1043,潮汕叶记鲜牛肉火锅(华星时代广场店),西湖区,餐饮服务;中餐厅;火锅店,4.6,90,1.0197613100905423,0.8636363636363635,0.9434604904632152,0.25388583402440296,70.07
1044,肥猫·小龙虾·鲜货烧烤·炒菜大排档(杭州滨江区),滨江区,餐饮服务;中餐厅;中餐厅,4.6,90,1.0197613100905423,0.8636363636363635,0.9434604904632152,0.25388583402440296,70.07
1045,唐院宋潮·江鲜宴,余杭区,餐饮服务;中餐厅;中餐厅,4.7,137,0.953878225137508,0.909090909090909,0.9114441416893733,0.21092759895043006,70.02
1046,鹤之乡·齐齐哈尔烤肉(秋涛路店),上城区,餐饮服务;中餐厅;中餐厅,4.6,91,1.017296567855457,0.8636363636363635,0.9427792915531336,0.2522787299185916,70.0
1047,费大厨辣椒炒肉(金沙天街店),钱塘区,餐饮服务;中餐厅;中餐厅,4.6,91,1.017296567855457,0.8636363636363635,0.9427792915531336,0.2522787299185916,70.0
1048,炉鱼(杭州湖滨88店),上城区,餐饮服务;中餐厅;中餐厅,4.5,60,1.0946577658871908,0.8181818181818181,0.9638964577656676,0.3027211239415864,70.0
1049,万州烤鱼烧烤龙虾炒菜,余杭区,餐饮服务;中餐厅;中餐厅,4.5,60,1.0946577658871908,0.8181818181818181,0.9638964577656676,0.3027211239415864,70.0
1050,O'eat Gastronomy(杭州万象城店),上城区,餐饮服务;外国餐厅;外国餐厅,4.7,138,0.9524824862167367,0.909090909090909,0.9107629427792916,0.2100175249807134,69.98
1051,繁秋·新粤菜,拱墅区,餐饮服务;中餐厅;中餐厅,4.8,202,0.9034093575392795,0.9545454545454544,0.8671662125340599,0.17802001000332096,69.97
1052,黄记老厨·传统杭帮菜(清泰街店),上城区,餐饮服务;中餐厅;浙江菜,4.6,92,1.014870165993831,0.8636363636363635,0.9420980926430518,0.2506966251700062,69.94
1053,张笨笨四川火锅(滨江天街店),滨江区,餐饮服务;中餐厅;火锅店,4.6,92,1.014870165993831,0.8636363636363635,0.9420980926430518,0.2506966251700062,69.94
1054,舟舢海鲜小馆·舟山小海鲜(西湖店),拱墅区,餐饮服务;中餐厅;海鲜酒楼,4.6,92,1.014870165993831,0.8636363636363635,0.9420980926430518,0.2506966251700062,69.94
1055,懂肉记日式烧肉(亚奥万象天地店),萧山区,餐饮服务;中餐厅;中餐厅,4.7,139,0.9511007875633157,0.909090909090909,0.9100817438692098,0.20911660579034214,69.93
1056,环海渔宴·江浙菜·海鲜(沈半路店),拱墅区,餐饮服务;中餐厅;中餐厅,4.7,139,0.9511007875633157,0.909090909090909,0.9100817438692098,0.20911660579034214,69.93
1057,黔家婆酸汤鲜牛肉火锅,上城区,餐饮服务;餐饮相关场所;餐饮相关,4.5,61,1.0903449173610649,0.8181818181818181,0.9632152588555858,0.2999089854244567,69.9
1058,溢湘堂湖南山里味(上亿彩虹郡店),余杭区,餐饮服务;中餐厅;湖南菜(湘菜),4.5,61,1.0903449173610649,0.8181818181818181,0.9632152588555858,0.2999089854244567,69.9
1059,大俺徽地锅鸡(东站祥生中心店),上城区,餐饮服务;中餐厅;火锅店,4.5,61,1.0903449173610649,0.8181818181818181,0.9632152588555858,0.2999089854244567,69.9
1060,厨创东北大厨(闲林埠店),余杭区,餐饮服务;中餐厅;东北菜,4.5,61,1.0903449173610649,0.8181818181818181,0.9632152588555858,0.2999089854244567,69.9
1061,吃过瘾小龙虾(下沙宝龙店),钱塘区,餐饮服务;中餐厅;中餐厅,4.5,61,1.0903449173610649,0.8181818181818181,0.9632152588555858,0.2999089854244567,69.9
1062,gaga,上城区,购物服务;服装鞋帽皮具店;服装鞋帽皮具店|餐饮服务;餐饮相关场所;餐饮相关,4.7,140,0.9497328834114926,0.909090909090909,0.909400544959128,0.20822468113085518,69.89
1063,夜酌つけ麺 やきとり(杭州山水店),萧山区,餐饮服务;中餐厅;中餐厅,4.7,140,0.9497328834114926,0.909090909090909,0.909400544959128,0.20822468113085518,69.89
1064,炙?烧鸟?烧肉?深夜食堂(闻涛路店),滨江区,餐饮服务;外国餐厅;日本料理,4.7,140,0.9497328834114926,0.909090909090909,0.909400544959128,0.20822468113085518,69.89
1065,台舟半岛·小海鲜餐厅·台州菜(九堡店),上城区,餐饮服务;中餐厅;海鲜酒楼,4.7,140,0.9497328834114926,0.909090909090909,0.909400544959128,0.20822468113085518,69.89
1066,兰湘子·湘菜小炒(杭州下沙龙湖天街店),钱塘区,餐饮服务;中餐厅;湖南菜(湘菜),4.4,41,1.1772041002438376,0.7727272727272727,0.9768392370572208,0.35654442074554543,69.89
1067,老阚东北铁锅炖锅包肉(西湖银泰百货店),上城区,餐饮服务;中餐厅;中餐厅,4.4,41,1.1772041002438376,0.7727272727272727,0.9768392370572208,0.35654442074554543,69.89
1068,不老里·杭州本地菜(西湖长生路店),上城区,餐饮服务;中餐厅;浙江菜,4.6,93,1.012481078258731,0.8636363636363635,0.94141689373297,0.24913885062726987,69.87
1069,小笨鸡潮汕煲店(杭州首店),上城区,餐饮服务;餐饮相关场所;餐饮相关,4.6,93,1.012481078258731,0.8636363636363635,0.94141689373297,0.24913885062726987,69.87
1070,趣东北齐齐哈尔家庭烤肉,拱墅区,餐饮服务;中餐厅;中餐厅,4.6,93,1.012481078258731,0.8636363636363635,0.94141689373297,0.24913885062726987,69.87
1071,COMMUNE幻师(杭州湖滨in77店),上城区,体育休闲服务;娱乐场所;酒吧|餐饮服务;中餐厅;中餐厅,4.6,93,1.012481078258731,0.8636363636363635,0.94141689373297,0.24913885062726987,69.87
1072,沈府家宴(未来科技城店),余杭区,餐饮服务;中餐厅;中餐厅,4.7,141,0.9483785340715487,0.909090909090909,0.9087193460490464,0.20734159471559305,69.85
1073,蒲记·潮州夜档(凤起东路店),上城区,餐饮服务;餐饮相关场所;餐饮相关,4.6,94,1.0101283169258553,0.8636363636363635,0.9407356948228883,0.24760476225720213,69.81
1074,阿盼鱼捞·斑鱼海鲜粥火锅·南国传承(杭州湖滨in77B区店),上城区,餐饮服务;中餐厅;火锅店,4.6,94,1.0101283169258553,0.8636363636363635,0.9407356948228883,0.24760476225720213,69.81
1075,望江门小龙虾(西湖店),拱墅区,餐饮服务;中餐厅;海鲜酒楼,4.6,94,1.0101283169258553,0.8636363636363635,0.9407356948228883,0.24760476225720213,69.81
1076,東喜記·名厨浙宴(西湖店),西湖区,餐饮服务;中餐厅;中餐厅,4.7,142,0.9470375057366763,0.909090909090909,0.9080381471389646,0.20646719409377373,69.8
1077,阿刚龙虾(瑞凯水湘大厦店),上城区,餐饮服务;中餐厅;海鲜酒楼,4.7,142,0.9470375057366763,0.909090909090909,0.9080381471389646,0.20646719409377373,69.8
1078,富红姐鱼头,富阳区,餐饮服务;中餐厅;中餐厅,4.5,62,1.0861341223917378,0.8181818181818181,0.9625340599455041,0.29716338964263195,69.8
1079,老谢潮州菜(崇安中心店),拱墅区,餐饮服务;中餐厅;中餐厅,4.7,143,0.9457095702973349,0.909090909090909,0.9073569482288828,0.2056013305294468,69.76
1080,铁定鲜乐清湾小海鲜,西湖区,餐饮服务;中餐厅;海鲜酒楼,4.7,143,0.9457095702973349,0.909090909090909,0.9073569482288828,0.2056013305294468,69.76
1081,望江门小龙虾·烧烤(杭州总店),上城区,餐饮服务;中餐厅;中餐厅,4.6,95,1.0078109309449284,0.8636363636363635,0.9400544959128065,0.2460937399394592,69.75
1082,四灶儿·地道杭帮菜(鼓楼1店),上城区,餐饮服务;中餐厅;中餐厅,4.6,95,1.0078109309449284,0.8636363636363635,0.9400544959128065,0.2460937399394592,69.75
1083,玺炖·中国铁锅炖(亚奥万象天地店),萧山区,餐饮服务;中餐厅;中餐厅,4.6,95,1.0078109309449284,0.8636363636363635,0.9400544959128065,0.2460937399394592,69.75
1084,舞麦UMAI日本料理(中山北路店),拱墅区,餐饮服务;外国餐厅;日本料理,4.6,95,1.0078109309449284,0.8636363636363635,0.9400544959128065,0.2460937399394592,69.75
1085,八壶西餐·CLUB,萧山区,餐饮服务;餐饮相关场所;餐饮相关,4.6,95,1.0078109309449284,0.8636363636363635,0.9400544959128065,0.2460937399394592,69.75
1086,Moss苔藓·创意融合料理,富阳区,餐饮服务;中餐厅;中餐厅,4.6,95,1.0078109309449284,0.8636363636363635,0.9400544959128065,0.2460937399394592,69.75
1087,东北主烤官·老七龙虾(中豪五星国际店),上城区,餐饮服务;中餐厅;中餐厅,4.6,95,1.0078109309449284,0.8636363636363635,0.9400544959128065,0.2460937399394592,69.75
1088,肯德基(杭州经贸店),拱墅区,餐饮服务;快餐厅;快餐厅,4.3,29,1.264260646319386,0.7272727272727271,0.9850136239782017,0.4133085442486803,69.75
1089,老吴家·老杭州菜·川菜(西湖湖滨店),上城区,餐饮服务;中餐厅;四川菜(川菜)|餐饮服务;中餐厅;浙江菜,4.5,63,1.0820212806667227,0.8181818181818181,0.9618528610354223,0.2944816630390403,69.7
1090,鹊拾湘·现炒黄牛肉(新天地购物中心店),拱墅区,餐饮服务;中餐厅;湖南菜(湘菜),4.5,63,1.0820212806667227,0.8181818181818181,0.9618528610354223,0.2944816630390403,69.7
1091,徽小馆,上城区,餐饮服务;中餐厅;中餐厅,4.5,63,1.0820212806667227,0.8181818181818181,0.9618528610354223,0.2944816630390403,69.7
1092,博多天一天妇罗·牛排饭(滨江天街店),滨江区,餐饮服务;外国餐厅;外国餐厅,4.5,63,1.0820212806667227,0.8181818181818181,0.9618528610354223,0.2944816630390403,69.7
1093,豪过瘾牛排自助餐厅(萧山开元广场店),萧山区,餐饮服务;外国餐厅;外国餐厅,4.5,63,1.0820212806667227,0.8181818181818181,0.9618528610354223,0.2944816630390403,69.7
1094,必胜客(杭州滨江店),滨江区,餐饮服务;快餐厅;必胜客,4.5,63,1.0820212806667227,0.8181818181818181,0.9618528610354223,0.2944816630390403,69.7
1095,撒椒川念餐厅(转江街店),西湖区,餐饮服务;中餐厅;四川菜(川菜),4.6,96,1.005528004198615,0.8636363636363635,0.9393732970027248,0.24460518633128042,69.69
1096,竹村·烧鸟居酒屋(联合中心店),萧山区,餐饮服务;外国餐厅;日本料理,4.6,96,1.005528004198615,0.8636363636363635,0.9393732970027248,0.24460518633128042,69.69
1097,马大虾小龙虾(余杭店)杭城十星级大排档,余杭区,餐饮服务;餐饮相关场所;餐饮相关,4.6,96,1.005528004198615,0.8636363636363635,0.9393732970027248,0.24460518633128042,69.69
1098,戒指龙虾·小龙虾·烧烤(天城东路店),钱塘区,餐饮服务;餐饮相关场所;餐饮相关,4.6,96,1.005528004198615,0.8636363636363635,0.9393732970027248,0.24460518633128042,69.69
1099,树夏(奥体莲荷里店),滨江区,购物服务;服装鞋帽皮具店;服装鞋帽皮具店|餐饮服务;冷饮店;冷饮店,4.2,21,1.3587649032244244,0.6818181818181819,0.9904632152588556,0.47492885371827814,69.69
1100,粤顺本味顺德(滨江店),滨江区,餐饮服务;中餐厅;广东菜(粤菜),4.7,145,0.9430920930891776,0.909090909090909,0.9059945504087193,0.2038946375096991,69.68
1101,巴奴毛肚火锅(杭州湖滨in77店),上城区,餐饮服务;中餐厅;火锅店,4.7,145,0.9430920930891776,0.909090909090909,0.9059945504087193,0.2038946375096991,69.68
1102,巴奴毛肚火锅(杭州亚奥万象天地店),萧山区,餐饮服务;中餐厅;火锅店,4.7,146,0.9418021220147959,0.909090909090909,0.9053133514986376,0.2030535281309956,69.63
1103,四海珍宝海鲜餐厅(国贸中心店),临平区,餐饮服务;中餐厅;海鲜酒楼,4.7,146,0.9418021220147959,0.909090909090909,0.9053133514986376,0.2030535281309956,69.63
1104,杭百味·湖景杭帮菜(西湖店),上城区,餐饮服务;中餐厅;浙江菜,4.6,97,1.0032786538616378,0.8636363636363635,0.9386920980926431,0.24313852579757184,69.63
1105,潮味鲜·鱼生虾生(黄姑山路店),西湖区,餐饮服务;中餐厅;中餐厅,4.6,97,1.0032786538616378,0.8636363636363635,0.9386920980926431,0.24313852579757184,69.63
1106,和家轩顺德菜(朝晖店),拱墅区,餐饮服务;中餐厅;中餐厅,4.6,97,1.0032786538616378,0.8636363636363635,0.9386920980926431,0.24313852579757184,69.63
1107,三两好友深夜食堂(萧山万象汇店),萧山区,餐饮服务;中餐厅;中餐厅,4.6,97,1.0032786538616378,0.8636363636363635,0.9386920980926431,0.24313852579757184,69.63
1108,杭小馆·创意杭帮菜,拱墅区,餐饮服务;中餐厅;中餐厅,4.5,64,1.0780025208615835,0.8181818181818181,0.9611716621253406,0.291861281365382,69.6
1109,江南忆·融合杭帮私房菜,西湖区,餐饮服务;中餐厅;中餐厅,4.5,64,1.0780025208615835,0.8181818181818181,0.9611716621253406,0.291861281365382,69.6
1110,鹊拾湘·金奖现炒黄牛肉(国芳天街店),上城区,餐饮服务;中餐厅;中餐厅,4.5,64,1.0780025208615835,0.8181818181818181,0.9611716621253406,0.291861281365382,69.6
1111,安徽菜馆(横塘6区南区店),上城区,餐饮服务;中餐厅;安徽菜(徽菜),4.5,64,1.0780025208615835,0.8181818181818181,0.9611716621253406,0.291861281365382,69.6
1112,唐宫·粤菜海鲜(杭州万象城店),上城区,餐饮服务;中餐厅;广东菜(粤菜)|餐饮服务;中餐厅;海鲜酒楼,4.7,147,0.9405243849006555,0.909090909090909,0.9046321525885559,0.20222039575185596,69.59
1113,黄龙海鲜大排档(未科店),余杭区,餐饮服务;中餐厅;海鲜酒楼,4.7,147,0.9405243849006555,0.909090909090909,0.9046321525885559,0.20222039575185596,69.59
1114,肯德基(庆春银泰店),上城区,餐饮服务;快餐厅;肯德基,4.4,43,1.1627324277203601,0.7727272727272727,0.9754768392370572,0.3471083490949803,69.57
1115,舟舢海鲜小馆·舟山小海鲜(钱江新城店),上城区,餐饮服务;中餐厅;海鲜酒楼,4.6,98,1.0010620288533425,0.8636363636363635,0.9380108991825613,0.24169320340192085,69.56
1116,江南驿·二十余年创意杭帮味(运河店),拱墅区,餐饮服务;中餐厅;综合酒楼,4.6,98,1.0010620288533425,0.8636363636363635,0.9380108991825613,0.24169320340192085,69.56
1117,容桂婆·顺德排档(杭州首店),余杭区,餐饮服务;中餐厅;中餐厅,4.6,98,1.0010620288533425,0.8636363636363635,0.9380108991825613,0.24169320340192085,69.56
1118,沈厨臭鳜鱼·山野徽州土菜(高德置地店),上城区,餐饮服务;中餐厅;安徽菜(徽菜),4.6,98,1.0010620288533425,0.8636363636363635,0.9380108991825613,0.24169320340192085,69.56
1119,萍姐火锅(天阳·明珠商业中心店),上城区,餐饮服务;中餐厅;火锅店,4.6,98,1.0010620288533425,0.8636363636363635,0.9380108991825613,0.24169320340192085,69.56
1120,1987熬夜烧烤,上城区,餐饮服务;中餐厅;特色/地方风味餐厅,4.6,98,1.0010620288533425,0.8636363636363635,0.9380108991825613,0.24169320340192085,69.56
1121,Fun.d方地餐厅,拱墅区,餐饮服务;中餐厅;中餐厅,4.6,98,1.0010620288533425,0.8636363636363635,0.9380108991825613,0.24169320340192085,69.56
1122,寿司郎(银泰in77·D馆店),上城区,餐饮服务;餐饮相关场所;餐饮相关,4.7,148,0.9392586795776917,0.909090909090909,0.9039509536784741,0.20139510855048975,69.55
1123,串馨烧鸟·刺身·料理竞技场,滨江区,餐饮服务;中餐厅;中餐厅,4.7,148,0.9392586795776917,0.909090909090909,0.9039509536784741,0.20139510855048975,69.55
1124,一路吃·新杭州杭帮菜菜馆(音乐喷泉店),上城区,餐饮服务;中餐厅;四川菜(川菜)|餐饮服务;中餐厅;浙江菜,4.5,65,1.0740741844096369,0.8181818181818181,0.9604904632152589,0.28929985909936823,69.51
1125,绿茶餐厅(滨江龙湖店),滨江区,餐饮服务;中餐厅;浙江菜,4.5,65,1.0740741844096369,0.8181818181818181,0.9604904632152589,0.28929985909936823,69.51
1126,举炊·寻湘记·湖南菜(东站汇和城店),上城区,餐饮服务;中餐厅;中餐厅,4.5,65,1.0740741844096369,0.8181818181818181,0.9604904632152589,0.28929985909936823,69.51
1127,松花江上·东北小馆(莲荷里店),滨江区,餐饮服务;中餐厅;东北菜,4.5,65,1.0740741844096369,0.8181818181818181,0.9604904632152589,0.28929985909936823,69.51
1128,马鸿兴·川小馆(杭州总店),上城区,餐饮服务;餐饮相关场所;餐饮相关,4.6,99,0.998877308377479,0.8636363636363635,0.9373297002724795,0.24026868395447892,69.5
1129,渔湘记本地特色鱼头馆,淳安县,餐饮服务;中餐厅;中餐厅,4.6,99,0.998877308377479,0.8636363636363635,0.9373297002724795,0.24026868395447892,69.5
1130,大川日本料理·深夜居酒屋(龙湖滨江天街),滨江区,餐饮服务;外国餐厅;日本料理,4.6,99,0.998877308377479,0.8636363636363635,0.9373297002724795,0.24026868395447892,69.5
1131,大川日本料理·烧鸟居酒屋(萧山加州阳光店),萧山区,餐饮服务;外国餐厅;日本料理,4.6,99,0.998877308377479,0.8636363636363635,0.9373297002724795,0.24026868395447892,69.5
1132,Patechin·窑炉披萨·西餐(杭州临平inPARK店),临平区,餐饮服务;外国餐厅;西餐厅(综合风味),4.6,99,0.998877308377479,0.8636363636363635,0.9373297002724795,0.24026868395447892,69.5
1133,三毛烤鸡(近江店),上城区,餐饮服务;餐饮相关场所;餐饮相关,4.3,30,1.2521887077458385,0.7272727272727271,0.9843324250681199,0.4054371888710337,69.5
1134,星巴克杭州砂之船店,上城区,餐饮服务;咖啡厅;星巴克咖啡,4.3,30,1.2521887077458385,0.7272727272727271,0.9843324250681199,0.4054371888710337,69.5
1135,星巴克杭州平安金融中心店,上城区,餐饮服务;咖啡厅;星巴克咖啡,4.3,30,1.2521887077458385,0.7272727272727271,0.9843324250681199,0.4054371888710337,69.5
1136,星巴克(杭银大厦店),上城区,餐饮服务;咖啡厅;星巴克咖啡,4.3,30,1.2521887077458385,0.7272727272727271,0.9843324250681199,0.4054371888710337,69.5
1137,虾佬九·打边炉·夜宵排档(景芳店),上城区,餐饮服务;中餐厅;中餐厅,4.7,150,0.9367625790997657,0.909090909090909,0.9025885558583107,0.1997675576977111,69.47
1138,蜀秀·民国独栋1912·新派川菜(湖滨店),上城区,餐饮服务;中餐厅;四川菜(川菜),4.7,150,0.9367625790997657,0.909090909090909,0.9025885558583107,0.1997675576977111,69.47
1139,粤顺(朝晖国都店),拱墅区,餐饮服务;中餐厅;广东菜(粤菜),4.7,150,0.9367625790997657,0.909090909090909,0.9025885558583107,0.1997675576977111,69.47
1140,潮中人潮州菜(蓝海时代国际大厦写字楼店),西湖区,餐饮服务;中餐厅;潮州菜,4.7,150,0.9367625790997657,0.909090909090909,0.9025885558583107,0.1997675576977111,69.47
1141,德悦海鲜(钱江新城店),上城区,餐饮服务;中餐厅;海鲜酒楼,4.7,150,0.9367625790997657,0.909090909090909,0.9025885558583107,0.1997675576977111,69.47
1142,清真·源牧小牦牛手工拉面·烤肉(顺福商务中心店),上城区,餐饮服务;餐饮相关场所;餐饮相关,4.1,16,1.4471201078455207,0.636363636363636,0.9938692098092643,0.5325397511561831,69.46
1143,国滨家宴·新味萧山菜(滨江店),滨江区,餐饮服务;中餐厅;中餐厅,4.6,100,0.9967237005434456,0.8636363636363635,0.9366485013623979,0.23886445111296112,69.45
1144,薛飘飘火锅,滨江区,餐饮服务;中餐厅;火锅店,4.6,100,0.9967237005434456,0.8636363636363635,0.9366485013623979,0.23886445111296112,69.45
1145,滨寿司(龙湖滨江天街店),滨江区,餐饮服务;外国餐厅;日本料理,4.6,100,0.9967237005434456,0.8636363636363635,0.9366485013623979,0.23886445111296112,69.45
1146,俄士厨房(杭州城西银泰城店),拱墅区,餐饮服务;餐饮相关场所;餐饮相关,4.6,100,0.9967237005434456,0.8636363636363635,0.9366485013623979,0.23886445111296112,69.45
1147,台舟半岛·台州菜·小海鲜(临平店),临平区,餐饮服务;餐饮相关场所;餐饮相关,4.6,100,0.9967237005434456,0.8636363636363635,0.9366485013623979,0.23886445111296112,69.45
1148,香芙茗楼(万象城店),上城区,餐饮服务;中餐厅;中餐厅,4.7,151,0.9355318026568596,0.909090909090909,0.9019073569482289,0.19896504543230104,69.43
1149,杭越海鲜·宁波味道(下沙店),钱塘区,餐饮服务;中餐厅;海鲜酒楼,4.7,151,0.9355318026568596,0.909090909090909,0.9019073569482289,0.19896504543230104,69.43
1150,安徽地锅鸡(九堡家苑店),上城区,餐饮服务;中餐厅;安徽菜(徽菜),4.5,66,1.0702328106571102,0.8181818181818181,0.9598092643051771,0.2867951397653287,69.42
1151,东北烧烤,上城区,餐饮服务;中餐厅;特色/地方风味餐厅,4.4,44,1.1558681684609975,0.7727272727272727,0.9747956403269755,0.3426325953702935,69.42
1152,喜牛吉烤肉·和牛放题(501城市广场店),上城区,餐饮服务;餐饮相关场所;餐饮相关,4.6,101,0.994600441063666,0.8636363636363635,0.9359673024523161,0.23748000653328732,69.39
1153,玲珑小镇·创意私房菜(西湖南山路店),上城区,餐饮服务;中餐厅;浙江菜,4.6,101,0.994600441063666,0.8636363636363635,0.9359673024523161,0.23748000653328732,69.39
1154,潮马夜档,拱墅区,餐饮服务;中餐厅;中餐厅,4.6,101,0.994600441063666,0.8636363636363635,0.9359673024523161,0.23748000653328732,69.39
1155,徽州名灶妈妈菜(喜悦广场店),临平区,餐饮服务;中餐厅;中餐厅,4.6,101,0.994600441063666,0.8636363636363635,0.9359673024523161,0.23748000653328732,69.39
1156,德明饭店(钱江世纪城店),萧山区,餐饮服务;中餐厅;中餐厅,4.7,152,0.9343122951607821,0.909090909090909,0.9012261580381471,0.19816988094162297,69.38
1157,湘宜艺术餐厅(星澜里店),滨江区,餐饮服务;中餐厅;湖南菜(湘菜),4.6,102,0.99250679202218,0.8636363636363635,0.9352861035422343,0.2361148690666573,69.33
1158,周骏牛肉串(庆春店),上城区,餐饮服务;餐饮相关场所;餐饮相关,4.6,102,0.99250679202218,0.8636363636363635,0.9352861035422343,0.2361148690666573,69.33
1159,泽川创作料理(西湖大道店),上城区,餐饮服务;外国餐厅;日本料理,4.6,102,0.99250679202218,0.8636363636363635,0.9352861035422343,0.2361148690666573,69.33
1160,杭州酒家(钱江新城市民中心店),上城区,餐饮服务;中餐厅;中餐厅,4.5,67,1.0664751232661125,0.8181818181818181,0.9591280653950953,0.28434498706844064,69.33
1161,厨创东北大厨(金沙印象城店),钱塘区,餐饮服务;餐饮相关场所;餐饮相关,4.5,67,1.0664751232661125,0.8181818181818181,0.9591280653950953,0.28434498706844064,69.33
1162,曹有钱串烧酒馆,上城区,餐饮服务;外国餐厅;日本料理,4.5,67,1.0664751232661125,0.8181818181818181,0.9591280653950953,0.28434498706844064,69.33
1163,绿茶餐厅(西投银泰城店),西湖区,餐饮服务;中餐厅;浙江菜,4.5,67,1.0664751232661125,0.8181818181818181,0.9591280653950953,0.28434498706844064,69.33
1164,茉酸奶(尊宝大厦·银尊店),上城区,餐饮服务;冷饮店;冷饮店,4.2,22,1.3395017533959643,0.6818181818181819,0.9897820163487738,0.4623685596885427,69.3
1165,胡须有你花园·江景餐厅(滨江奥体店),滨江区,餐饮服务;中餐厅;中餐厅,4.7,155,0.9307196073022109,0.909090909090909,0.8991825613079019,0.19582731411000115,69.26
1166,肯德基(杭州新天水店),拱墅区,餐饮服务;快餐厅;肯德基,4.3,31,1.2407177351645085,0.7272727272727271,0.9836512261580381,0.3979576857933142,69.26
1167,東大方(杭州未来城一号店),余杭区,餐饮服务;中餐厅;中餐厅,4.5,68,1.0627980177433047,0.8181818181818181,0.9584468664850136,0.28194737676295495,69.24
1168,菲滋意式餐厅(拱墅新天地店),拱墅区,餐饮服务;外国餐厅;外国餐厅,4.5,68,1.0627980177433047,0.8181818181818181,0.9584468664850136,0.28194737676295495,69.24
1169,菲滋意式餐厅(萧山瓜沥七彩小镇店),萧山区,餐饮服务;外国餐厅;意式菜品餐厅,4.5,68,1.0627980177433047,0.8181818181818181,0.9584468664850136,0.28194737676295495,69.24
1170,菲滋意式餐厅(萧山加州阳光二店),萧山区,餐饮服务;外国餐厅;意式菜品餐厅,4.5,68,1.0627980177433047,0.8181818181818181,0.9584468664850136,0.28194737676295495,69.24
1171,菲滋意式餐厅(星光大道店),滨江区,餐饮服务;外国餐厅;意式菜品餐厅,4.5,68,1.0627980177433047,0.8181818181818181,0.9584468664850136,0.28194737676295495,69.24
1172,菲滋意式餐厅(杭州转塘奥莱金街店),西湖区,餐饮服务;外国餐厅;意式菜品餐厅,4.5,68,1.0627980177433047,0.8181818181818181,0.9584468664850136,0.28194737676295495,69.24
1173,菲滋意式餐厅(杭州古墩路印象城店),西湖区,餐饮服务;外国餐厅;意式菜品餐厅,4.5,68,1.0627980177433047,0.8181818181818181,0.9584468664850136,0.28194737676295495,69.24
1174,菲滋意式餐厅(杭州五福天虹店),上城区,餐饮服务;外国餐厅;意式菜品餐厅|餐饮服务;外国餐厅;西餐厅(综合风味),4.5,68,1.0627980177433047,0.8181818181818181,0.9584468664850136,0.28194737676295495,69.24
1175,菲滋意式餐厅(余杭万达店),余杭区,餐饮服务;外国餐厅;意式菜品餐厅,4.5,68,1.0627980177433047,0.8181818181818181,0.9584468664850136,0.28194737676295495,69.24
1176,大渔农特色烤鱼·烧烤·小龙虾(崇贤佳源名城店),临平区,餐饮服务;中餐厅;中餐厅,4.5,68,1.0627980177433047,0.8181818181818181,0.9584468664850136,0.28194737676295495,69.24
1177,四川老头烤鱼龙虾川菜馆(智格店),钱塘区,餐饮服务;中餐厅;特色/地方风味餐厅|餐饮服务;中餐厅;四川菜(川菜),4.5,68,1.0627980177433047,0.8181818181818181,0.9584468664850136,0.28194737676295495,69.24
1178,一绪に寿喜烧放题(杭州滨江龙湖),滨江区,餐饮服务;餐饮相关场所;餐饮相关,4.7,156,0.9295434163878101,0.909090909090909,0.8985013623978202,0.19506039365039113,69.22
1179,红钳侠小龙虾·烧烤(闻涛路店),滨江区,餐饮服务;中餐厅;中餐厅,4.7,156,0.9295434163878101,0.909090909090909,0.8985013623978202,0.19506039365039113,69.22
1180,滨寿司(杭州亚奥万象天地店),萧山区,餐饮服务;外国餐厅;日本料理,4.6,104,0.9884054985222002,0.8636363636363635,0.9339237057220708,0.23344067233763227,69.21
1181,月芽·自由餐厅·西溪湿地餐厅,西湖区,餐饮服务;餐饮相关场所;餐饮相关,4.8,226,0.8848007787228345,0.9545454545454544,0.8508174386920981,0.1658865207509695,69.2
1182,锦楼·臻选新式杭帮(杭州中心店),拱墅区,餐饮服务;餐饮相关场所;餐饮相关,4.7,157,0.9283776342643452,0.909090909090909,0.8978201634877384,0.19430026011170604,69.18
1183,寿司郎(黄龙国际中心店),西湖区,餐饮服务;外国餐厅;日本料理,4.7,157,0.9283776342643452,0.909090909090909,0.8978201634877384,0.19430026011170604,69.18
1184,LANJOLL澜·爵,西湖区,餐饮服务;外国餐厅;外国餐厅,4.7,157,0.9283776342643452,0.909090909090909,0.8978201634877384,0.19430026011170604,69.18
1185,八合里潮汕鲜牛肉火锅(杭州来福士店),上城区,餐饮服务;中餐厅;火锅店,4.6,105,0.9863964999152313,0.8636363636363635,0.9332425068119891,0.23213073011979318,69.16
1186,芸山季·云南山珍菌火锅(杭州湖滨in77店),上城区,餐饮服务;中餐厅;火锅店,4.6,105,0.9863964999152313,0.8636363636363635,0.9332425068119891,0.23213073011979318,69.16
1187,重庆高老九火锅(龙湖西溪天街店),西湖区,餐饮服务;中餐厅;火锅店,4.6,105,0.9863964999152313,0.8636363636363635,0.9332425068119891,0.23213073011979318,69.16
1188,九龙大排档小龙虾烤鱼,西湖区,餐饮服务;中餐厅;中餐厅,4.5,69,1.0591985499857408,0.8181818181818181,0.9577656675749319,0.27960038918365687,69.15
1189,皖豫土菜馆,余杭区,餐饮服务;中餐厅;中餐厅,4.4,46,1.1428133295579948,0.7727272727272727,0.973433242506812,0.33412035222248365,69.13
1190,東喜記·名厨浙宴(钱江店),上城区,餐饮服务;中餐厅;中餐厅,4.7,159,0.9260766569003624,0.909090909090909,0.896457765667575,0.1927999368258076,69.1
1191,杨记旺角香港大排档,上城区,餐饮服务;中餐厅;中餐厅,4.7,159,0.9260766569003624,0.909090909090909,0.896457765667575,0.1927999368258076,69.1
1192,香芙茗楼(嘉里中心店),拱墅区,餐饮服务;茶艺馆;茶艺馆|餐饮服务;中餐厅;中餐厅,4.7,159,0.9260766569003624,0.909090909090909,0.896457765667575,0.1927999368258076,69.1
1193,忙姐重庆老火锅(三新大厦店),上城区,餐饮服务;中餐厅;火锅店,4.6,106,0.9844144014168041,0.8636363636363635,0.9325613079019074,0.2308383277786475,69.1
1194,任富贵重庆老火锅(杭州潮王路店),拱墅区,餐饮服务;中餐厅;火锅店,4.6,106,0.9844144014168041,0.8636363636363635,0.9325613079019074,0.2308383277786475,69.1
1195,战友深夜食堂(金铂湾店),滨江区,餐饮服务;中餐厅;中餐厅,4.6,106,0.9844144014168041,0.8636363636363635,0.9325613079019074,0.2308383277786475,69.1
1196,紫竹·水乐西湖·庭院餐厅,西湖区,餐饮服务;中餐厅;特色/地方风味餐厅,4.7,160,0.924941150597522,0.909090909090909,0.8957765667574932,0.19205954425432786,69.07
1197,小厨师(百井坊店),拱墅区,餐饮服务;中餐厅;海鲜酒楼,4.7,160,0.924941150597522,0.909090909090909,0.8957765667574932,0.19205954425432786,69.07
1198,大牌大传统菜(湖滨店),上城区,餐饮服务;中餐厅;中餐厅,4.5,70,1.0556739257472476,0.8181818181818181,0.9570844686648501,0.27730220237755093,69.06
1199,巡湘记?乡野湖南菜(杭州湖滨in77店),上城区,餐饮服务;中餐厅;湖南菜(湘菜),4.5,70,1.0556739257472476,0.8181818181818181,0.9570844686648501,0.27730220237755093,69.06
1200,巡湘记?乡野湖南菜(龙湖杭州西溪天街店),西湖区,餐饮服务;中餐厅;湖南菜(湘菜),4.5,70,1.0556739257472476,0.8181818181818181,0.9570844686648501,0.27730220237755093,69.06
1201,巡湘记?乡野湖南菜(杭州奥体印象城店),萧山区,餐饮服务;中餐厅;湖南菜(湘菜),4.5,70,1.0556739257472476,0.8181818181818181,0.9570844686648501,0.27730220237755093,69.06
1202,巡湘记?乡野湖南菜(城北万象城店),余杭区,餐饮服务;中餐厅;湖南菜(湘菜),4.5,70,1.0556739257472476,0.8181818181818181,0.9570844686648501,0.27730220237755093,69.06
1203,厨创东北大厨(金帝T-ONE MO店),萧山区,餐饮服务;中餐厅;中餐厅,4.5,70,1.0556739257472476,0.8181818181818181,0.9570844686648501,0.27730220237755093,69.06
1204,蓝晓馆 · 融合餐厅,西湖区,餐饮服务;外国餐厅;西餐厅(综合风味),4.6,107,0.9824585806889771,0.8636363636363635,0.9318801089918256,0.229563059526585,69.05
1205,武林虾客·小龙虾·江南生腌(滨江店),滨江区,餐饮服务;中餐厅;海鲜酒楼,4.6,107,0.9824585806889771,0.8636363636363635,0.9318801089918256,0.229563059526585,69.05
1206,肯德基(滨江龙湖店),滨江区,餐饮服务;快餐厅;肯德基,4.3,32,1.2297985702614995,0.7272727272727271,0.9829700272479565,0.3908379819565963,69.03
1207,西塔老太太泥炉烤肉(五福天虹购物中心A座店),上城区,餐饮服务;中餐厅;中餐厅,4.6,108,0.9805284356388981,0.8636363636363635,0.9311989100817438,0.228304532776551,68.99
1208,兰湘子·湘菜小炒(杭州工联CC店),上城区,餐饮服务;中餐厅;中餐厅,4.4,47,1.1365981739522466,0.7727272727272727,0.9727520435967303,0.33006783835305303,68.99
1209,浙皖饭店,建德市,餐饮服务;中餐厅;中餐厅,4.5,71,1.0522214909391447,0.8181818181818181,0.9564032697547684,0.27505108577956877,68.98
1210,厨创东北大厨(大悦城店),拱墅区,餐饮服务;中餐厅;中餐厅,4.5,71,1.0522214909391447,0.8181818181818181,0.9564032697547684,0.27505108577956877,68.98
1211,牛排家(杭州滨江银泰店),滨江区,餐饮服务;外国餐厅;西餐厅(综合风味),4.8,234,0.8791876210317854,0.9545454545454544,0.8453678474114441,0.1622265320335125,68.96
1212,德悦悦品海鲜姿造(凤起东路店),上城区,餐饮服务;中餐厅;海鲜酒楼,4.8,234,0.8791876210317854,0.9545454545454544,0.8453678474114441,0.1622265320335125,68.96
1213,313羊庄(钱江国际时代广场-地下广场店),上城区,餐饮服务;中餐厅;中餐厅,4.6,109,0.9786233835750789,0.8636363636363635,0.9305177111716622,0.2270623675919054,68.94
1214,肉大利Max·炭火烧肉(庆春店),上城区,餐饮服务;中餐厅;中餐厅,4.6,109,0.9786233835750789,0.8636363636363635,0.9305177111716622,0.2270623675919054,68.94
1215,Grande A’moo(城西银泰百货店),拱墅区,餐饮服务;餐饮相关场所;餐饮相关,4.6,109,0.9786233835750789,0.8636363636363635,0.9305177111716622,0.2270623675919054,68.94
1216,德悦悦品海鲜姿造(文一路),西湖区,餐饮服务;中餐厅;海鲜酒楼,4.8,235,0.8785043484656645,0.9545454545454544,0.8446866485013624,0.16178101276956275,68.93
1217,桂只,上城区,餐饮服务;冷饮店;冷饮店,4.2,23,1.3215635178653244,0.6818181818181819,0.989100817438692,0.4506721593258873,68.93
1218,望湖小馆,上城区,餐饮服务;中餐厅;中餐厅,4.5,72,1.0488387226882916,0.8181818181818181,0.9557220708446866,0.27284539438208005,68.9
1219,天竺人家·杭州土菜(西湖灵隐寺13年老店),西湖区,餐饮服务;中餐厅;浙江菜,4.5,72,1.0488387226882916,0.8181818181818181,0.9557220708446866,0.27284539438208005,68.9
1220,蛙来哒(萧山银泰店),萧山区,餐饮服务;中餐厅;中餐厅,4.5,72,1.0488387226882916,0.8181818181818181,0.9557220708446866,0.27284539438208005,68.9
1221,东厢记乌猪小炒肉,上城区,餐饮服务;中餐厅;湖南菜(湘菜),4.5,72,1.0488387226882916,0.8181818181818181,0.9557220708446866,0.27284539438208005,68.9
1222,皖碗地锅鸡(万美商务中心店),西湖区,餐饮服务;中餐厅;中餐厅,4.5,72,1.0488387226882916,0.8181818181818181,0.9557220708446866,0.27284539438208005,68.9
1223,阿勇烧烤(凯旋路店),上城区,餐饮服务;中餐厅;特色/地方风味餐厅,4.5,72,1.0488387226882916,0.8181818181818181,0.9557220708446866,0.27284539438208005,68.9
1224,串王阿三烧烤·酒场·烤鱼(吴山广场江城路店),上城区,餐饮服务;中餐厅;中餐厅,4.5,72,1.0488387226882916,0.8181818181818181,0.9557220708446866,0.27284539438208005,68.9
1225,三生小坞·山野食集(杭州西湖灵隐店),西湖区,餐饮服务;餐饮相关场所;餐饮相关,4.6,110,0.9767428604063707,0.8636363636363635,0.9298365122615804,0.22583619616412537,68.88
1226,潮中人潮汕夜档,西湖区,餐饮服务;中餐厅;中餐厅,4.6,110,0.9767428604063707,0.8636363636363635,0.9298365122615804,0.22583619616412537,68.88
1227,1点点(凯德·杭州来福士中心店),上城区,餐饮服务;冷饮店;冷饮店,4.1,17,1.4185026506708935,0.636363636363636,0.9931880108991825,0.5138800989343215,68.88
1228,徽州人家(振兴路店),富阳区,餐饮服务;餐饮相关场所;餐饮相关,4.4,48,1.1305763532134516,0.7727272727272727,0.9720708446866485,0.326141386046594,68.86
1229,萨莉亚意式餐厅(城西银泰城店),拱墅区,餐饮服务;外国餐厅;日本料理,4.4,48,1.1305763532134516,0.7727272727272727,0.9720708446866485,0.326141386046594,68.86
1230,寄畅興·江南蟹黄面·非遗杭帮菜(西湖湖景店),上城区,餐饮服务;中餐厅;特色/地方风味餐厅,4.6,111,0.9748863198811003,0.8636363636363635,0.9291553133514987,0.22462566231669273,68.83
1231,And 百年洋房·西餐酒馆,上城区,餐饮服务;外国餐厅;西餐厅(综合风味),4.6,111,0.9748863198811003,0.8636363636363635,0.9291553133514987,0.22462566231669273,68.83
1232,炉鱼(杭州天虹购物中心店),上城区,餐饮服务;中餐厅;中餐厅,4.5,73,1.0455232210835281,0.8181818181818181,0.9550408719346049,0.27068356335326443,68.81
1233,东北特色铁锅炖(青云桥店),富阳区,餐饮服务;中餐厅;中餐厅,4.5,73,1.0455232210835281,0.8181818181818181,0.9550408719346049,0.27068356335326443,68.81
1234,厨创东北大厨(亲橙里店),余杭区,餐饮服务;中餐厅;中餐厅,4.5,73,1.0455232210835281,0.8181818181818181,0.9550408719346049,0.27068356335326443,68.81
1235,星巴克(杭州天虹店),上城区,餐饮服务;咖啡厅;星巴克咖啡,4.3,33,1.2193875158207335,0.7272727272727271,0.9822888283378747,0.38404958514194826,68.81
1236,瑞幸咖啡(迪凯银座负一楼店),上城区,餐饮服务;咖啡厅;咖啡厅,4.0,13,1.5156927267598048,0.5909090909090908,0.9959128065395095,0.5772516629474678,68.81
1237,瑞幸咖啡(财富金融中心店),上城区,餐饮服务;餐饮相关场所;餐饮相关,4.0,13,1.5156927267598048,0.5909090909090908,0.9959128065395095,0.5772516629474678,68.81
1238,瑞幸咖啡(杭州万象城5F店),上城区,餐饮服务;咖啡厅;咖啡厅,4.0,13,1.5156927267598048,0.5909090909090908,0.9959128065395095,0.5772516629474678,68.81
1239,瑞幸咖啡(天星龙大厦A座店),上城区,餐饮服务;咖啡厅;咖啡厅,4.0,13,1.5156927267598048,0.5909090909090908,0.9959128065395095,0.5772516629474678,68.81
1240,爷爷不泡茶NOYEYENOTEA(杭州大厦501城市广场店),上城区,餐饮服务;冷饮店;冷饮店,4.0,13,1.5156927267598048,0.5909090909090908,0.9959128065395095,0.5772516629474678,68.81
1241,煲珠公.老红糖珍珠奶茶(五福天虹购物中心B座店),上城区,餐饮服务;冷饮店;冷饮店,4.0,13,1.5156927267598048,0.5909090909090908,0.9959128065395095,0.5772516629474678,68.81
1242,瑞幸咖啡(萧山深蓝国际中心1幢店),萧山区,餐饮服务;休闲餐饮场所;休闲餐饮场所,4.0,13,1.5156927267598048,0.5909090909090908,0.9959128065395095,0.5772516629474678,68.81
1243,怀谷居酒屋(中兴花园百合苑店)(装修中),滨江区,餐饮服务;外国餐厅;日本料理,4.6,112,0.9730532328640134,0.8636363636363635,0.9284741144414169,0.22343042103363503,68.78
1244,casa小屋墨西哥餐厅,西湖区,餐饮服务;外国餐厅;外国餐厅,4.6,112,0.9730532328640134,0.8636363636363635,0.9284741144414169,0.22343042103363503,68.78
1245,上岸·鲜·辣炒小海鲜(LOFT49店),拱墅区,餐饮服务;中餐厅;海鲜酒楼,4.6,112,0.9730532328640134,0.8636363636363635,0.9284741144414169,0.22343042103363503,68.78
1246,篝火旁·酱油小串户外露营烧烤(滨江店),滨江区,餐饮服务;中餐厅;特色/地方风味餐厅,4.6,113,0.9712430866488153,0.8636363636363635,0.9277929155313351,0.2222501380112754,68.73
1247,望江门阿根龙虾,上城区,餐饮服务;中餐厅;海鲜酒楼,4.6,113,0.9712430866488153,0.8636363636363635,0.9277929155313351,0.2222501380112754,68.73
1248,胖子食府·衢州菜小龙虾烧烤(西湖店),拱墅区,餐饮服务;中餐厅;中餐厅,4.5,74,1.0422727015487254,0.8181818181818181,0.9543596730245232,0.2685641030640546,68.73
1249,正宗万州烤魚烧烤小龙虾,滨江区,餐饮服务;中餐厅;特色/地方风味餐厅|餐饮服务;中餐厅;四川菜(川菜),4.5,74,1.0422727015487254,0.8181818181818181,0.9543596730245232,0.2685641030640546,68.73
1250,牛New寿喜烧(东站万象汇店),上城区,餐饮服务;外国餐厅;日本料理,4.7,169,0.9151449492436541,0.909090909090909,0.8896457765667575,0.18567205464464392,68.72
1251,牛New寿喜烧(滨江宝龙城店),滨江区,餐饮服务;外国餐厅;日本料理,4.7,169,0.9151449492436541,0.909090909090909,0.8896457765667575,0.18567205464464392,68.72
1252,德悦家宴(临平店),临平区,餐饮服务;中餐厅;海鲜酒楼,4.7,169,0.9151449492436541,0.909090909090909,0.8896457765667575,0.18567205464464392,68.72
1253,江南红楼,上城区,餐饮服务;餐饮相关场所;餐饮相关,4.6,114,0.9694553843042546,0.8636363636363635,0.9271117166212535,0.22108448923185536,68.67
1254,燊海记·盐帮川菜(杭州店),余杭区,餐饮服务;中餐厅;四川菜(川菜),4.6,114,0.9694553843042546,0.8636363636363635,0.9271117166212535,0.22108448923185536,68.67
1255,马厂老火锅(杭州首店),西湖区,餐饮服务;中餐厅;火锅店,4.6,114,0.9694553843042546,0.8636363636363635,0.9271117166212535,0.22108448923185536,68.67
1256,可爸海鲜小龙虾大闸蟹(城西店No1),西湖区,餐饮服务;中餐厅;中餐厅,4.6,114,0.9694553843042546,0.8636363636363635,0.9271117166212535,0.22108448923185536,68.67
1257,鹊拾湘·金奖现炒黄牛肉(杭州来福士店),上城区,餐饮服务;中餐厅;湖南菜(湘菜),4.5,75,1.0390849877869595,0.8181818181818181,0.9536784741144414,0.26648559448747383,68.65
1258,巡湘记·乡野湖南菜(杭州金沙龙湖店),钱塘区,餐饮服务;中餐厅;湖南菜(湘菜),4.5,75,1.0390849877869595,0.8181818181818181,0.9536784741144414,0.26648559448747383,68.65
1259,浙皖楼饭店,淳安县,餐饮服务;中餐厅;中餐厅,4.5,75,1.0390849877869595,0.8181818181818181,0.9536784741144414,0.26648559448747383,68.65
1260,达美乐比萨(滨盛路店),滨江区,餐饮服务;快餐厅;快餐厅,4.5,75,1.0390849877869595,0.8181818181818181,0.9536784741144414,0.26648559448747383,68.65
1261,达美乐比萨(振兴西路店),临平区,餐饮服务;中餐厅;中餐厅,4.5,75,1.0390849877869595,0.8181818181818181,0.9536784741144414,0.26648559448747383,68.65
1262,达美乐比萨(天城路店),上城区,餐饮服务;快餐厅;快餐厅,4.5,75,1.0390849877869595,0.8181818181818181,0.9536784741144414,0.26648559448747383,68.65
1263,达美乐比萨(裕隆大厦店),萧山区,餐饮服务;快餐厅;快餐厅,4.5,75,1.0390849877869595,0.8181818181818181,0.9536784741144414,0.26648559448747383,68.65
1264,达美乐比萨(明石路德金中心店),上城区,餐饮服务;快餐厅;快餐厅,4.5,75,1.0390849877869595,0.8181818181818181,0.9536784741144414,0.26648559448747383,68.65
1265,半勺晴山·中国徽菜(杭州中心店),拱墅区,餐饮服务;中餐厅;中餐厅,4.6,115,0.9676896440518323,0.8636363636363635,0.9264305177111717,0.2199331605577775,68.62
1266,谧径莫奈花园餐厅,上城区,餐饮服务;中餐厅;中餐厅,4.6,115,0.9676896440518323,0.8636363636363635,0.9264305177111717,0.2199331605577775,68.62
1267,牛New寿喜烧(来福士店),上城区,餐饮服务;外国餐厅;日本料理,4.7,172,0.9120384348167367,0.909090909090909,0.8876021798365122,0.18364649107081715,68.61
1268,康乐渔港(杭州未来科技城店),余杭区,餐饮服务;中餐厅;海鲜酒楼,4.7,172,0.9120384348167367,0.909090909090909,0.8876021798365122,0.18364649107081715,68.61
1269,安徽农家地锅鸡(星桥店),临平区,餐饮服务;中餐厅;中餐厅,4.4,50,1.119073023833786,0.7727272727272727,0.970708446866485,0.3186407851263838,68.6
1270,办肆小馆徐州烧烤炒菜(莲荷里店),滨江区,餐饮服务;中餐厅;中餐厅,4.5,76,1.0359580052459305,0.8181818181818181,0.9529972752043596,0.26444668493784534,68.58
1271,奈雪的茶(杭州天虹购物中心店),上城区,餐饮服务;冷饮店;冷饮店,4.2,24,1.304803362575185,0.6818181818181819,0.9884196185286104,0.4397439113341098,68.58
1272,柒园·三十年创意杭帮菜(杭州东站万象汇店),上城区,餐饮服务;中餐厅;中餐厅,4.6,116,0.9659453986733385,0.8636363636363635,0.9257493188010899,0.2187958473452975,68.57
1273,牛New寿喜烧(萧山万象汇店),萧山区,餐饮服务;外国餐厅;日本料理,4.7,174,0.9100086671025339,0.909090909090909,0.8862397820163488,0.182323006618405,68.53
1274,海农日记餐厅(奥体店),萧山区,餐饮服务;中餐厅;浙江菜,4.6,117,0.9642221949465413,0.8636363636363635,0.9250681198910082,0.21767225407657204,68.52
1275,BROWNSTONE布朗石西班牙餐厅酒吧(杭州万象城店),上城区,餐饮服务;外国餐厅;外国餐厅,4.7,175,0.909005811546917,0.909090909090909,0.885558583106267,0.1816691072945627,68.5
1276,红盔甲·小龙虾(钱江新城店),上城区,餐饮服务;中餐厅;海鲜酒楼,4.7,175,0.909005811546917,0.909090909090909,0.885558583106267,0.1816691072945627,68.5
1277,七条鱼日本料理(富亿花园中心店),上城区,餐饮服务;外国餐厅;日本料理,4.7,175,0.909005811546917,0.909090909090909,0.885558583106267,0.1816691072945627,68.5
1278,壹品轩·东坡家宴(西湖店),上城区,餐饮服务;中餐厅;中餐厅,4.5,77,1.032889775059695,0.8181818181818181,0.952316076294278,0.2624460841205745,68.5
1279,豪客来牛排(杭州天空之翼餐厅),上城区,餐饮服务;外国餐厅;牛扒店(扒房),4.5,77,1.032889775059695,0.8181818181818181,0.952316076294278,0.2624460841205745,68.5
1280,豪客来牛排(杭州天阳D32餐厅),拱墅区,餐饮服务;外国餐厅;牛扒店(扒房),4.5,77,1.032889775059695,0.8181818181818181,0.952316076294278,0.2624460841205745,68.5
1281,江南龙虾纸包鱼(滨江宝龙店),滨江区,餐饮服务;餐饮相关场所;餐饮相关,4.5,77,1.032889775059695,0.8181818181818181,0.952316076294278,0.2624460841205745,68.5
1282,禧粤鱼捞·斑鱼海鲜粥火锅(萧山万象汇店),萧山区,餐饮服务;中餐厅;火锅店,4.6,118,0.9625195931074574,0.8636363636363635,0.9243869209809265,0.21656209400903897,68.47
1283,鸟剑居酒屋(星澜里店),滨江区,餐饮服务;外国餐厅;日本料理,4.6,118,0.9625195931074574,0.8636363636363635,0.9243869209809265,0.21656209400903897,68.47
1284,魔宗·烧肉(亚奥万象天地店),萧山区,餐饮服务;外国餐厅;日本料理,4.6,118,0.9625195931074574,0.8636363636363635,0.9243869209809265,0.21656209400903897,68.47
1285,乾珑汇小鲜(顺丰·创新中心店),拱墅区,餐饮服务;中餐厅;中餐厅,4.7,176,0.908010827125539,0.909090909090909,0.8848773841961853,0.18102034024458374,68.46
1286,元古·觀山,西湖区,餐饮服务;餐饮相关场所;餐饮相关,4.7,177,0.9070236057496212,0.909090909090909,0.8841961852861036,0.1803766349905423,68.43
1287,披云徽府(中赢星海店),滨江区,餐饮服务;中餐厅;中餐厅,4.7,177,0.9070236057496212,0.909090909090909,0.8841961852861036,0.1803766349905423,68.43
1288,牛New寿喜烧(滨江银泰店),滨江区,餐饮服务;外国餐厅;日本料理,4.7,177,0.9070236057496212,0.909090909090909,0.8841961852861036,0.1803766349905423,68.43
1289,三喜日料(龙湖杭州滨江天街店),滨江区,餐饮服务;中餐厅;中餐厅,4.7,177,0.9070236057496212,0.909090909090909,0.8841961852861036,0.1803766349905423,68.43
1290,醉天青·西湖醋鱼小馆,上城区,餐饮服务;餐饮相关场所;餐饮相关,4.6,119,0.9608371663377338,0.8636363636363635,0.9237057220708447,0.2154650888411715,68.42
1291,珮姐重庆火锅(杭州湖滨in77店),上城区,餐饮服务;中餐厅;火锅店,4.6,119,0.9608371663377338,0.8636363636363635,0.9237057220708447,0.2154650888411715,68.42
1292,财多多烧烤小排档·烧烤·小龙虾,萧山区,餐饮服务;餐饮相关场所;餐饮相关,4.5,78,1.029878408426197,0.8181818181818181,0.9516348773841962,0.2604825604660895,68.42
1293,虞记小龙虾大闸蟹(育才路店),萧山区,餐饮服务;中餐厅;中餐厅,4.5,78,1.029878408426197,0.8181818181818181,0.9516348773841962,0.2604825604660895,68.42
1294,兰湘子·湘菜小炒(杭州拱墅吾悦店),拱墅区,餐饮服务;中餐厅;湖南菜(湘菜),4.3,35,1.1999378470851816,0.7272727272727271,0.9809264305177112,0.37136767380995234,68.39
1295,海底捞火锅(武林广场国大店),拱墅区,餐饮服务;中餐厅;中餐厅,4.6,120,0.9591745002757665,0.8636363636363635,0.923024523160763,0.21438096839370874,68.37
1296,海底捞火锅(上城天街店),上城区,餐饮服务;中餐厅;火锅店,4.6,120,0.9591745002757665,0.8636363636363635,0.923024523160763,0.21438096839370874,68.37
1297,潮中人潮州菜(古墩路店),西湖区,餐饮服务;中餐厅;潮州菜,4.6,120,0.9591745002757665,0.8636363636363635,0.923024523160763,0.21438096839370874,68.37
1298,禧粤鱼捞·斑鱼海鲜粥火锅(杭州亚奥万象天地店),萧山区,餐饮服务;中餐厅;火锅店,4.6,120,0.9591745002757665,0.8636363636363635,0.923024523160763,0.21438096839370874,68.37
1299,罗氏京東盛·老北京铜锅涮肉·烤串(西湖总店),上城区,餐饮服务;中餐厅;火锅店,4.6,120,0.9591745002757665,0.8636363636363635,0.923024523160763,0.21438096839370874,68.37
1300,牛小新烧肉屋(滨江银泰店),滨江区,餐饮服务;外国餐厅;日本料理,4.6,120,0.9591745002757665,0.8636363636363635,0.923024523160763,0.21438096839370874,68.37
1301,bistroduvin·法社,上城区,餐饮服务;外国餐厅;法式菜品餐厅,4.6,120,0.9591745002757665,0.8636363636363635,0.923024523160763,0.21438096839370874,68.37
1302,茶百道(杭州天虹店),上城区,餐饮服务;冷饮店;冷饮店,4.1,18,1.3924554147699453,0.636363636363636,0.9925068119891008,0.4968963270958014,68.36
1303,喜茶(杭州上城万泰城店),上城区,餐饮服务;冷饮店;冷饮店,4.1,18,1.3924554147699453,0.636363636363636,0.9925068119891008,0.4968963270958014,68.36
1304,姜胖胖韩式自助烤肉(庆春银泰店),上城区,餐饮服务;餐饮相关场所;餐饮相关,4.5,79,1.026922101384009,0.8181818181818181,0.9509536784741145,0.25855493772408095,68.35
1305,杭百味·精选江浙菜(虎跑店),西湖区,餐饮服务;中餐厅;中餐厅,4.5,79,1.026922101384009,0.8181818181818181,0.9509536784741145,0.25855493772408095,68.35
1306,厨创东北老家(信义坊),拱墅区,餐饮服务;中餐厅;东北菜,4.5,79,1.026922101384009,0.8181818181818181,0.9509536784741145,0.25855493772408095,68.35
1307,缦云里花园餐厅(秦望水街店),富阳区,餐饮服务;外国餐厅;西餐厅(综合风味),4.5,79,1.026922101384009,0.8181818181818181,0.9509536784741145,0.25855493772408095,68.35
1308,锋味龙虾,上城区,餐饮服务;中餐厅;海鲜酒楼,4.4,52,1.1082308545074786,0.7727272727272727,0.9693460490463215,0.3115712852849091,68.35
1309,披云徽府(杭州徽商大厦店),拱墅区,餐饮服务;中餐厅;安徽菜(徽菜),4.7,180,0.9041074702423284,0.909090909090909,0.8821525885558583,0.17847520559149171,68.32
1310,东京烧肉(滨江天街店),滨江区,餐饮服务;外国餐厅;日本料理,4.7,180,0.9041074702423284,0.909090909090909,0.8821525885558583,0.17847520559149171,68.32
1311,东京烧肉(东站万象汇店),上城区,餐饮服务;外国餐厅;日本料理,4.7,180,0.9041074702423284,0.909090909090909,0.8821525885558583,0.17847520559149171,68.32
1312,西溪丽锅·牛肉海鲜火锅·新浙菜,西湖区,餐饮服务;中餐厅;火锅店|餐饮服务;茶艺馆;茶艺馆,4.7,180,0.9041074702423284,0.909090909090909,0.8821525885558583,0.17847520559149171,68.32
1313,向东海·台州菜·小海鲜(杭州来福士中心店),上城区,餐饮服务;中餐厅;海鲜酒楼,4.6,121,0.9575311925502639,0.8636363636363635,0.9223433242506812,0.2133094703055221,68.32
1314,BM南法餐厅(杭罐1958店),上城区,餐饮服务;外国餐厅;外国餐厅,4.6,121,0.9575311925502639,0.8636363636363635,0.9223433242506812,0.2133094703055221,68.32
1315,不会飞的烧鸟(华家池店),上城区,餐饮服务;外国餐厅;日本料理,4.6,121,0.9575311925502639,0.8636363636363635,0.9223433242506812,0.2133094703055221,68.32
1316,缦云里花园餐厅(杭州湖滨in77D区店),上城区,餐饮服务;外国餐厅;西餐厅(综合风味),4.6,121,0.9575311925502639,0.8636363636363635,0.9223433242506812,0.2133094703055221,68.32
1317,牛小新烧肉·和牛放题(杭州东站万象汇),上城区,餐饮服务;外国餐厅;日本料理,4.7,181,0.9031502614459732,0.909090909090909,0.8814713896457765,0.17785106966163938,68.28
1318,九洲籍.新派潮菜(杭州首店),上城区,餐饮服务;中餐厅;中餐厅,4.6,122,0.955906852335046,0.8636363636363635,0.9216621253405994,0.21225033974332724,68.27
1319,万寿居酒屋,拱墅区,餐饮服务;外国餐厅;日本料理,4.6,122,0.955906852335046,0.8636363636363635,0.9216621253405994,0.21225033974332724,68.27
1320,太二酸菜鱼(杭州万象城店),上城区,餐饮服务;中餐厅;火锅店,4.5,80,1.024019129955192,0.8181818181818181,0.9502724795640327,0.25666209179646454,68.27
1321,太二酸菜鱼(杭州东站万象汇店),上城区,餐饮服务;中餐厅;四川菜(川菜),4.5,80,1.024019129955192,0.8181818181818181,0.9502724795640327,0.25666209179646454,68.27
1322,太二酸菜鱼(杭州龙湖紫荆天街店),西湖区,餐饮服务;中餐厅;中餐厅,4.5,80,1.024019129955192,0.8181818181818181,0.9502724795640327,0.25666209179646454,68.27
1323,有牛在鲜潮汕牛肉火锅(城北招商花园城店),临平区,餐饮服务;中餐厅;火锅店,4.5,80,1.024019129955192,0.8181818181818181,0.9502724795640327,0.25666209179646454,68.27
1324,戒指龙虾·小龙虾·烧烤(天润中心店),萧山区,餐饮服务;中餐厅;特色/地方风味餐厅,4.5,80,1.024019129955192,0.8181818181818181,0.9502724795640327,0.25666209179646454,68.27
1325,戒指龙虾(大江东店),钱塘区,餐饮服务;中餐厅;中餐厅,4.5,80,1.024019129955192,0.8181818181818181,0.9502724795640327,0.25666209179646454,68.27
1326,荣小馆(杭州大厦店),拱墅区,餐饮服务;餐饮相关场所;餐饮相关,4.7,182,0.9022003057703626,0.909090909090909,0.8807901907356949,0.17723166303774157,68.25
1327,老底子饭盒烤肉·东北菜·东北烧烤(原凤山路店),上城区,餐饮服务;外国餐厅;外国餐厅,4.5,81,1.0211678456243058,0.8181818181818181,0.9495912806539509,0.2548029477895278,68.2
1328,BlueFrog 蓝蛙X 臻选,上城区,餐饮服务;外国餐厅;西餐厅(综合风味),4.6,124,0.9527135663247379,0.8636363636363635,0.920299727520436,0.21016819785232393,68.18
1329,洪阿福·能单点de潮汕牛肉自助火锅(滨江首店),滨江区,餐饮服务;中餐厅;火锅店,4.6,124,0.9527135663247379,0.8636363636363635,0.920299727520436,0.21016819785232393,68.18
1330,寻味江南(运河映巷街区店),上城区,餐饮服务;中餐厅;中餐厅,4.6,124,0.9527135663247379,0.8636363636363635,0.920299727520436,0.21016819785232393,68.18
1331,西茶?宋宴?精致江南料理,余杭区,餐饮服务;中餐厅;中餐厅,4.7,185,0.8993930041886957,0.909090909090909,0.8787465940054496,0.17540119742802168,68.14
1332,Angelo's意大利西餐厅(滨江店),滨江区,餐饮服务;外国餐厅;意式菜品餐厅,4.6,125,0.9511438928711214,0.8636363636363635,0.9196185286103542,0.20914471206294566,68.13
1333,木屋烧烤(上城平安金融中心店),上城区,餐饮服务;中餐厅;特色/地方风味餐厅,4.5,82,1.0183666711264046,0.8181818181818181,0.9489100817438693,0.2529764772675441,68.13
1334,头牌·鹤岗烧烤东北菜(文三店),西湖区,餐饮服务;餐饮相关场所;餐饮相关,4.5,82,1.0183666711264046,0.8181818181818181,0.9489100817438693,0.2529764772675441,68.13
1335,兰湘子·湘菜小炒(杭州亚奥万象天地店),萧山区,餐饮服务;中餐厅;中餐厅,4.4,54,1.097987064368532,0.7727272727272727,0.967983651226158,0.30489195104986216,68.12
1336,徽州土菜馆,余杭区,餐饮服务;中餐厅;中餐厅,4.4,54,1.097987064368532,0.7727272727272727,0.967983651226158,0.30489195104986216,68.12
1337,正月初二·哈尔滨铁锅炖(金沙印象城店),钱塘区,餐饮服务;中餐厅;特色/地方风味餐厅,4.4,54,1.097987064368532,0.7727272727272727,0.967983651226158,0.30489195104986216,68.12
1338,必胜客(彭埠港龙城店),上城区,餐饮服务;快餐厅;必胜客,4.4,54,1.097987064368532,0.7727272727272727,0.967983651226158,0.30489195104986216,68.12
1339,今尚饮私房创意菜,萧山区,餐饮服务;中餐厅;中餐厅,4.7,186,0.8984711165921199,0.909090909090909,0.8780653950953679,0.17480009224125465,68.1
1340,牛New寿喜烧(亚奥万象天地店),萧山区,餐饮服务;外国餐厅;日本料理,4.7,187,0.8975560186405585,0.909090909090909,0.8773841961852861,0.17420341415693436,68.07
1341,厨创东北大厨(奥体印象城店),萧山区,餐饮服务;中餐厅;东北菜,4.5,83,1.0156140965193476,0.8181818181818181,0.9482288828337875,0.251181695691774,68.06
1342,特色碳烤羊腿·龙虾,西湖区,餐饮服务;中餐厅;特色/地方风味餐厅,4.5,83,1.0156140965193476,0.8181818181818181,0.9482288828337875,0.251181695691774,68.06
1343,小洋哥东北大油边儿-小龙虾(拱墅店),拱墅区,餐饮服务;中餐厅;中餐厅,4.5,83,1.0156140965193476,0.8181818181818181,0.9482288828337875,0.251181695691774,68.06
1344,新滨安·钱塘江鲜·萧山菜·杭帮菜名店(滨江店),滨江区,餐饮服务;中餐厅;海鲜酒楼|餐饮服务;中餐厅;浙江菜,4.7,188,0.8966476227289886,0.909090909090909,0.8767029972752044,0.17361110605330993,68.03
1345,路小缦·望潮时鲜,上城区,餐饮服务;中餐厅;浙江菜,4.6,127,0.9480567411556045,0.8636363636363635,0.9182561307901907,0.2071317737010166,68.03
1346,淮南牛肉汤(范家路),上城区,餐饮服务;中餐厅;中餐厅,4.0,14,1.4770774922754202,0.5909090909090908,0.9952316076294278,0.5520730860547902,68.03
1347,沪上阿姨·精选茶饮(杭州尊宝大厦店),上城区,餐饮服务;冷饮店;冷饮店,4.0,14,1.4770774922754202,0.5909090909090908,0.9952316076294278,0.5520730860547902,68.03
1348,茉莉奶白(尊宝大厦·银尊店),上城区,餐饮服务;冷饮店;冷饮店,4.0,14,1.4770774922754202,0.5909090909090908,0.9952316076294278,0.5520730860547902,68.03
1349,聚缘私房菜(千岛湖高铁站店),淳安县,餐饮服务;中餐厅;湖南菜(湘菜),4.4,55,1.0930721929532643,0.7727272727272727,0.9673024523160763,0.30168727109648824,68.01
1350,小菜园新徽菜(杭州拱墅中大银泰店),拱墅区,餐饮服务;中餐厅;安徽菜(徽菜),4.4,55,1.0930721929532643,0.7727272727272727,0.9673024523160763,0.30168727109648824,68.01
1351,小菜园新徽菜(杭州余杭良渚永旺店),余杭区,餐饮服务;中餐厅;中餐厅,4.4,55,1.0930721929532643,0.7727272727272727,0.9673024523160763,0.30168727109648824,68.01
1352,小菜园新徽菜(杭州萧山开元广场店),萧山区,餐饮服务;中餐厅;中餐厅,4.4,55,1.0930721929532643,0.7727272727272727,0.9673024523160763,0.30168727109648824,68.01
1353,小菜园新徽菜(杭州萧山奥体印象城店),萧山区,餐饮服务;中餐厅;安徽菜(徽菜),4.4,55,1.0930721929532643,0.7727272727272727,0.9673024523160763,0.30168727109648824,68.01
1354,小菜园新徽菜(杭州拱墅吾悦店),拱墅区,餐饮服务;中餐厅;安徽菜(徽菜),4.4,55,1.0930721929532643,0.7727272727272727,0.9673024523160763,0.30168727109648824,68.01
1355,小菜园新徽菜(杭州富阳万达店),富阳区,餐饮服务;中餐厅;中餐厅,4.4,55,1.0930721929532643,0.7727272727272727,0.9673024523160763,0.30168727109648824,68.01
1356,小菜园新徽菜(杭州建德恒太城店),建德市,餐饮服务;餐饮相关场所;餐饮相关,4.4,55,1.0930721929532643,0.7727272727272727,0.9673024523160763,0.30168727109648824,68.01
1357,小菜园新徽菜(杭州余杭金地店),余杭区,餐饮服务;中餐厅;安徽菜(徽菜),4.4,55,1.0930721929532643,0.7727272727272727,0.9673024523160763,0.30168727109648824,68.01
1358,小菜园新徽菜(杭州上城七堡花园城店),上城区,餐饮服务;中餐厅;安徽菜(徽菜),4.4,55,1.0930721929532643,0.7727272727272727,0.9673024523160763,0.30168727109648824,68.01
1359,兰湘子·湘菜小炒(杭州国大店),拱墅区,餐饮服务;中餐厅;湖南菜(湘菜),4.3,37,1.1821025842927224,0.7272727272727271,0.9795640326975477,0.35973841552323543,68.01
1360,东海渔宫·海鲜姿造(杭州首店),西湖区,餐饮服务;中餐厅;海鲜酒楼,4.7,189,0.8957458428554061,0.909090909090909,0.8760217983651226,0.17302311185385882,68.0
1361,路小缦·九段厨林(钱江新城店),上城区,餐饮服务;中餐厅;中餐厅,4.6,128,0.9465385939324549,0.8636363636363635,0.917574931880109,0.20614188494071567,67.99
1362,Reallee意大利餐厅,余杭区,餐饮服务;外国餐厅;外国餐厅,4.6,128,0.9465385939324549,0.8636363636363635,0.917574931880109,0.20614188494071567,67.99
1363,趣东北·烤肉火锅·放题自助(D32店),拱墅区,餐饮服务;中餐厅;中餐厅,4.5,84,1.0129086755180032,0.8181818181818181,0.9475476839237057,0.24941766003022808,67.99
1364,小两口大排挡,滨江区,餐饮服务;中餐厅;特色/地方风味餐厅,4.5,84,1.0129086755180032,0.8181818181818181,0.9475476839237057,0.24941766003022808,67.99
1365,七欣天(杭州亚奥万象天地店),萧山区,餐饮服务;中餐厅;中餐厅,4.6,129,0.9450369682682899,0.8636363636363635,0.9168937329700273,0.20516276885469303,67.94
1366,七欣天(杭州西联广场店),拱墅区,餐饮服务;中餐厅;海鲜酒楼|餐饮服务;中餐厅;火锅店,4.6,129,0.9450369682682899,0.8636363636363635,0.9168937329700273,0.20516276885469303,67.94
1367,七欣天(艮山西路店),上城区,餐饮服务;中餐厅;海鲜酒楼,4.6,129,0.9450369682682899,0.8636363636363635,0.9168937329700273,0.20516276885469303,67.94
1368,德天肥牛海鲜火锅(滨江一店),滨江区,餐饮服务;中餐厅;火锅店,4.7,191,0.8939617950033955,0.909090909090909,0.874659400544959,0.17185984594024034,67.93
1369,豪尚豪牛排馆(凤起店),拱墅区,餐饮服务;外国餐厅;牛扒店(扒房),4.5,85,1.010249022069943,0.8181818181818181,0.946866485013624,0.24768346652489165,67.92
1370,喜禄顺德小馆(杭州东站万象汇店),上城区,餐饮服务;中餐厅;中餐厅,4.6,130,0.9435515518743246,0.8636363636363635,0.9162125340599455,0.204194221818983,67.89
1371,柠月·寿喜烧(黄龙国际中心店),西湖区,餐饮服务;外国餐厅;日本料理,4.6,130,0.9435515518743246,0.8636363636363635,0.9162125340599455,0.204194221818983,67.89
1372,翠熙餐厅,上城区,餐饮服务;外国餐厅;西餐厅(综合风味),4.6,130,0.9435515518743246,0.8636363636363635,0.9162125340599455,0.204194221818983,67.89
1373,茉莉奶白(杭州大厦501店),上城区,餐饮服务;餐饮相关场所;餐饮相关,4.1,19,1.3686136228508696,0.636363636363636,0.9918256130790191,0.4813505872055926,67.87
1374,御牛道日式烤肉料理(中山中路店),上城区,餐饮服务;外国餐厅;日本料理,4.7,193,0.8922032177183187,0.909090909090909,0.8732970027247956,0.17071318778872951,67.86
1375,御牛道日式烤肉料理(黄龙恒励大厦店),西湖区,餐饮服务;外国餐厅;日本料理,4.7,193,0.8922032177183187,0.909090909090909,0.8732970027247956,0.17071318778872951,67.86
1376,奉天小馆·品质东北菜(杭州首店),上城区,餐饮服务;中餐厅;中餐厅,4.6,131,0.9420820407892824,0.8636363636363635,0.9155313351498637,0.20323604563946657,67.85
1377,喜禄(杭州中心店),拱墅区,餐饮服务;中餐厅;火锅店,4.6,131,0.9420820407892824,0.8636363636363635,0.9155313351498637,0.20323604563946657,67.85
1378,泉水羊肉炉烧烤龙虾(西田城店),余杭区,餐饮服务;中餐厅;中餐厅,4.5,86,1.0076338071540278,0.8181818181818181,0.9461852861035422,0.2459782486042839,67.85
1379,小明家烤羊吧盱眙龙虾,滨江区,餐饮服务;中餐厅;火锅店,4.5,86,1.0076338071540278,0.8181818181818181,0.9461852861035422,0.2459782486042839,67.85
1380,必胜客(杭州钱江时代店),上城区,餐饮服务;快餐厅;快餐厅,4.3,38,1.173721207760409,0.7272727272727271,0.978882833787466,0.35427344460429205,67.83
1381,M Stand(杭州万象城店)(装修中),上城区,餐饮服务;咖啡厅;咖啡厅,4.3,38,1.173721207760409,0.7272727272727271,0.978882833787466,0.35427344460429205,67.83
1382,山海盟海鲜烤肉自助餐厅(中大银泰店),拱墅区,餐饮服务;中餐厅;中餐厅,4.6,132,0.9406281390941649,0.8636363636363635,0.9148501362397821,0.20228804736589107,67.8
1383,可爸海鲜小龙虾大闸蟹(城东店No3),上城区,餐饮服务;中餐厅;海鲜酒楼,4.6,132,0.9406281390941649,0.8636363636363635,0.9148501362397821,0.20228804736589107,67.8
1384,胖东北·新派东北菜(西投银泰店),西湖区,餐饮服务;中餐厅;中餐厅,4.4,57,1.0836256015837755,0.7727272727272727,0.9659400544959128,0.29552774027021395,67.79
1385,灶小甜鲜货烧烤,上城区,餐饮服务;中餐厅;火锅店,4.4,57,1.0836256015837755,0.7727272727272727,0.9659400544959128,0.29552774027021395,67.79
1386,狂野牛牛·岩烤牛排西餐厅(亚奥万象天地店),萧山区,餐饮服务;外国餐厅;西餐厅(综合风味),4.5,87,1.0050617557849362,0.8181818181818181,0.9455040871934605,0.24430117493029696,67.78
1387,左庭右院鲜牛肉火锅(来福士店),上城区,餐饮服务;中餐厅;火锅店,4.6,133,0.9391895586389133,0.8636363636363635,0.9141689373297003,0.20135003911364274,67.76
1388,盱眙·战友龙虾(转塘店),西湖区,餐饮服务;中餐厅;中餐厅,4.6,133,0.9391895586389133,0.8636363636363635,0.9141689373297003,0.20135003911364274,67.76
1389,金榜龙虾馆(星耀城店),滨江区,餐饮服务;中餐厅;海鲜酒楼,4.6,133,0.9391895586389133,0.8636363636363635,0.9141689373297003,0.20135003911364274,67.76
1390,肆野集·猛火菜·露营烧烤·啤酒,上城区,餐饮服务;餐饮相关场所;餐饮相关,4.5,88,1.0025316442081358,0.8181818181818181,0.9448228882833788,0.24265144756921403,67.72
1391,厚贞日式烤肉(杭州滨江宝龙城店),滨江区,餐饮服务;外国餐厅;日本料理,4.6,134,0.9377660187803765,0.8636363636363635,0.9134877384196185,0.20042183789289264,67.71
1392,宴中海·二十年浙菜·萧山宴·市心北路店,萧山区,餐饮服务;中餐厅;中餐厅,4.7,198,0.8879141019891345,0.909090909090909,0.8698910081743869,0.1679165239426889,67.69
1393,皖北地锅鸡(瓜沥店),萧山区,餐饮服务;餐饮相关场所;餐饮相关,4.4,58,1.0790826719632538,0.7727272727272727,0.965258855585831,0.2925655802757023,67.68
1394,杭儿风餐厅(来福士店),上城区,餐饮服务;中餐厅;浙江菜,4.6,135,0.9363572461310381,0.8636363636363635,0.9128065395095368,0.19950326544475655,67.67
1395,澳骄小屋 Aussie Kitchen(城东店),上城区,餐饮服务;外国餐厅;西餐厅(综合风味)|餐饮服务;糕饼店;糕饼店,4.6,135,0.9363572461310381,0.8636363636363635,0.9128065395095368,0.19950326544475655,67.67
1396,台客熊烧鸟(庆谐路店),上城区,餐饮服务;餐饮相关场所;餐饮相关,4.6,135,0.9363572461310381,0.8636363636363635,0.9128065395095368,0.19950326544475655,67.67
1397,大米先生(西湖银泰百货店),上城区,餐饮服务;快餐厅;快餐厅,4.2,27,1.260426839701735,0.6818181818181819,0.9863760217983651,0.4108087589695513,67.67
1398,兰湘子·湘菜小炒(杭州临平万达店),临平区,餐饮服务;中餐厅;湖南菜(湘菜),4.3,39,1.1656656319318122,0.7272727272727271,0.9782016348773842,0.3490209079274233,67.65
1399,滨丸水產·烧肉烧鸟炉端烧(星光大道店),滨江区,餐饮服务;外国餐厅;日本料理,4.7,200,0.8862398224280347,0.909090909090909,0.8685286103542235,0.16682483105950746,67.63
1400,御·拾串·烧鸟放题(鼓楼店),上城区,餐饮服务;中餐厅;中餐厅,4.6,136,0.9349629743179814,0.8636363636363635,0.912125340599455,0.19859414808413206,67.62
1401,御牛道日式烤肉料理(国大城市广场店),拱墅区,餐饮服务;外国餐厅;日本料理,4.7,201,0.8854112618135296,0.909090909090909,0.8678474114441417,0.16628457855499407,67.59
1402,老城区烧烤小酒馆·小龙虾(西湖店),上城区,餐饮服务;中餐厅;中餐厅,4.5,90,0.9975925859581393,0.8181818181818181,0.9434604904632152,0.2394309968951352,67.59
1403,绿茶餐厅(西湖银泰店),上城区,餐饮服务;中餐厅;中餐厅,4.4,59,1.0746530813742783,0.7727272727272727,0.9645776566757494,0.2896773215680489,67.58
1404,德悦海鲜(杭州大厦501广场店),上城区,餐饮服务;中餐厅;海鲜酒楼,4.7,202,0.8845883292572113,0.909090909090909,0.8671662125340599,0.16574799575487859,67.56
1405,炙·烧鸟·烧肉·深夜食堂(都会山店),萧山区,餐饮服务;外国餐厅;日本料理,4.6,138,0.9322169014036145,0.8636363636363635,0.9107629427792916,0.1968036058551253,67.54
1406,淳安县潮汕牛肉馆,淳安县,餐饮服务;中餐厅;中餐厅,4.5,91,0.9951814250759906,0.8181818181818181,0.9427792915531336,0.23785882983510226,67.52
1407,苏面坊·蟹黄面·蟹黄火锅(蜻蜓公园店),上城区,餐饮服务;中餐厅;中餐厅,4.6,139,0.9308646005938833,0.8636363636363635,0.9100817438692098,0.19592185515816624,67.49
1408,新珒记·台州海鲜·小龙虾夜宵,拱墅区,餐饮服务;中餐厅;海鲜酒楼,4.7,205,0.8821526347651159,0.909090909090909,0.8651226158038147,0.1641598318637309,67.46
1409,四灶儿·地道杭帮菜(鼓楼二店),上城区,餐饮服务;中餐厅;中餐厅,4.5,92,0.9928077710809218,0.8181818181818181,0.9420980926430518,0.23631111866800786,67.46
1410,台舟半岛·台州菜·小海鲜(奥体店),萧山区,餐饮服务;中餐厅;海鲜酒楼,4.6,140,0.9295258007857161,0.8636363636363635,0.909400544959128,0.19504890761909405,67.45
1411,库迪咖啡(四季青清江路店),上城区,餐饮服务;咖啡厅;咖啡厅,3.8,9,1.6503190312323568,0.4999999999999998,0.9986376021798365,0.6650330477869126,67.42
1412,漫野串烧·炭火烧鸟(钱江世纪城店),萧山区,餐饮服务;餐饮相关场所;餐饮相关,4.6,141,0.9282002673891752,0.8636363636363635,0.9087193460490464,0.19418461027649686,67.41
1413,西西梨Brunch&Lounge(杭州湖滨88店),上城区,餐饮服务;餐饮相关场所;餐饮相关,4.5,93,0.9904706200357151,0.8181818181818181,0.94141689373297,0.23478720878924392,67.4
1414,皖北饭店,临安区,餐饮服务;中餐厅;中餐厅,4.2,28,1.2472916583681544,0.6818181818181819,0.9856948228882834,0.40224412955261574,67.39
1415,玖五京菜(杭州万象城店),上城区,餐饮服务;中餐厅;中餐厅,4.7,208,0.8797652446159518,0.909090909090909,0.8630790190735695,0.16260316421050575,67.36
1416,秋粤台(江锦路店),上城区,餐饮服务;中餐厅;中餐厅,4.7,208,0.8797652446159518,0.909090909090909,0.8630790190735695,0.16260316421050575,67.36
1417,茶百道(杭州万泰城店),上城区,餐饮服务;冷饮店;冷饮店,4.0,15,1.4426950408889634,0.5909090909090908,0.9945504087193461,0.5296544420260267,67.34
1418,新加坡斯味洛鲜奶茶(杭州四季青店),上城区,餐饮服务;糕饼店;糕饼店,4.0,15,1.4426950408889634,0.5909090909090908,0.9945504087193461,0.5296544420260267,67.34
1419,书亦烧仙草(杭州城站店),上城区,餐饮服务;冷饮店;冷饮店,4.0,15,1.4426950408889634,0.5909090909090908,0.9945504087193461,0.5296544420260267,67.34
1420,野果yeego(杭州万象城店),上城区,餐饮服务;中餐厅;中餐厅,4.6,143,0.9255880900782426,0.8636363636363635,0.9073569482288828,0.19248137298792828,67.32
1421,嗨小鲜-无骨鱼专家,西湖区,餐饮服务;中餐厅;中餐厅,4.6,143,0.9255880900782426,0.8636363636363635,0.9073569482288828,0.19248137298792828,67.32
1422,卜卜串烧鸟·羊肉炉苍蝇馆(深蓝国际店),萧山区,餐饮服务;中餐厅;中餐厅,4.6,143,0.9255880900782426,0.8636363636363635,0.9073569482288828,0.19248137298792828,67.32
1423,珍之宝御品(永盛大厦店),萧山区,餐饮服务;中餐厅;广东菜(粤菜),4.7,210,0.8781996612730315,0.909090909090909,0.861716621253406,0.1615823453262502,67.3
1424,杭越小鲜(杭州来福士中心店),上城区,餐饮服务;中餐厅;特色/地方风味餐厅,4.6,144,0.9243010050528965,0.8636363636363635,0.9066757493188011,0.1916421454211193,67.28
1425,尹目·烧鸟居酒屋,上城区,餐饮服务;外国餐厅;日本料理,4.6,144,0.9243010050528965,0.8636363636363635,0.9066757493188011,0.1916421454211193,67.28
1426,厚贞烤肉(杭州中心店),拱墅区,餐饮服务;外国餐厅;日本料理,4.6,144,0.9243010050528965,0.8636363636363635,0.9066757493188011,0.1916421454211193,67.28
1427,厨创东北大厨(拱墅万达店),拱墅区,餐饮服务;中餐厅;东北菜,4.4,62,1.0619978085608104,0.7727272727272727,0.9625340599455041,0.2814256104523087,67.28
1428,钳和有龙虾·只做活虾(宝龙店),钱塘区,餐饮服务;餐饮相关场所;餐饮相关,4.4,62,1.0619978085608104,0.7727272727272727,0.9625340599455041,0.2814256104523087,67.28
1429,巴奴毛肚火锅(杭州东站万象汇店),上城区,餐饮服务;中餐厅;火锅店,4.6,145,0.9230263038745141,0.8636363636363635,0.9059945504087193,0.190810992585622,67.24
1430,巴奴毛肚火锅(杭州上城龙湖天街店),上城区,餐饮服务;中餐厅;火锅店,4.6,145,0.9230263038745141,0.8636363636363635,0.9059945504087193,0.190810992585622,67.24
1431,巴奴毛肚火锅(杭州萧山万象汇店),萧山区,餐饮服务;中餐厅;火锅店,4.6,145,0.9230263038745141,0.8636363636363635,0.9059945504087193,0.190810992585622,67.24
1432,可爸海鲜小龙虾私房菜(余杭店No.8),余杭区,餐饮服务;餐饮相关场所;餐饮相关,4.6,145,0.9230263038745141,0.8636363636363635,0.9059945504087193,0.190810992585622,67.24
1433,阿婆·给鸟烧鸟暖锅煎饺(文二菜市店),西湖区,餐饮服务;餐饮相关场所;餐饮相关,4.5,96,0.9836686997595148,0.8181818181818181,0.9393732970027248,0.23035210241273268,67.21
1434,王市井龙虾·鲜货烧烤大排档(万塘汇店),西湖区,餐饮服务;中餐厅;海鲜酒楼,4.5,96,0.9836686997595148,0.8181818181818181,0.9393732970027248,0.23035210241273268,67.21
1435,强子海鲜(奥体店),萧山区,餐饮服务;餐饮相关场所;餐饮相关,4.6,146,0.9217637789932043,0.8636363636363635,0.9053133514986376,0.18998777915114623,67.2
1436,世纪澜轩花园餐厅,萧山区,餐饮服务;中餐厅;中餐厅,4.7,214,0.8751287976185833,0.909090909090909,0.8589918256130791,0.15958002738922678,67.17
1437,兰湘子·湘菜小炒(杭州城北万象城店),余杭区,餐饮服务;中餐厅;中餐厅,4.3,42,1.1432521184018636,0.7272727272727271,0.976158038147139,0.3344064589571059,67.16
1438,兰湘子·湘菜小炒(杭州拱墅宝龙广场店),拱墅区,餐饮服务;中餐厅;湖南菜(湘菜),4.3,42,1.1432521184018636,0.7272727272727271,0.976158038147139,0.3344064589571059,67.16
1439,三浪·咖啡培训·风味研究所,上城区,餐饮服务;咖啡厅;咖啡厅,4.3,42,1.1432521184018636,0.7272727272727271,0.976158038147139,0.3344064589571059,67.16
1440,江南虾客·龙虾烧烤(钱江世纪城店),萧山区,餐饮服务;中餐厅;火锅店,4.6,147,0.9205132277751096,0.8636363636363635,0.9046321525885559,0.18917237299283934,67.15
1441,泷川本铺(工联cc店),上城区,餐饮服务;餐饮相关场所;餐饮相关,4.5,97,0.9814682483429067,0.8181818181818181,0.9386920980926431,0.2289173258036699,67.15
1442,十二月令·茶宴·庭院餐厅,滨江区,餐饮服务;中餐厅;中餐厅,4.8,298,0.8420397357156729,0.9545454545454544,0.8017711171662125,0.1380047216697728,67.14
1443,德悦小江南(海威新界店),滨江区,餐饮服务;中餐厅;中餐厅,4.6,148,0.9192744523526344,0.8636363636363635,0.9039509536784741,0.18836464509363,67.11
1444,八合里潮汕鲜牛肉火锅(杭州湖滨in77E区店),上城区,餐饮服务;餐饮相关场所;餐饮相关,4.5,98,0.9792998108347917,0.8181818181818181,0.9380108991825613,0.22750342346009828,67.09
1445,洞庭3000里·乡野湖南菜,上城区,餐饮服务;餐饮相关场所;餐饮相关,4.5,98,0.9792998108347917,0.8181818181818181,0.9380108991825613,0.22750342346009828,67.09
1446,沈厨臭 鳜鱼·山野徽州土菜(阿里亲橙里店),余杭区,餐饮服务;中餐厅;中餐厅,4.5,98,0.9792998108347917,0.8181818181818181,0.9380108991825613,0.22750342346009828,67.09
1447,新疆一只羊烧烤(景秋公寓店),上城区,餐饮服务;中餐厅;中餐厅,4.5,98,0.9792998108347917,0.8181818181818181,0.9380108991825613,0.22750342346009828,67.09
1448,蛙有福·美蛙鱼头火锅自助(天虹店),上城区,餐饮服务;中餐厅;中餐厅,4.4,64,1.0540469092868818,0.7727272727272727,0.9611716621253406,0.2762413268034421,67.09
1449,古鲁特烤肉自助餐厅(西投银泰城店),西湖区,餐饮服务;中餐厅;中餐厅,4.4,64,1.0540469092868818,0.7727272727272727,0.9611716621253406,0.2762413268034421,67.09
1450,意坊(西湖大道店),上城区,购物服务;服装鞋帽皮具店;服装鞋帽皮具店|餐饮服务;甜品店;甜品店,4.7,217,0.8728766477065855,0.909090909090909,0.8569482288828338,0.15811154142791511,67.08
1451,绿茶餐厅(三潭印月·西湖总店),上城区,餐饮服务;中餐厅;浙江菜,4.6,150,0.9168314603955153,0.8636363636363635,0.9025885558583107,0.1867717229823998,67.03
1452,老四川平头酸菜鱼(衙前店),萧山区,餐饮服务;中餐厅;海鲜酒楼,4.5,99,0.9771625842823165,0.8181818181818181,0.9373297002724795,0.2261098718267312,67.03
1453,Muen慕恩艺术.生日.聚会餐厅,拱墅区,餐饮服务;外国餐厅;西餐厅(综合风味),4.5,99,0.9771625842823165,0.8181818181818181,0.9373297002724795,0.2261098718267312,67.03
1454,甘王烧烤大排档,上城区,餐饮服务;中餐厅;特色/地方风味餐厅,4.1,21,1.3264133579095572,0.636363636363636,0.9904632152588556,0.45383443639351156,67.01
1455,Tims天好咖啡(杭州国贸金融大厦店),上城区,餐饮服务;餐饮相关场所;餐饮相关,4.1,21,1.3264133579095572,0.636363636363636,0.9904632152588556,0.45383443639351156,67.01
1456,新发现·甄选(来福士店),上城区,餐饮服务;中餐厅;浙江菜|生活服务;美容美发店;美容美发店,4.4,65,1.0502058692005338,0.7727272727272727,0.9604904632152589,0.27373682503222846,67.0
1457,绿茶餐厅(庆春银泰店),上城区,餐饮服务;中餐厅;江苏菜,4.4,65,1.0502058692005338,0.7727272727272727,0.9604904632152589,0.27373682503222846,67.0
1458,朝天椒·现炒黄牛肉(杭州东站万象汇店),上城区,餐饮服务;中餐厅;中餐厅,4.4,65,1.0502058692005338,0.7727272727272727,0.9604904632152589,0.27373682503222846,67.0
1459,农耕记·湖南土菜(杭州城西银泰城店),拱墅区,餐饮服务;中餐厅;中餐厅,4.4,65,1.0502058692005338,0.7727272727272727,0.9604904632152589,0.27373682503222846,67.0
1460,皖掌柜地锅鸡(盛乐店),萧山区,餐饮服务;中餐厅;中餐厅,4.4,65,1.0502058692005338,0.7727272727272727,0.9604904632152589,0.27373682503222846,67.0
1461,周胖烧烤·虾唠唠(原大学路胖子烧烤店),上城区,餐饮服务;中餐厅;中餐厅,4.4,65,1.0502058692005338,0.7727272727272727,0.9604904632152589,0.27373682503222846,67.0
1462,久旦·鲜串烧鸟(华家池店),上城区,餐饮服务;中餐厅;中餐厅,4.5,100,0.9750557940098925,0.8181818181818181,0.9366485013623979,0.22473616578611594,66.98
1463,三两好友深夜食堂富阳店·小龙虾·焗海鲜·烤乳猪,富阳区,餐饮服务;中餐厅;中餐厅,4.5,100,0.9750557940098925,0.8181818181818181,0.9366485013623979,0.22473616578611594,66.98
1464,星巴克(景芳地铁站商业街店),上城区,餐饮服务;咖啡厅;星巴克咖啡,4.2,30,1.2230680401238423,0.6818181818181819,0.9843324250681199,0.3864494246200348,66.88
1465,七条鱼日本料理(滨江天街店),滨江区,餐饮服务;外国餐厅;日本料理,4.6,154,0.9120785762374695,0.8636363636363635,0.8998637602179836,0.18367266477821514,66.87
1466,淀餐厅sediment,萧山区,餐饮服务;中餐厅;中餐厅,4.7,224,0.8677830267118094,0.909090909090909,0.8521798365122616,0.15479031006439753,66.86
1467,今日川菜龙虾馆(贵创广场店),萧山区,餐饮服务;中餐厅;四川菜(川菜),4.5,102,0.9709305574130022,0.8181818181818181,0.9352861035422343,0.2220463572625579,66.86
1468,御牛道日式烤肉料理(杭州万象城店),上城区,餐饮服务;外国餐厅;日本料理,4.7,225,0.8670730842307967,0.909090909090909,0.8514986376021798,0.15432740101862213,66.83
1469,粤潮醉虾打边炉,西湖区,餐饮服务;中餐厅;中餐厅,4.6,155,0.9109170624659936,0.8636363636363635,0.8991825613079019,0.18291531436464098,66.83
1470,蔻餐厅The Coeur,上城区,餐饮服务;外国餐厅;外国餐厅,4.6,155,0.9109170624659936,0.8636363636363635,0.8991825613079019,0.18291531436464098,66.83
1471,邦小宝潮汕美食馆,余杭区,餐饮服务;餐饮相关场所;餐饮相关,4.4,67,1.0427756760824212,0.7727272727272727,0.9591280653950953,0.2688920612686549,66.82
1472,必胜客(杭州滨江宝龙店),滨江区,餐饮服务;快餐厅;必胜客,4.4,67,1.0427756760824212,0.7727272727272727,0.9591280653950953,0.2688920612686549,66.82
1473,重庆佬陈龙虾馆,萧山区,餐饮服务;中餐厅;海鲜酒楼,4.5,103,0.9689106919988009,0.8181818181818181,0.9346049046321526,0.22072932948004126,66.81
1474,mamala西餐厅(杭州远洋乐堤港店),拱墅区,餐饮服务;外国餐厅;意式菜品餐厅,4.7,226,0.8663674291661089,0.909090909090909,0.8508174386920981,0.15386728752861772,66.8
1475,SOLAR索拉餐厅(BIRLAND玉鸟集店),余杭区,餐饮服务;外国餐厅;西餐厅(综合风味),4.6,157,0.9086249186416995,0.8636363636363635,0.8978201634877384,0.18142075087694803,66.75
1476,楼外楼(城市阳台店),上城区,餐饮服务;中餐厅;中餐厅,4.5,104,0.9669184224673698,0.8181818181818181,0.9339237057220708,0.21943029524503327,66.75
1477,gege blue青田西餐大师(龙湖杭州金沙天街店),钱塘区,餐饮服务;外国餐厅;西餐厅(综合风味),4.5,104,0.9669184224673698,0.8181818181818181,0.9339237057220708,0.21943029524503327,66.75
1478,月芽·自由餐厅·壹集集合餐厅,余杭区,餐饮服务;外国餐厅;西餐厅(综合风味),4.7,228,0.8649687998255512,0.909090909090909,0.8494550408719346,0.15295532889711366,66.73
1479,湘绯·杭城拾佳湘菜(阿里店),余杭区,餐饮服务;中餐厅;湖南菜(湘菜),4.4,68,1.0391802840156756,0.7727272727272727,0.9584468664850136,0.26654773119217995,66.73
1480,菲滋意式餐厅(西溪印象城店),余杭区,餐饮服务;外国餐厅;意式菜品餐厅,4.4,68,1.0391802840156756,0.7727272727272727,0.9584468664850136,0.26654773119217995,66.73
1481,菲滋意式餐厅(萧山万象汇店),萧山区,餐饮服务;外国餐厅;西餐厅(综合风味)|餐饮服务;外国餐厅;意式菜品餐厅,4.4,68,1.0391802840156756,0.7727272727272727,0.9584468664850136,0.26654773119217995,66.73
1482,菲滋意式餐厅(西湖银泰店),上城区,餐饮服务;外国餐厅;意式菜品餐厅,4.4,68,1.0391802840156756,0.7727272727272727,0.9584468664850136,0.26654773119217995,66.73
1483,菲滋意式餐厅(萧山银隆店),萧山区,餐饮服务;外国餐厅;意式菜品餐厅|餐饮服务;外国餐厅;西餐厅(综合风味),4.4,68,1.0391802840156756,0.7727272727272727,0.9584468664850136,0.26654773119217995,66.73
1484,菲滋意式餐厅(西湖文化广场店),拱墅区,餐饮服务;外国餐厅;意式菜品餐厅,4.4,68,1.0391802840156756,0.7727272727272727,0.9584468664850136,0.26654773119217995,66.73
1485,菲滋意式餐厅(富阳东方茂店),富阳区,餐饮服务;外国餐厅;西餐厅(综合风味),4.4,68,1.0391802840156756,0.7727272727272727,0.9584468664850136,0.26654773119217995,66.73
1486,菲滋意式餐厅(拱墅万达店),拱墅区,餐饮服务;外国餐厅;意式菜品餐厅,4.4,68,1.0391802840156756,0.7727272727272727,0.9584468664850136,0.26654773119217995,66.73
1487,菲滋意式餐厅(杭州西投银泰店),西湖区,餐饮服务;外国餐厅;意式菜品餐厅,4.4,68,1.0391802840156756,0.7727272727272727,0.9584468664850136,0.26654773119217995,66.73
1488,菲滋意式餐厅(杭州滨江开元广场店),滨江区,餐饮服务;外国餐厅;意式菜品餐厅,4.4,68,1.0391802840156756,0.7727272727272727,0.9584468664850136,0.26654773119217995,66.73
1489,战友龙虾(上城店),上城区,餐饮服务;中餐厅;海鲜酒楼,4.6,158,0.9074939703901196,0.8636363636363635,0.8971389645776566,0.1806833303253375,66.71
1490,大酒·烧鸟·居酒屋(国货路店),上城区,餐饮服务;外国餐厅;日本料理,4.6,158,0.9074939703901196,0.8636363636363635,0.8971389645776566,0.1806833303253375,66.71
1491,七条鱼日本料理(新天地店),拱墅区,餐饮服务;外国餐厅;日本料理,4.6,158,0.9074939703901196,0.8636363636363635,0.8971389645776566,0.1806833303253375,66.71
1492,牛小新烧肉·和牛放题(萧山万象汇店),萧山区,餐饮服务;外国餐厅;日本料理,4.6,158,0.9074939703901196,0.8636363636363635,0.8971389645776566,0.1806833303253375,66.71
1493,荣小馆(杭州万象城店),上城区,餐饮服务;中餐厅;中餐厅,4.7,229,0.8642757365248239,0.909090909090909,0.8487738419618529,0.152503425708078,66.7
1494,炙烤拾光烧烤 烤鱼 小龙虾(西投云潮中心店),西湖区,餐饮服务;中餐厅;特色/地方风味餐厅,4.5,105,0.9649530977431611,0.8181818181818181,0.9332425068119891,0.21814883003192992,66.69
1495,鸟语花香·高空景观餐厅·潮粤菜(杭州大厦店),拱墅区,餐饮服务;餐饮相关场所;餐饮相关,4.7,230,0.863586782564212,0.909090909090909,0.8480926430517711,0.15205420196246539,66.67
1496,竹哩(归谷店),萧山区,餐饮服务;外国餐厅;日本料理,4.7,230,0.863586782564212,0.909090909090909,0.8480926430517711,0.15205420196246539,66.67
1497,月芽·璞上餐厅·上天竺店,西湖区,餐饮服务;中餐厅;中餐厅,4.7,230,0.863586782564212,0.909090909090909,0.8480926430517711,0.15205420196246539,66.67
1498,七条鱼日本料理(国大城市广场店),拱墅区,餐饮服务;外国餐厅;日本料理,4.6,159,0.9063728982429079,0.8636363636363635,0.896457765667575,0.17995234936308996,66.67
1499,小菜园新徽菜(杭州西湖龙湖紫荆天街店),西湖区,餐饮服务;中餐厅;安徽菜(徽菜),4.4,69,1.0356608044305022,0.7727272727272727,0.9577656675749319,0.2642528988924218,66.64
1500,牛小新烧肉·和牛放题(杭州中心店),拱墅区,餐饮服务;外国餐厅;日本料理,4.6,160,0.9052615516486385,0.8636363636363635,0.8957765667574932,0.17922770982504593,66.63
1501,山上下日本料理(杭州中心),拱墅区,餐饮服务;外国餐厅;日本料理,4.6,160,0.9052615516486385,0.8636363636363635,0.8957765667574932,0.17922770982504593,66.63
1502,Nodus诺德斯西餐厅(江南慢村店),余杭区,餐饮服务;餐饮相关场所;餐饮相关,4.6,160,0.9052615516486385,0.8636363636363635,0.8957765667574932,0.17922770982504593,66.63
1503,麦记牛奶(杭州来福士店),上城区,餐饮服务;冷饮店;冷饮店,4.1,22,1.307608854505584,0.636363636363636,0.9897820163487738,0.44157319698353154,66.63
1504,澜记香港饮品(庆春店),上城区,餐饮服务;冷饮店;冷饮店,4.1,22,1.307608854505584,0.636363636363636,0.9897820163487738,0.44157319698353154,66.63
1505,酒食胡同·烧鸟酒场,萧山区,餐饮服务;外国餐厅;日本料理,4.6,161,0.9041597833036193,0.8636363636363635,0.8950953678474114,0.17850931566368972,66.6
1506,皖缘粗菜馆,富阳区,餐饮服务;中餐厅;中餐厅,4.3,46,1.1168402993407676,0.7272727272727271,0.973433242506812,0.3171849652646563,66.58
1507,云海肴·汽锅鸡·云南代表菜(五福天虹店),上城区,餐饮服务;中餐厅;云贵菜,4.4,70,1.0322145051750866,0.7727272727272727,0.9570844686648501,0.26200578290422943,66.56
1508,鳗本家鳗鱼饭·烧鸟(西湖店),上城区,餐饮服务;外国餐厅;日本料理,4.5,108,0.9592126000815309,0.8181818181818181,0.9311989100817438,0.21440581089180172,66.53
1509,大郎烧烤海鲜大排档(凯旋路店),上城区,餐饮服务;中餐厅;特色/地方风味餐厅,4.5,109,0.9573489621930121,0.8181818181818181,0.9305177111716622,0.21319064929812676,66.48
1510,晓叁月·生日下午茶约会·西餐融合菜,临平区,餐饮服务;餐饮相关场所;餐饮相关,4.5,109,0.9573489621930121,0.8181818181818181,0.9305177111716622,0.21319064929812676,66.48
1511,兄弟龙虾(金家渡总店),余杭区,餐饮服务;中餐厅;海鲜酒楼,4.5,109,0.9573489621930121,0.8181818181818181,0.9305177111716622,0.21319064929812676,66.48
1512,可爸海鲜小龙虾大闸蟹(萧山店No5),萧山区,餐饮服务;中餐厅;海鲜酒楼,4.5,109,0.9573489621930121,0.8181818181818181,0.9305177111716622,0.21319064929812676,66.48
1513,钱江新城万豪酒店中餐厅,上城区,餐饮服务;中餐厅;中餐厅,4.6,165,0.8998456550458342,0.8636363636363635,0.8923705722070845,0.1756963427136629,66.44
1514,一家人扬州龙虾(七乐汇生活广场店),拱墅区,餐饮服务;中餐厅;海鲜酒楼,4.6,165,0.8998456550458342,0.8636363636363635,0.8923705722070845,0.1756963427136629,66.44
1515,皖北地锅鸡,余杭区,餐饮服务;餐饮相关场所;餐饮相关,4.3,47,1.1107663972715136,0.7272727272727271,0.9727520435967303,0.31322455398316723,66.44
1516,快点小龙虾大闸蟹(信义坊店),拱墅区,餐饮服务;中餐厅;海鲜酒楼,4.5,110,0.955509319962754,0.8181818181818181,0.9298365122615804,0.21199113377095052,66.42
1517,牛排家(杭州城西银泰店),拱墅区,餐饮服务;外国餐厅;西餐厅(综合风味),4.7,240,0.8569141313694559,0.909090909090909,0.8412806539509536,0.14770338386104692,66.37
1518,喜禄顺德菜(西湖天地店),上城区,餐饮服务;中餐厅;中餐厅,4.5,111,0.9536931390141199,0.8181818181818181,0.9291553133514987,0.2108069158767229,66.37
1519,永聚烤吧(太平门直街店),上城区,餐饮服务;中餐厅;特色/地方风味餐厅,4.5,111,0.9536931390141199,0.8181818181818181,0.9291553133514987,0.2108069158767229,66.37
1520,slim's steak house斯利姆牛排餐廳,滨江区,餐饮服务;外国餐厅;西餐厅(综合风味),4.6,168,0.8967038640779441,0.8636363636363635,0.8903269754768393,0.17364777751596278,66.33
1521,醉爱龙虾馆(桐庐店),桐庐县,餐饮服务;中餐厅;海鲜酒楼,4.4,73,1.0222893717261166,0.7727272727272727,0.9550408719346049,0.25553422474714943,66.31
1522,鸟巢·烧鸟YaKiToRi炭火刺身小酒馆,滨江区,餐饮服务;外国餐厅;日本料理,4.5,113,0.9501291065042758,0.8181818181818181,0.9277929155313351,0.20848303340403201,66.27
1523,袁记云饺(杭州市上城区吴山路店),上城区,餐饮服务;快餐厅;快餐厅,4.1,23,1.2900977198209118,0.636363636363636,0.989100817438692,0.4301552823437966,66.27
1524,名人名家·浙菜(三墩店),西湖区,餐饮服务;中餐厅;中餐厅,4.7,245,0.8537178858936831,0.909090909090909,0.837874659400545,0.145619312287892,66.22
1525,牛小新烧肉·和牛放题(龙湖杭州金沙天街店),钱塘区,餐饮服务;餐饮相关场所;餐饮相关,4.6,171,0.8936386470583687,0.8636363636363635,0.888283378746594,0.1716491413960311,66.22
1526,醉盏堂烧烤海鲜小龙虾,余杭区,餐饮服务;中餐厅;中餐厅,4.5,114,0.9483802672541622,0.8181818181818181,0.9271117166212535,0.20734272481546906,66.22
1527,王品牛排(杭州平安悦坊店),上城区,餐饮服务;外国餐厅;牛扒店(扒房),4.7,246,0.8530892565247337,0.909090909090909,0.8371934604904632,0.14520942243186924,66.2
1528,东北炬铁锅炖(武林银泰百货B馆店),拱墅区,餐饮服务;中餐厅;中餐厅,4.3,49,1.0991755401319252,0.7272727272727271,0.9713896457765667,0.3056668816904045,66.18
1529,望江门小龙虾(胜利河美食街店),拱墅区,餐饮服务;中餐厅;海鲜酒楼,4.5,115,0.9466529126594013,0.8181818181818181,0.9264305177111717,0.20621642502561027,66.17
1530,达美乐比萨(城星路店),上城区,餐饮服务;快餐厅;快餐厅,4.4,75,1.0159942102805826,0.7727272727272727,0.9536784741144414,0.2514295440783762,66.16
1531,达美乐比萨(景芳路店),上城区,餐饮服务;快餐厅;快餐厅,4.4,75,1.0159942102805826,0.7727272727272727,0.9536784741144414,0.2514295440783762,66.16
1532,达美乐比萨(上塘路店),拱墅区,餐饮服务;快餐厅;快餐厅,4.4,75,1.0159942102805826,0.7727272727272727,0.9536784741144414,0.2514295440783762,66.16
1533,达美乐比萨(体育场路店),拱墅区,餐饮服务;快餐厅;快餐厅,4.4,75,1.0159942102805826,0.7727272727272727,0.9536784741144414,0.2514295440783762,66.16
1534,茶百道(杭州双菱路店),上城区,餐饮服务;冷饮店;冷饮店,4.0,17,1.3839050250447744,0.5909090909090908,0.9931880108991825,0.49132115325490106,66.16
1535,青蜂西餐厅(江滨一号店),滨江区,餐饮服务;快餐厅;快餐厅,4.6,175,0.8896652623650676,0.8636363636363635,0.885558583106267,0.1690583459920843,66.07
1536,怪圣龙虾(滨江总店曾用名怪怪龙虾),滨江区,餐饮服务;中餐厅;中餐厅,4.5,117,0.9432608428824861,0.8181818181818181,0.9250681198910082,0.20400466868530048,66.07
1537,皖北地锅鸡(三号路店),富阳区,餐饮服务;中餐厅;中餐厅,4.3,50,1.0936395460193817,0.7272727272727271,0.970708446866485,0.3020572065116495,66.06
1538,安徽饭店,萧山区,餐饮服务;中餐厅;中餐厅,4.3,50,1.0936395460193817,0.7272727272727271,0.970708446866485,0.3020572065116495,66.06
1539,必胜客(杭州西湖文化广场店),拱墅区,餐饮服务;快餐厅;必胜客,4.3,50,1.0936395460193817,0.7272727272727271,0.970708446866485,0.3020572065116495,66.06
1540,王品牛排(杭州大厦店),拱墅区,餐饮服务;外国餐厅;牛扒店(扒房),4.7,251,0.8499973370877035,0.909090909090909,0.8337874659400545,0.1431933753372256,66.05
1541,牛哒寿喜烧·和牛海鲜自助火锅(奥体店),萧山区,餐饮服务;外国餐厅;日本料理,4.6,176,0.8886914478249955,0.8636363636363635,0.8848773841961853,0.16842338249636019,66.04
1542,鸟剑居酒屋(五福天虹店),上城区,餐饮服务;外国餐厅;日本料理,4.5,118,0.9415952541268605,0.8181818181818181,0.9243869209809265,0.20291864253227904,66.02
1543,喜禄顺德小馆(金沙天街店),钱塘区,餐饮服务;中餐厅;广东菜(粤菜),4.5,118,0.9415952541268605,0.8181818181818181,0.9243869209809265,0.20291864253227904,66.02
1544,瑞幸咖啡(荣安中心店),上城区,餐饮服务;咖啡厅;咖啡厅,3.9,13,1.4778004085908096,0.5454545454545454,0.9959128065395095,0.552544454525733,66.02
1545,瑞幸咖啡(昆龙童装城负一楼店),上城区,餐饮服务;咖啡厅;咖啡厅,3.9,13,1.4778004085908096,0.5454545454545454,0.9959128065395095,0.552544454525733,66.02
1546,爷爷不泡茶NOYEYENOTEA(杭州金地威新中心店),上城区,餐饮服务;冷饮店;冷饮店,3.9,13,1.4778004085908096,0.5454545454545454,0.9959128065395095,0.552544454525733,66.02
1547,瑞幸咖啡(富浙大厦店),上城区,餐饮服务;咖啡厅;咖啡厅,3.9,13,1.4778004085908096,0.5454545454545454,0.9959128065395095,0.552544454525733,66.02
1548,豪客来牛排(杭州临平银泰城餐厅),临平区,餐饮服务;外国餐厅;西餐厅(综合风味),4.4,77,1.0099366689472573,0.7727272727272727,0.952316076294278,0.24747980060851898,66.01
1549,升鼎荟,上城区,餐饮服务;中餐厅;中餐厅,4.7,253,0.8487838684390311,0.909090909090909,0.832425068119891,0.14240214840087723,65.99
1550,渔万(浙江民营企业发展大厦店),萧山区,餐饮服务;餐饮相关场所;餐饮相关,4.6,178,0.886766508637282,0.8636363636363635,0.8835149863760218,0.1671682501632606,65.97
1551,Tomacado花厨(in77·杭州首店),上城区,餐饮服务;外国餐厅;西餐厅(综合风味),4.6,178,0.886766508637282,0.8636363636363635,0.8835149863760218,0.1671682501632606,65.97
1552,名家海鲜火锅·活蟹生香(凯旋店),上城区,餐饮服务;中餐厅;火锅店,4.7,255,0.847583336522266,0.909090909090909,0.8310626702997275,0.14161935669749898,65.93
1553,名家海鲜火锅·活蟹生香(钱潮店)(暂停营业),上城区,餐饮服务;中餐厅;火锅店,4.7,255,0.847583336522266,0.909090909090909,0.8310626702997275,0.14161935669749898,65.93
1554,龙虾小弟,上城区,餐饮服务;中餐厅;浙江菜|餐饮服务;中餐厅;海鲜酒楼,4.6,179,0.8858151785357966,0.8636363636363635,0.8828337874659401,0.166547947362296,65.93
1555,八合田鲜切牛肉烤肉自助(杭州五福天虹购物中心店),上城区,餐饮服务;中餐厅;中餐厅,4.4,78,1.0069922215722815,0.7727272727272727,0.9516348773841962,0.24555991081302259,65.93
1556,蔡澜港式点心(杭州嘉里中心店),拱墅区,餐饮服务;餐饮相关场所;餐饮相关,4.4,78,1.0069922215722815,0.7727272727272727,0.9516348773841962,0.24555991081302259,65.93
1557,南马道斑鱼鲜火锅(杭州来福士中心店),上城区,餐饮服务;中餐厅;火锅店,4.5,120,0.9383228807045542,0.8181818181818181,0.923024523160763,0.20078493269119507,65.92
1558,Modern·湖畔餐厅(和达湖畔中心店),钱塘区,餐饮服务;外国餐厅;外国餐厅,4.6,180,0.8848711410882362,0.8636363636363635,0.8821525885558583,0.16593239964439782,65.9
1559,露天西餐厅(麦道大厦店),临平区,餐饮服务;外国餐厅;西餐厅(综合风味),4.6,181,0.8839342984364843,0.8636363636363635,0.8814713896457765,0.1653215432024147,65.86
1560,月龙吟(悦坊商场店),上城区,餐饮服务;外国餐厅;日本料理,4.8,349,0.8194016342310506,0.9545454545454544,0.7670299727520435,0.12324383295458713,65.83
1561,The boots泥靴City(杭州平安悦坊店),上城区,餐饮服务;餐饮相关场所;餐饮相关,4.6,182,0.883004554583759,0.8636363636363635,0.8807901907356949,0.16471531544285506,65.82
1562,文兴酒家(悦坊商场店),上城区,餐饮服务;中餐厅;中餐厅,4.7,260,0.8446370317583851,0.909090909090909,0.8276566757493188,0.1396982558149797,65.79
1563,太二酸菜鱼(杭州嘉里中心店),拱墅区,餐饮服务;中餐厅;中餐厅,4.4,80,1.0012631492895212,0.7727272727272727,0.9502724795640327,0.2418243414471673,65.78
1564,太二酸菜鱼(杭州滨江银泰店),滨江区,餐饮服务;中餐厅;四川菜(川菜),4.4,80,1.0012631492895212,0.7727272727272727,0.9502724795640327,0.2418243414471673,65.78
1565,Wagas沃歌斯(杭州城西银泰WA店),拱墅区,餐饮服务;外国餐厅;西餐厅(综合风味),4.4,80,1.0012631492895212,0.7727272727272727,0.9502724795640327,0.2418243414471673,65.78
1566,李氏龙虾(九堡家苑三区店),上城区,餐饮服务;中餐厅;海鲜酒楼,4.4,80,1.0012631492895212,0.7727272727272727,0.9502724795640327,0.2418243414471673,65.78
1567,厚贞日式烧肉(杭州来福士中心店),上城区,餐饮服务;外国餐厅;日本料理,4.5,123,0.9335554238386413,0.8181818181818181,0.9209809264305178,0.19767637253653775,65.77
1568,月芽·自由餐厅·虎跑1934店,西湖区,餐饮服务;外国餐厅;西餐厅(综合风味),4.8,352,0.8182095177910516,0.9545454545454544,0.7649863760217983,0.12246652845675537,65.75
1569,原始烤肉·齐齐哈尔(杭州首店),萧山区,餐饮服务;中餐厅;特色/地方风味餐厅,4.4,81,0.9984752268326547,0.7727272727272727,0.9495912806539509,0.24000651175149562,65.71
1570,春莱?老挝冰咖啡泰式奶茶(四季青店),上城区,餐饮服务;冷饮店;冷饮店,4.0,18,1.3584930875804344,0.5909090909090908,0.9925068119891008,0.47475161975390584,65.65
1571,何记皖北地锅鸡(良诸店),余杭区,餐饮服务;中餐厅;特色/地方风味餐厅,4.4,82,0.995736300656929,0.7727272727272727,0.9489100817438693,0.23822062946333383,65.64
1572,姐妹徽菜馆,富阳区,餐饮服务;中餐厅;安徽菜(徽菜),4.4,82,0.995736300656929,0.7727272727272727,0.9489100817438693,0.23822062946333383,65.64
1573,洞氮胡记羊肉馆·烧烤·烤全羊(天虹店),上城区,餐饮服务;中餐厅;火锅店,4.4,82,0.995736300656929,0.7727272727272727,0.9489100817438693,0.23822062946333383,65.64
1574,丫头烧烤王,上城区,餐饮服务;中餐厅;特色/地方风味餐厅,4.4,82,0.995736300656929,0.7727272727272727,0.9489100817438693,0.23822062946333383,65.64
1575,Le Nid Etoilé 楽·法餐,上城区,餐饮服务;外国餐厅;西餐厅(综合风味),4.6,188,0.8775700137347546,0.8636363636363635,0.8767029972752044,0.16117179158575173,65.62
1576,皖北羊肉馆(铭和苑新荷坊店),钱塘区,餐饮服务;中餐厅;中餐厅,4.2,36,1.163139152317201,0.6818181818181819,0.9802452316076294,0.34737354874150433,65.61
1577,麦当劳(高铁东站出发夹层餐厅),上城区,餐饮服务;快餐厅;麦当劳,4.2,36,1.163139152317201,0.6818181818181819,0.9802452316076294,0.34737354874150433,65.61
1578,马家鱼圆儿,上城区,餐饮服务;中餐厅;中餐厅,4.1,25,1.2584034733635527,0.636363636363636,0.9877384196185286,0.4094894484536827,65.61
1579,LAURA BERGAMO罗拉意大利餐厅,上城区,餐饮服务;外国餐厅;西餐厅(综合风味),4.5,128,0.9259616679774015,0.8181818181818181,0.917574931880109,0.19272495974804965,65.54
1580,永聚烤吧盱眙龙虾,上城区,餐饮服务;中餐厅;中餐厅,4.5,128,0.9259616679774015,0.8181818181818181,0.917574931880109,0.19272495974804965,65.54
1581,七欣天(杭州庆春路越都荟店),上城区,餐饮服务;中餐厅;火锅店,4.5,129,0.9244926863494141,0.8181818181818181,0.9168937329700273,0.19176712879433194,65.49
1582,叁念SANNIAN西餐厅(杭州临平inPARK店),临平区,餐饮服务;餐饮相关场所;餐饮相关,4.5,129,0.9244926863494141,0.8181818181818181,0.9168937329700273,0.19176712879433194,65.49
1583,鹊拾湘·金奖现炒黄牛肉(龙湖上城天街店),上城区,餐饮服务;中餐厅;中餐厅,4.3,55,1.0682296431134173,0.7272727272727271,0.9673024523160763,0.2854889996187971,65.47
1584,小菜园新徽菜(杭州萧山银泰店),萧山区,餐饮服务;中餐厅;中餐厅,4.3,55,1.0682296431134173,0.7272727272727271,0.9673024523160763,0.2854889996187971,65.47
1585,小菜园新徽菜(杭州临平城北花园城店),临平区,餐饮服务;中餐厅;安徽菜(徽菜),4.3,55,1.0682296431134173,0.7272727272727271,0.9673024523160763,0.2854889996187971,65.47
1586,御牛道日式烤肉料理(奥体印象城店),萧山区,餐饮服务;中餐厅;中餐厅,4.6,193,0.8732201705328224,0.8636363636363635,0.8732970027247956,0.158335531156588,65.45
1587,虾蟹工坊龙虾馆(阅城新座店),拱墅区,餐饮服务;中餐厅;海鲜酒楼|餐饮服务;中餐厅;特色/地方风味餐厅,4.5,130,0.9230395616161873,0.8181818181818181,0.9162125340599455,0.1908196371289635,65.45
1588,煲仔皇腊味煲仔饭(杭州湖滨in77B区店),上城区,餐饮服务;快餐厅;快餐厅,4.2,37,1.154611826518473,0.6818181818181819,0.9795640326975477,0.3418134134431155,65.43
1589,川味观Manana·川渝火锅(湖滨in77店),上城区,餐饮服务;中餐厅;火锅店,4.5,131,0.9216019964242981,0.8181818181818181,0.9155313351498637,0.18988229086639302,65.4
1590,牛New寿喜烧(大悦城店),拱墅区,餐饮服务;外国餐厅;日本料理,4.6,196,0.8706838191717458,0.8636363636363635,0.8712534059945504,0.15668173522282142,65.35
1591,钜丰源·粤宫1998,上城区,餐饮服务;中餐厅;海鲜酒楼|餐饮服务;中餐厅;广东菜(粤菜)|公司企业;公司;公司,4.7,277,0.8351663882570275,0.909090909090909,0.8160762942779292,0.13352304209930238,65.32
1592,忆香缘千衢菜妈妈味(东港路店),临平区,餐饮服务;快餐厅;快餐厅,4.4,87,0.9827270501008266,0.7727272727272727,0.9455040871934605,0.2297381116224701,65.3
1593,盱眙战友龙虾(余杭店),余杭区,餐饮服务;中餐厅;特色/地方风味餐厅,4.4,87,0.9827270501008266,0.7727272727272727,0.9455040871934605,0.2297381116224701,65.3
1594,蛮涮自助小火锅·糖水铺子集合店(工联CC店),上城区,餐饮服务;中餐厅;中餐厅,4.3,57,1.058997747002326,0.7272727272727271,0.9659400544959128,0.2794694581294835,65.26
1595,牛排家(杭州城北万象城店),余杭区,餐饮服务;外国餐厅;西餐厅(综合风味)|餐饮服务;外国餐厅;牛扒店(扒房),4.6,199,0.8682001627616722,0.8636363636363635,0.8692098092643051,0.15506229836762603,65.25
1596,钱塘串局烧烤,上城区,餐饮服务;中餐厅;中餐厅,4.4,88,0.980253163225733,0.7727272727272727,0.9448228882833788,0.22812504486941126,65.24
1597,壹恒·板前料理(杭州首店),拱墅区,餐饮服务;外国餐厅;日本料理,4.6,201,0.8665727243281353,0.8636363636363635,0.8678474114441417,0.1540011476512299,65.18
1598,BEROBELLO CAFE(迪凯城星国际店),上城区,餐饮服务;咖啡厅;咖啡厅,4.0,19,1.3352328027813363,0.5909090909090908,0.9918256130790191,0.45958504425126306,65.17
1599,BeanStar比星咖啡(庆春银泰百货店),上城区,餐饮服务;咖啡厅;咖啡厅,4.0,19,1.3352328027813363,0.5909090909090908,0.9918256130790191,0.45958504425126306,65.17
1600,潮Marée·潮州菜(杭州万象城店),上城区,餐饮服务;中餐厅;中餐厅,4.5,137,0.913287662365699,0.8181818181818181,0.9114441416893733,0.1844610341473512,65.14
1601,竹哩·环球美食(杭州中心店),拱墅区,餐饮服务;外国餐厅;日本料理,4.7,285,0.8309771578892583,0.909090909090909,0.8106267029972752,0.13079150724409722,65.1
1602,玺炖·中国铁锅炖(萧山万象汇店),萧山区,餐饮服务;中餐厅;中餐厅,4.4,91,0.9730662822965243,0.7727272727272727,0.9427792915531336,0.223438929751613,65.05
1603,虾客行小龙虾(西湖弄店),桐庐县,餐饮服务;中餐厅;中餐厅,4.4,91,0.9730662822965243,0.7727272727272727,0.9427792915531336,0.223438929751613,65.05
1604,西湖春天·粤府(深蓝广场店),拱墅区,餐饮服务;中餐厅;广东菜(粤菜),4.7,288,0.8294468910821887,0.909090909090909,0.80858310626703,0.129793716061871,65.02
1605,芙蓉霄·湘(杭州首店),上城区,餐饮服务;中餐厅;湖南菜(湘菜),4.4,92,0.9707453761680125,0.7727272727272727,0.9420980926430518,0.22192561216600953,64.98
1606,望江门小龙虾(杭州旗舰店),上城区,餐饮服务;中餐厅;中餐厅,4.4,92,0.9707453761680125,0.7727272727272727,0.9420980926430518,0.22192561216600953,64.98
1607,一和幸寿喜烧(工联CC店),上城区,餐饮服务;外国餐厅;日本料理,4.5,142,0.9067380374074561,0.8181818181818181,0.9080381471389646,0.18019043375268035,64.92
1608,一绪に寿喜烧放题(杭州嘉里中心店),拱墅区,餐饮服务;外国餐厅;日本料理,4.6,210,0.8595145620970094,0.8636363636363635,0.861716621253406,0.14939896193799124,64.89
1609,琂川.经典川菜.二十四味,萧山区,餐饮服务;中餐厅;四川菜(川菜),4.7,293,0.8269436151858146,0.909090909090909,0.8051771117166212,0.12816148656794085,64.88
1610,喜佑西餐厅(杭州临平inPARK店),临平区,餐饮服务;外国餐厅;外国餐厅,4.6,212,0.8580021117709989,0.8636363636363635,0.8603542234332425,0.14841278776765937,64.82
1611,周记羊骨烧烤龙虾火锅(留下店),西湖区,餐饮服务;中餐厅;特色/地方风味餐厅,4.4,95,0.9639930643821054,0.7727272727272727,0.9400544959128065,0.21752285238026886,64.8
1612,JUAN卷石西餐?和牛牛排,西湖区,餐饮服务;外国餐厅;外国餐厅,4.6,214,0.8565090359671239,0.8636363636363635,0.8589918256130791,0.14743924651026602,64.76
1613,皖碗鸡(善贤人家店),拱墅区,餐饮服务;中餐厅;中餐厅,4.3,62,1.0378614947298828,0.7272727272727271,0.9625340599455041,0.2656878312619852,64.76
1614,观雲宴,萧山区,餐饮服务;中餐厅;中餐厅,4.7,298,0.8244972412215964,0.909090909090909,0.8017711171662125,0.12656635926161258,64.75
1615,西隐,西湖区,餐饮服务;餐饮相关场所;餐饮相关|体育休闲服务;体育休闲服务场所;体育休闲服务场所,4.7,298,0.8244972412215964,0.909090909090909,0.8017711171662125,0.12656635926161258,64.75
1616,湖心居.潮宴,钱塘区,餐饮服务;中餐厅;中餐厅,4.7,298,0.8244972412215964,0.909090909090909,0.8017711171662125,0.12656635926161258,64.75
1617,余记烤鱼·烧烤,上城区,餐饮服务;中餐厅;特色/地方风味餐厅,4.4,96,0.9618093953204145,0.7727272727272727,0.9393732970027248,0.21609901849418495,64.74
1618,黑柴山烤房,滨江区,餐饮服务;中餐厅;中餐厅,4.5,148,0.8992902251275772,0.8181818181818181,0.9039509536784741,0.17533418163677023,64.68
1619,小南门阿坤龙虾馆(义蓬旗舰店),钱塘区,餐饮服务;中餐厅;海鲜酒楼,4.5,148,0.8992902251275772,0.8181818181818181,0.9039509536784741,0.17533418163677023,64.68
1620,嘟嘟宝私房菜馆,临安区,餐饮服务;中餐厅;中餐厅,4.4,97,0.9596578428241755,0.7727272727272727,0.9386920980926431,0.214696125809768,64.68
1621,羊老三火锅烧烤龙虾馆(杭州下沙宝龙广场店),钱塘区,餐饮服务;中餐厅;火锅店,4.4,97,0.9596578428241755,0.7727272727272727,0.9386920980926431,0.214696125809768,64.68
1622,竹哩(滨江店),滨江区,餐饮服务;外国餐厅;日本料理,4.8,397,0.8018104873743049,0.9545454545454544,0.7343324250681199,0.11177374738662132,64.67
1623,巡湘记·乡野湖南菜(杭州来福士店),上城区,餐饮服务;中餐厅;中餐厅,4.3,63,1.0339314459704239,0.7272727272727271,0.9618528610354223,0.26312529250744204,64.67
1624,皖北地锅鸡(乾南嘉苑店),临平区,餐饮服务;中餐厅;中餐厅,4.3,63,1.0339314459704239,0.7272727272727271,0.9618528610354223,0.26312529250744204,64.67
1625,麦当劳(杭州东站东广场店),上城区,餐饮服务;快餐厅;麦当劳,4.2,42,1.1166648598343785,0.6818181818181819,0.976158038147139,0.31707057214596585,64.6
1626,茶百道(杭州高德置地店),上城区,餐饮服务;冷饮店;冷饮店,3.9,15,1.4066276648667393,0.5454545454545454,0.9945504087193461,0.506137164127328,64.59
1627,铁锅年代地锅鸡(明珠路店),建德市,餐饮服务;中餐厅;安徽菜(徽菜),4.3,64,1.0300912977121799,0.7272727272727271,0.9611716621253406,0.260621372241502,64.58
1628,Sushi Hanzo半藏(杭州中心店),拱墅区,餐饮服务;外国餐厅;日本料理,4.6,220,0.8521417849644768,0.8636363636363635,0.8549046321525886,0.144591635544075,64.57
1629,喜禄顺德小馆(来福士店),上城区,餐饮服务;中餐厅;广东菜(粤菜),4.4,99,0.955447860187154,0.7727272727272727,0.9373297002724795,0.21195105969898348,64.56
1630,杭州明豪voco酒店·日月西餐厅·自助餐,滨江区,餐饮服务;餐饮相关场所;餐饮相关,4.4,99,0.955447860187154,0.7727272727272727,0.9373297002724795,0.21195105969898348,64.56
1631,喜久料理,拱墅区,餐饮服务;外国餐厅;日本料理,4.6,224,0.8493195580583666,0.8636363636363635,0.8521798365122616,0.14275143806468854,64.45
1632,庖云府·浙粤荟,西湖区,餐饮服务;中餐厅;中餐厅,4.6,225,0.8486247207365243,0.8636363636363635,0.8514986376021798,0.1422983781475467,64.42
1633,彩丰楼中餐厅(杭州奥克斯中心皇冠假日酒店店),余杭区,餐饮服务;餐饮相关场所;餐饮相关,4.6,225,0.8486247207365243,0.8636363636363635,0.8514986376021798,0.1422983781475467,64.42
1634,晨旭夜食烧烤·烤鱼(建国北路店),拱墅区,餐饮服务;中餐厅;中餐厅,4.4,102,0.9493543228038245,0.7727272727272727,0.9352861035422343,0.2079778454584585,64.39
1635,竹哩·栩(万科中心店),西湖区,餐饮服务;外国餐厅;日本料理|餐饮服务;冷饮店;冷饮店,4.8,411,0.7972066742638627,0.9545454545454544,0.7247956403269755,0.10877188907995589,64.34
1636,皖北地锅鸡(佳源名城店),临平区,餐饮服务;中餐厅;中餐厅,4.3,67,1.0190762288987296,0.7272727272727271,0.9591280653950953,0.25343913546886904,64.31
1637,牛排家(杭州万象城店),上城区,餐饮服务;外国餐厅;外国餐厅,4.7,318,0.8152375031817576,0.909090909090909,0.7881471389645777,0.12052866379361243,64.23
1638,胖子烧烤大油边,上城区,餐饮服务;中餐厅;特色/地方风味餐厅,4.3,68,1.0155625502880465,0.7272727272727271,0.9584468664850136,0.25114808562140484,64.22
1639,菲滋意式餐厅(杭州龙湖金沙天街店),钱塘区,餐饮服务;外国餐厅;意式菜品餐厅,4.3,68,1.0155625502880465,0.7272727272727271,0.9584468664850136,0.25114808562140484,64.22
1640,宴谭·精细江南菜,滨江区,餐饮服务;中餐厅;中餐厅,4.7,320,0.8143546645852392,0.909090909090909,0.7867847411444142,0.11995302001511216,64.18
1641,樨香(钱江新城店),上城区,餐饮服务;餐饮相关场所;餐饮相关,4.6,233,0.843213424604865,0.8636363636363635,0.8460490463215259,0.13877001071538392,64.18
1642,吉妈.新派广府食集·广式鸡煲,滨江区,餐饮服务;中餐厅;广东菜(粤菜),4.3,69,1.0121230588752632,0.7272727272727271,0.9577656675749319,0.24890540860118665,64.14
1643,醉玖兰亭·精细绍兴菜(杭州万象城店),上城区,餐饮服务;中餐厅;中餐厅,4.6,235,0.8419000006129285,0.8636363636363635,0.8446866485013624,0.13791360915741763,64.12
1644,寿司郎(杭州来福士店),上城区,餐饮服务;外国餐厅;日本料理,4.4,107,0.9397429902242391,0.7727272727272727,0.9318801089918256,0.2017108972027371,64.12
1645,大渔铁板烧(龙湖杭州滨江天街店),滨江区,餐饮服务;外国餐厅;日本料理,4.6,236,0.8412489770174824,0.8636363636363635,0.8440054495912807,0.13748911742829145,64.09
1646,Lapedrera巴特洛·西班牙餐厅(白沙泉店),西湖区,餐饮服务;外国餐厅;西餐厅(综合风味),4.6,237,0.8406016943079593,0.8636363636363635,0.8433242506811989,0.1370670648966768,64.06
1647,湘之荷·湖南会馆,西湖区,餐饮服务;中餐厅;湖南菜(湘菜),4.7,325,0.8121795999240595,0.909090909090909,0.7833787465940054,0.11853479651992133,64.05
1648,九井禅意料理(武林总店),拱墅区,餐饮服务;外国餐厅;日本料理,4.6,238,0.8399581146445522,0.8636363636363635,0.8426430517711172,0.13664742688960446,64.03
1649,月龍吟(朝龙汇D+PARK店),萧山区,餐饮服务;外国餐厅;日本料理,4.8,425,0.7928066870399267,0.9545454545454544,0.715258855585831,0.10590293287332003,64.01
1650,1点点(悦玺店),上城区,餐饮服务;餐饮相关场所;餐饮相关,3.9,16,1.3765288830725684,0.5454545454545454,0.9938692098092643,0.4865116328596903,63.99
1651,戒指龙虾(富阳店),富阳区,餐饮服务;中餐厅;综合酒楼,4.4,110,0.9342757795191373,0.7727272727272727,0.9298365122615804,0.19814607137777568,63.96
1652,牛排家(杭州亚奥万象天地店),萧山区,餐饮服务;外国餐厅;牛扒店(扒房),4.6,244,0.8361723489333386,0.8636363636363635,0.8385558583106267,0.1341789660779526,63.85
1653,大米先生(宝龙城店),滨江区,餐饮服务;快餐厅;快餐厅,4.1,32,1.1725986367609647,0.636363636363636,0.9829700272479565,0.35354148633433974,63.82
1654,新大陆龙虾工坊(白云小区店),桐庐县,餐饮服务;中餐厅;海鲜酒楼,4.4,113,0.9290151263597365,0.7727272727272727,0.9277929155313351,0.19471592879678873,63.81
1655,味里日本料理,上城区,餐饮服务;外国餐厅;日本料理,4.7,339,0.8063207839511358,0.909090909090909,0.773841961852861,0.11471462941634053,63.7
1656,临江鲜(江鲜·蒸菜·精致浙菜),上城区,餐饮服务;中餐厅;中餐厅,4.6,250,0.8325109363292847,0.8636363636363635,0.8344686648501363,0.131791588142328,63.68
1657,三只羊烧烤·烤鱼·龙虾馆,淳安县,餐饮服务;中餐厅;特色/地方风味餐厅,4.3,75,0.9929034327742056,0.7272727272727271,0.9536784741144414,0.23637349366927846,63.66
1658,达美乐比萨(文一路店),拱墅区,餐饮服务;快餐厅;快餐厅,4.3,75,0.9929034327742056,0.7272727272727271,0.9536784741144414,0.23637349366927846,63.66
1659,锦香来(钱江新城店),上城区,餐饮服务;中餐厅;浙江菜,4.6,251,0.8319122873624332,0.8636363636363635,0.8337874659400545,0.13140124662958413,63.65
1660,文兴酒家(博地中心店),萧山区,餐饮服务;中餐厅;中餐厅,4.6,253,0.8307246371956474,0.8636363636363635,0.832425068119891,0.1306268543089027,63.59
1661,大胡子烧烤·东北菜(武林门店),拱墅区,餐饮服务;中餐厅;东北菜,4.3,76,0.9899154272350001,0.7272727272727271,0.9529972752043596,0.23442520232185565,63.58
1662,味象餐厅,拱墅区,餐饮服务;中餐厅;中餐厅,4.6,254,0.830135575128738,0.8636363636363635,0.8317438692098093,0.13024276381342142,63.56
1663,阿罗哈咖啡西餐厅(近江北路店),上城区,餐饮服务;咖啡厅;咖啡厅|餐饮服务;甜品店;甜品店,4.2,50,1.0682060682049777,0.6818181818181819,0.970708446866485,0.2854736278969155,63.51
1664,極上萬膳·日料放题(来福士中心店),上城区,餐饮服务;中餐厅;中餐厅,4.7,349,0.8023307668512372,0.909090909090909,0.7670299727520435,0.11211298906132666,63.45
1665,月龍吟(星澜里店),滨江区,餐饮服务;外国餐厅;日本料理,4.8,451,0.785124227725511,0.9545454545454544,0.6975476839237057,0.10089368211631372,63.42
1666,龍码头·螃蟹王(杭州首店),拱墅区,餐饮服务;中餐厅;广东菜(粤菜)|餐饮服务;中餐厅;海鲜酒楼,4.7,350,0.801940186997741,0.909090909090909,0.7663487738419619,0.11185831639119276,63.42
1667,熹粤荟·岚廷,拱墅区,商务住宅;住宅区;住宅小区|餐饮服务;中餐厅;广东菜(粤菜),4.6,260,0.8266660310826747,0.8636363636363635,0.8276566757493188,0.1279804913524924,63.39
1668,杭州久泰饭店·遇见咖啡厅,上城区,餐饮服务;咖啡厅;咖啡厅,4.6,260,0.8266660310826747,0.8636363636363635,0.8276566757493188,0.1279804913524924,63.39
1669,皖北地锅鸡(余杭万达店),余杭区,餐饮服务;餐饮相关场所;餐饮相关,4.2,51,1.062956450964731,0.6818181818181819,0.9700272479564033,0.28205068114790305,63.39
1670,安徽地锅鸡,钱塘区,餐饮服务;中餐厅;安徽菜(徽菜),4.2,52,1.0578567247571387,0.6818181818181819,0.9693460490463215,0.27872546895732603,63.28
1671,奈雪的茶(杭州上城鑫亚钱江时代pure店),上城区,餐饮服务;休闲餐饮场所;休闲餐饮场所,4.0,24,1.2426698691192237,0.5909090909090908,0.9884196185286104,0.39923055013144176,63.28
1672,金湖小龙虾(滨江路店),桐庐县,餐饮服务;中餐厅;海鲜酒楼,4.4,124,0.9112912373540973,0.7727272727272727,0.920299727520436,0.18315929038387874,63.27
1673,luckin coffee 瑞幸咖啡(宋都·兴业商务大厦店),上城区,餐饮服务;咖啡厅;咖啡厅,3.8,13,1.4399080904218144,0.4999999999999998,0.9959128065395095,0.5278372461039984,63.23
1674,瑞幸咖啡(新侨创智中心店),上城区,餐饮服务;咖啡厅;咖啡厅,3.8,13,1.4399080904218144,0.4999999999999998,0.9959128065395095,0.5278372461039984,63.23
1675,皖员外地锅鸡(临江店),钱塘区,餐饮服务;中餐厅;中餐厅,4.2,53,1.0528996734437868,0.6818181818181819,0.9686648501362398,0.2754932861330925,63.16
1676,皖佬地锅鸡(江和城购物中心店),建德市,餐饮服务;中餐厅;中餐厅,4.2,53,1.0528996734437868,0.6818181818181819,0.9686648501362398,0.2754932861330925,63.16
1677,皖北地锅鸡(临平欣北店),临平区,餐饮服务;中餐厅;中餐厅,4.2,53,1.0528996734437868,0.6818181818181819,0.9686648501362398,0.2754932861330925,63.16
1678,皖北地锅鸡(南江路店),富阳区,餐饮服务;中餐厅;中餐厅,4.2,53,1.0528996734437868,0.6818181818181819,0.9686648501362398,0.2754932861330925,63.16
1679,大江户居酒屋(中山中路店),上城区,餐饮服务;外国餐厅;日本料理,4.6,271,0.8205783838956383,0.8636363636363635,0.8201634877384196,0.12401111774021328,63.09
1680,皖北地锅鸡(锦城街店),余杭区,餐饮服务;中餐厅;中餐厅,4.3,83,0.9704756922295988,0.7272727272727271,0.9482288828337875,0.2217497681533877,63.09
1681,兰湘子·湘菜小炒(杭州上城龙湖天街店),上城区,餐饮服务;中餐厅;湖南菜(湘菜),4.1,36,1.1354453629763153,0.636363636363636,0.9802452316076294,0.32931616248761325,63.02
1682,大渔臻选·棠膳(杭州万象城店),上城区,餐饮服务;外国餐厅;日本料理,4.6,274,0.8189758706583256,0.8636363636363635,0.8181198910081744,0.12296621918382794,63.01
1683,本逸·割烹料理(湖墅店),拱墅区,餐饮服务;外国餐厅;日本料理,4.7,368,0.7951550836618115,0.909090909090909,0.7540871934604905,0.10743417528860416,62.98
1684,龙井御庄·精致江南菜(黄龙店),西湖区,餐饮服务;中餐厅;中餐厅,4.7,368,0.7951550836618115,0.909090909090909,0.7540871934604905,0.10743417528860416,62.98
1685,藏山海·炭火烧肉放题(来福士店),上城区,餐饮服务;中餐厅;中餐厅,4.5,195,0.8525771588023902,0.8181818181818181,0.8719346049046321,0.1448755155671108,62.96
1686,玉玲珑餐厅,西湖区,餐饮服务;中餐厅;中餐厅,4.7,370,0.7944285793931418,0.909090909090909,0.7527247956403269,0.10696046733795178,62.94
1687,何记皖北地锅鸡(乔司店),临平区,餐饮服务;中餐厅;中餐厅,4.2,55,1.0433870932735705,0.6818181818181819,0.9673024523160763,0.26929072814110605,62.94
1688,柠檬向右(杭州来福士店),上城区,餐饮服务;冷饮店;冷饮店,3.9,18,1.3245307603909235,0.5454545454545454,0.9925068119891008,0.4526069124120102,62.94
1689,LINLEE·手打柠檬茶(上城尊宝大厦店),上城区,餐饮服务;休闲餐饮场所;休闲餐饮场所,3.9,18,1.3245307603909235,0.5454545454545454,0.9925068119891008,0.4526069124120102,62.94
1690,香隐钱塘(江景餐厅),上城区,餐饮服务;中餐厅;中餐厅,4.6,278,0.816875688257665,0.8636363636363635,0.8153950953678474,0.12159682172270253,62.9
1691,东北风,临平区,餐饮服务;中餐厅;东北菜,4.2,56,1.0388193771902159,0.6818181818181819,0.9666212534059946,0.2663124064459426,62.84
1692,月龍吟·黑金(瑞晶店),上城区,餐饮服务;中餐厅;中餐厅,4.8,481,0.7769574977350929,0.9545454545454544,0.6771117166212535,0.09556866876935005,62.75
1693,皖员外地锅鸡(益农店),萧山区,餐饮服务;中餐厅;安徽菜(徽菜),4.2,57,1.0343698924208766,0.6818181818181819,0.9659400544959128,0.26341117598875324,62.73
1694,云顶玺宴·现代潮粤菜,上城区,餐饮服务;中餐厅;中餐厅,4.7,380,0.7908730723220478,0.909090909090909,0.7459128065395095,0.10464214377013298,62.7
1695,KING KU卿古·烤肉大师(501城市广场店),上城区,餐饮服务;中餐厅;中餐厅,4.3,90,0.953255137693333,0.7272727272727271,0.9434604904632152,0.21052132263659934,62.63
1696,观炉·海鲜姿造·大事之选,萧山区,餐饮服务;中餐厅;火锅店|餐饮服务;中餐厅;海鲜酒楼,4.8,489,0.7748927777463395,0.9545454545454544,0.6716621253405994,0.09422239412689776,62.57
1697,鱼町刺身(西子铭苑南区店),拱墅区,餐饮服务;餐饮相关场所;餐饮相关,4.7,387,0.7884576060951881,0.909090909090909,0.7411444141689374,0.10306716946435096,62.53
1698,春日喜雨·泰式奶茶·老挝冰咖啡(钱江三苑店),上城区,餐饮服务;冷饮店;冷饮店,3.9,19,1.301851982711803,0.5454545454545454,0.9918256130790191,0.43781950129693353,62.48
1699,西溪芦庄,余杭区,餐饮服务;中餐厅;潮州菜,4.7,392,0.7867676249108525,0.909090909090909,0.7377384196185286,0.1019652385356607,62.41
1700,M Stand(杭州来福士中心店),上城区,餐饮服务;咖啡厅;咖啡厅,4.1,40,1.104058283064003,0.636363636363636,0.9775204359673024,0.3088506126713006,62.34
1701,CHAGEE霸王茶姬(西子国际店),上城区,餐饮服务;休闲餐饮场所;休闲餐饮场所,3.9,20,1.2809890811368991,0.5454545454545454,0.9911444141689373,0.4242161093061248,62.05
1702,竹哩·井原里,上城区,餐饮服务;外国餐厅;日本料理,4.7,410,0.780913384988322,0.909090909090909,0.7254768392370572,0.09814805518805664,61.99
1703,巷子里头烧烤,上城区,餐饮服务;中餐厅;特色/地方风味餐厅,4.1,43,1.0834552167394262,0.636363636363636,0.9754768392370572,0.2954166429801915,61.89
1704,新疆兄弟烧烤(凯旋路店),上城区,餐饮服务;餐饮相关场所;餐饮相关,4.2,67,0.9953767817150383,0.6818181818181819,0.9591280653950953,0.2379862096690833,61.8
1705,福宴(星光大道店),滨江区,餐饮服务;中餐厅;中餐厅,4.7,419,0.7781128817672042,0.909090909090909,0.7193460490463215,0.09632202236363802,61.78
1706,竹哩(山泽里店)(暂停营业),滨江区,餐饮服务;外国餐厅;日本料理,4.7,424,0.7765913338047015,0.909090909090909,0.7159400544959128,0.09532991619410897,61.67
1707,老房荟馆·粤式火锅(杭州万象城店),上城区,餐饮服务;中餐厅;火锅店,4.7,425,0.7762898810599284,0.909090909090909,0.715258855585831,0.09513335773175263,61.64
1708,本逸·篹·和牛烧肉(黄龙店),西湖区,餐饮服务;餐饮相关场所;餐饮相关,4.6,328,0.79364288587231,0.8636363636363635,0.7813351498637602,0.10644816578151967,61.59
1709,亮小皖炒鸡店,上城区,餐饮服务;中餐厅;中餐厅,4.4,168,0.8577167395528162,0.7727272727272727,0.8903269754768393,0.14822671440996799,61.48
1710,M Stand(杭州时尚中心店),上城区,餐饮服务;餐饮相关场所;餐饮相关,4.1,46,1.0648942389063132,0.636363636363636,0.973433242506812,0.28331419134900154,61.47
1711,席作·福建会馆(杭州高德置地广场店),上城区,餐饮服务;中餐厅;福建菜,4.7,441,0.771591019171211,0.909090909090909,0.7043596730245232,0.092069524067322,61.28
1712,MINI-CO小咖咖啡(杭州尊宝大厦店),上城区,餐饮服务;咖啡厅;咖啡厅,3.8,16,1.3412332706860923,0.4999999999999998,0.9938692098092643,0.4634975737114439,61.25
1713,西湖一号(No.1 WEST LAKE),上城区,餐饮服务;餐饮相关场所;餐饮相关,4.7,443,0.7710195645992652,0.909090909090909,0.7029972752043596,0.09169691431698551,61.23
1714,星巴克(杭州万象城二店),上城区,餐饮服务;咖啡厅;星巴克咖啡,4.0,32,1.1439986700106974,0.5909090909090908,0.9829700272479565,0.33489323852321157,61.21
1715,黑牛的店(杭州万象城店),上城区,餐饮服务;外国餐厅;日本料理,4.5,253,0.8126654059522638,0.8181818181818181,0.832425068119891,0.11885156021692839,61.19
1716,东富酒家(平安金融中心店),上城区,餐饮服务;中餐厅;中餐厅,4.7,450,0.7690460799194033,0.909090909090909,0.6982288828337875,0.09041012850765645,61.08
1717,东富酒家(杭州大厦购物城D座店),拱墅区,餐饮服务;中餐厅;中餐厅,4.6,350,0.7848776298275761,0.8636363636363635,0.7663487738419619,0.1007328910653818,61.04
1718,鼎库港味海鲜火锅(圣奥中央商务大厦店),上城区,餐饮服务;中餐厅;火锅店,4.7,452,0.7684896828733376,0.909090909090909,0.6968664850136239,0.0900473368272669,61.03
1719,Kōyō izakaya·日法融合料理,拱墅区,餐饮服务;外国餐厅;日本料理,4.6,351,0.7844968181394517,0.8636363636363635,0.7656675749318801,0.10048458760434881,61.02
1720,伍味徽菜馆,余杭区,餐饮服务;中餐厅;安徽菜(徽菜),4.1,50,1.0427725903905731,0.636363636363636,0.970708446866485,0.26889004928218113,60.97
1721,洪泽湖龙虾馆,富阳区,餐饮服务;中餐厅;海鲜酒楼,4.1,50,1.0427725903905731,0.636363636363636,0.970708446866485,0.26889004928218113,60.97
1722,何记皖北地锅鸡(塘栖店),临平区,餐饮服务;中餐厅;安徽菜(徽菜),4.3,123,0.892064071668035,0.7272727272727271,0.9209809264305178,0.17062245936060633,60.87
1723,椿湘现炒下饭菜(西溪印象城B座店),余杭区,餐饮服务;中餐厅;中餐厅,4.1,52,1.0326696598819685,0.636363636363636,0.9693460490463215,0.26230256079353437,60.74
1724,豚虎现烤日式烧肉丼(万泰城店),上城区,餐饮服务;外国餐厅;日本料理,4.1,52,1.0326696598819685,0.636363636363636,0.9693460490463215,0.26230256079353437,60.74
1725,淮南黄牛汤,临平区,餐饮服务;中餐厅;中餐厅,3.7,13,1.4020157722528195,0.4545454545454546,0.9959128065395095,0.5031300376822638,60.45
1726,瑞幸咖啡(杭州太平金融大厦店),上城区,餐饮服务;咖啡厅;咖啡厅,3.7,13,1.4020157722528195,0.4545454545454546,0.9959128065395095,0.5031300376822638,60.45
1727,T9九天时尚中心瑞幸咖啡,上城区,餐饮服务;咖啡厅;咖啡厅,3.7,13,1.4020157722528195,0.4545454545454546,0.9959128065395095,0.5031300376822638,60.45
1728,东富酒家(湘湖越界店),萧山区,餐饮服务;中餐厅;广东菜(粤菜),4.7,480,0.7610267181016527,0.909090909090909,0.6777929155313351,0.08518120472007484,60.41
1729,江西香辣馆(朝阳店),临平区,餐饮服务;中餐厅;安徽菜(徽菜),4.1,55,1.0185445434337235,0.636363636363636,0.9673024523160763,0.2530924566634149,60.41
1730,上房火鍋(杭州来福士中心店),上城区,餐饮服务;中餐厅;火锅店,4.7,487,0.7592504891682894,0.909090909090909,0.673024523160763,0.08402303703380143,60.26
1731,加奈日本料理(庆丰公寓店),西湖区,餐饮服务;外国餐厅;日本料理,4.6,384,0.7726880528310069,0.8636363636363635,0.7431880108991826,0.09278483103686003,60.23
1732,徽州小锅菜(乐富海邦园分店),余杭区,餐饮服务;中餐厅;中餐厅,3.8,18,1.2905684332014127,0.4999999999999998,0.9925068119891008,0.4304622050701145,60.23
1733,贡茶(双菱路店),上城区,餐饮服务;冷饮店;冷饮店,3.8,18,1.2905684332014127,0.4999999999999998,0.9925068119891008,0.4304622050701145,60.23
1734,粤榕轩·君宴,上城区,餐饮服务;中餐厅;中餐厅,4.7,498,0.7565263156172235,0.909090909090909,0.6655313351498637,0.08224677400858926,60.01
1735,西溪良辰·精致潮汕菜,余杭区,餐饮服务;中餐厅;广东菜(粤菜),4.7,500,0.756039537261304,0.909090909090909,0.6641689373297003,0.08192937631755187,59.97
1736,虾老大深夜食堂·焗海鲜·小龙虾(八方城店),余杭区,餐饮服务;中餐厅;中餐厅,4.2,93,0.9244392453666674,0.6818181818181819,0.94141689373297,0.1917322832751664,59.97
1737,西湖国宾馆紫薇厅,西湖区,餐饮服务;中餐厅;中餐厅,4.7,503,0.7553141653106202,0.909090909090909,0.662125340599455,0.08145640668056914,59.91
1738,MONET莫奈·法餐厅(武林路店),拱墅区,餐饮服务;外国餐厅;西餐厅(综合风味),4.4,216,0.817859470330675,0.7727272727272727,0.8576294277929155,0.12223828442263612,59.88
1739,贡茶(杭州店),拱墅区,餐饮服务;餐饮相关场所;餐饮相关,3.7,14,1.3662966803547638,0.4545454545454546,0.9952316076294278,0.4798398540565371,59.73
1740,味巴哥·现烤肉脯(杭州大厦501店),上城区,餐饮服务;餐饮相关场所;餐饮相关,4.0,41,1.070185545676216,0.5909090909090908,0.9768392370572208,0.2867643212303213,59.61
1741,杭台荟·台州海鲜(杭州来福士中心店),上城区,餐饮服务;中餐厅;海鲜酒楼,4.6,414,0.7630702504143688,0.8636363636363635,0.7227520435967303,0.08651366420544199,59.53
1742,雍容荟帝王蟹活龙虾展台自助(杭州万象城黑金店),上城区,餐饮服务;中餐厅;中餐厅,4.7,527,0.7497093340575368,0.909090909090909,0.6457765667574932,0.0778018471120312,59.39
1743,何记皖北地锅鸡(成虎路店),萧山区,餐饮服务;中餐厅;中餐厅,4.1,66,0.9751010052653669,0.636363636363636,0.9598092643051771,0.22476564521535097,59.37
1744,勇日本料理(万科金色城品店),上城区,餐饮服务;外国餐厅;日本料理,4.6,431,0.7580219833149511,0.8636363636363635,0.7111716621253406,0.08322200527769774,59.14
1745,串意十足烧烤店(解放路店),上城区,餐饮服务;餐饮相关场所;餐饮相关,4.0,45,1.0447570262568968,0.5909090909090908,0.9741144414168937,0.2701839756746008,59.05
1746,老乡鸡(杭州东站店),上城区,餐饮服务;餐饮相关场所;餐饮相关,4.0,46,1.0389212086890862,0.5909090909090908,0.973433242506812,0.2663788043911744,58.92
1747,库迪咖啡(杭州财富金融中心店),上城区,餐饮服务;咖啡厅;咖啡厅,3.5,9,1.5200306866613813,0.36363636363636354,0.9986376021798365,0.5800801750204261,58.73
1748,库迪咖啡(杭州钱塘航空大厦店),上城区,餐饮服务;咖啡厅;咖啡厅,3.5,9,1.5200306866613813,0.36363636363636354,0.9986376021798365,0.5800801750204261,58.73
1749,皖北地锅灶(七格小区店),钱塘区,餐饮服务;中餐厅;中餐厅,4.0,48,1.0277966847395015,0.5909090909090908,0.9720708446866485,0.25912519877672907,58.67
1750,东北烧烤·烤全羊(五福天虹购物中心B座店),上城区,餐饮服务;中餐厅;东北菜,4.0,48,1.0277966847395015,0.5909090909090908,0.9720708446866485,0.25912519877672907,58.67
1751,西子火锅(来福士店),上城区,餐饮服务;中餐厅;火锅店,4.7,569,0.7406664568762473,0.909090909090909,0.61716621253406,0.071905553033273,58.5
1752,望江门烧烤(秋涛北路店),上城区,餐饮服务;中餐厅;特色/地方风味餐厅,4.1,81,0.9303973704577008,0.636363636363636,0.9495912806539509,0.19561720363739904,58.24
1753,丛芸山·中国茶GELATO(杭州万象城店),上城区,餐饮服务;冷饮店;冷饮店,3.9,35,1.0883157217749322,0.5454545454545454,0.9809264305177112,0.298585874020941,58.03
1754,茶百道(杭州尊宝大厦店(新))(暂停营业),上城区,餐饮服务;冷饮店;冷饮店,3.7,17,1.2801121481664164,0.4545454545454546,0.9931880108991825,0.4236443162166395,57.99
1755,湖上牧云(杭州来福士中心店),上城区,餐饮服务;中餐厅;中餐厅,4.6,518,0.735775866994074,0.8636363636363635,0.6519073569482289,0.06871670554747966,57.22
1756,杭州柏悦酒店悦轩中餐厅,上城区,餐饮服务;中餐厅;中餐厅,4.7,631,0.7288076617139403,0.909090909090909,0.5749318801089918,0.06417317513020976,57.21
1757,Manner Coffee,上城区,餐饮服务;咖啡厅;咖啡厅,3.7,19,1.2350903425727362,0.4545454545454546,0.9918256130790191,0.39428841538827447,57.08
1758,安徽饭店(坎红路),萧山区,餐饮服务;中餐厅;安徽菜(徽菜),3.9,41,1.0434309070343104,0.5454545454545454,0.9768392370572208,0.26931929635151514,57.05
1759,沪上阿姨鲜果茶(杭州师范大学下沙店),上城区,餐饮服务;餐饮相关场所;餐饮相关,3.6,14,1.3293697430478784,0.40909090909090895,0.9952316076294278,0.45576211005711936,56.96
1760,农家大灶台(松乔街店),钱塘区,餐饮服务;中餐厅;中餐厅,4.0,66,0.9513180539174313,0.5909090909090908,0.9598092643051771,0.20925827157785665,56.86
1761,安和隐世·拾璞,滨江区,餐饮服务;中餐厅;广东菜(粤菜),4.6,538,0.7313526260671914,0.8636363636363635,0.638283378746594,0.06583258705695516,56.8
1762,玲姐·海鲜火锅(满觉陇店),西湖区,餐饮服务;中餐厅;火锅店,4.7,657,0.7242797923227399,0.909090909090909,0.5572207084468666,0.06122083496838987,56.68
1763,望江门小龙虾(西湖国贸店),上城区,餐饮服务;中餐厅;海鲜酒楼,4.1,110,0.8705751581882869,0.636363636363636,0.9298365122615804,0.15661088419825092,56.58
1764,观言·鎏金(杭州湖滨in77A区北区店),上城区,餐饮服务;中餐厅;潮州菜,4.6,554,0.7279669587179985,0.8636363636363635,0.6273841961852862,0.06362500533893778,56.46
1765,喜鹤楟日料(来福士康莱德酒店),上城区,餐饮服务;餐饮相关场所;餐饮相关,4.6,568,0.7251082437264605,0.8636363636363635,0.6178474114441417,0.061761016263387924,56.16
1766,瑞四季·新潮粤菜(杭州来福士中心店),上城区,餐饮服务;餐饮相关场所;餐饮相关,4.6,587,0.7213732119290248,0.8636363636363635,0.6049046321525886,0.05932563586070355,55.77
1767,俊小橙臻牛鲜生(月季公寓店),上城区,餐饮服务;中餐厅;火锅店,3.9,51,0.9870309901815357,0.5454545454545454,0.9700272479564033,0.23254444150005843,55.77
1768,姨妈热饮(钱江新城三苑店),上城区,餐饮服务;餐饮相关场所;餐饮相关,3.7,23,1.164234527643262,0.4545454545454546,0.989100817438692,0.3480877744154341,55.62
1769,东富酒家(黄龙店),西湖区,餐饮服务;中餐厅;中餐厅,4.5,489,0.7264619791371933,0.8181818181818181,0.6716621253405994,0.06264370237384675,55.49
1770,Yes Lemon就是柠·手打柠檬茶(杭州大厦501店),上城区,餐饮服务;冷饮店;冷饮店,3.6,17,1.245514522540297,0.40909090909090895,0.9931880108991825,0.4010853705372191,55.27
1771,李记羊庄·烤全羊(五福天虹购物中心B座店),上城区,餐饮服务;中餐厅;中餐厅,4.0,94,0.8783724495007438,0.5909090909090908,0.9407356948228883,0.16169500971209932,54.96
1772,瑞幸咖啡(远洋大厦店),上城区,餐饮服务;咖啡厅;咖啡厅,3.5,13,1.326231135914829,0.36363636363636354,0.9959128065395095,0.4537156208387943,54.87
1773,老乾杯(杭州万象城店),上城区,餐饮服务;外国餐厅;日本料理,4.6,640,0.711740528286511,0.8636363636363635,0.5688010899182561,0.053044765913534186,54.68
1774,安徽香辣馆(世茂店),钱塘区,餐饮服务;中餐厅;中餐厅,4.0,105,0.8577360868828099,0.5909090909090908,0.9332425068119891,0.14823932959261338,54.37
1775,千岛湖明豪国际度假酒店·日月西餐厅,淳安县,餐饮服务;中餐厅;中餐厅,4.1,165,0.8020363447147654,0.636363636363636,0.8923705722070845,0.11192101481849098,54.3
1776,西子火锅·西湖湖景餐厅(西湖店),西湖区,餐饮服务;中餐厅;火锅店,4.7,800,0.7029760321385196,0.909090909090909,0.4598092643051772,0.047329986678488534,53.82
1777,杭州康莱德酒店·里安(新业路店),上城区,餐饮服务;中餐厅;浙江菜,4.6,703,0.7015640532792661,0.8636363636363635,0.5258855585831063,0.04640932366159228,53.4
1778,西西弗矢量咖啡(杭州万象城店),上城区,餐饮服务;咖啡厅;咖啡厅,3.8,54,0.9482615555910049,0.4999999999999998,0.967983651226158,0.20726532037189188,52.92
1779,云端37号·顶层江景餐厅,上城区,餐饮服务;中餐厅;中餐厅,4.6,784,0.6901017502118093,0.8636363636363635,0.47070844686648505,0.038935473431112866,51.8
1780,大俺徽地锅鸡(乐创城店),萧山区,餐饮服务;中餐厅;中餐厅,3.8,81,0.8623195140827471,0.4999999999999998,0.9495912806539509,0.15122789552330257,50.78
1781,大连海鲜烧烤(五福天虹购物中心B座店),上城区,餐饮服务;中餐厅;中餐厅,3.7,51,0.9364140163260725,0.4545454545454546,0.9700272479564033,0.1995402817348289,50.69
1782,李记烧烤龙虾馆(清泰商务楼店),上城区,餐饮服务;中餐厅;特色/地方风味餐厅,3.8,88,0.8465822773313146,0.4999999999999998,0.9448228882833788,0.14096662867059323,50.35
1783,蔚来咖啡(钱江新城店),上城区,餐饮服务;咖啡厅;咖啡厅,3.6,41,0.9631669911085943,0.40909090909090895,0.9768392370572208,0.21698422171509718,49.34
1784,沪上阿姨鲜果茶(杭州庆春广场店),上城区,餐饮服务;冷饮店;冷饮店,3.3,14,1.2185889311272216,0.2727272727272725,0.9952316076294278,0.383528878058866,48.66
1785,鮨冠omakase(杭州首店),上城区,餐饮服务;外国餐厅;日本料理,4.6,1020,0.6639207464438025,0.8636363636363635,0.30994550408719357,0.021864479941048454,47.27
1786,蚝宅·海鲜龙虾烧烤(五福天虹购物中心B座店),上城区,餐饮服务;中餐厅;海鲜酒楼,3.7,110,0.78564099641382,0.4545454545454546,0.9298365122615804,0.10123063462555143,46.74
1787,徽馆.无为土菜馆(万和店),萧山区,餐饮服务;中餐厅;安徽菜(徽菜),3.6,85,0.8081992176559544,0.40909090909090895,0.946866485013624,0.11593943843552951,45.56
1788,可劲造脆皮烤猪肘(丰平商业中心店),上城区,餐饮服务;餐饮相关场所;餐饮相关,3.5,55,0.869489244394642,0.36363636363636354,0.9673024523160763,0.15590282779726844,45.22
1789,靓小串·花甲螺蛳王(天虹店),上城区,餐饮服务;中餐厅;特色/地方风味餐厅,3.6,104,0.7735347379738958,0.40909090909090895,0.9339237057220708,0.09333690141164269,44.56
1790,蒸小皖(杭州东站店),上城区,餐饮服务;中餐厅;中餐厅,3.4,44,0.8931708574471344,0.3181818181818181,0.9747956403269755,0.17134412507660873,43.83
1791,巴芬港海鲜姿造(来福士店),上城区,餐饮服务;中餐厅;海鲜酒楼,4.7,1450,0.6456036637235896,0.909090909090909,0.017029972752043654,0.009921057043877746,41.63
1792,1点点(万泰城店),上城区,餐饮服务;冷饮店;冷饮店,3.0,17,1.0379287687835808,0.13636363636363624,0.9931880108991825,0.2657316964606959,38.94
1793,AmbréCiel珀·餐厅,西湖区,餐饮服务;外国餐厅;法式菜品餐厅,4.6,1475,0.630388191232223,0.8636363636363635,1.1102230246251565e-16,0.0,38.86
1794,点喝呦奶茶鲜果饮(近江北路店),上城区,餐饮服务;冷饮店;冷饮店,2.7,17,0.9341358919052227,0.0,0.9931880108991825,0.19805485942243434,30.77
